id,user_id,department_id,full_name,email,gano,entry_year,approval_status,is_assigned
1,2001,1,YZVM Ogrenci 0001,ogrenci1@case.local,4.00,2023,approved,0
2,2002,1,YZVM Ogrenci 0002,ogrenci2@case.local,3.98,2024,approved,0
3,2003,1,YZVM Ogrenci 0003,ogrenci3@case.local,3.96,2023,approved,0
4,2004,1,YZVM Ogrenci 0004,ogrenci4@case.local,3.94,2024,approved,0
5,2005,1,YZVM Ogrenci 0005,ogrenci5@case.local,3.92,2023,approved,0
6,2006,1,YZVM Ogrenci 0006,ogrenci6@case.local,3.90,2024,approved,0
7,2007,1,YZVM Ogrenci 0007,ogrenci7@case.local,3.88,2023,approved,0
8,2008,1,YZVM Ogrenci 0008,ogrenci8@case.local,3.86,2024,approved,0
9,2009,1,YZVM Ogrenci 0009,ogrenci9@case.local,3.84,2023,approved,0
10,2010,1,YZVM Ogrenci 0010,ogrenci10@case.local,3.82,2024,approved,0
11,2011,1,YZVM Ogrenci 0011,ogrenci11@case.local,3.80,2023,approved,0
12,2012,1,YZVM Ogrenci 0012,ogrenci12@case.local,3.78,2024,approved,0
13,2013,1,YZVM Ogrenci 0013,ogrenci13@case.local,3.76,2023,approved,0
14,2014,1,YZVM Ogrenci 0014,ogrenci14@case.local,3.74,2024,approved,0
15,2015,1,YZVM Ogrenci 0015,ogrenci15@case.local,3.72,2023,approved,0
16,2016,1,YZVM Ogrenci 0016,ogrenci16@case.local,3.70,2024,approved,0
17,2017,1,YZVM Ogrenci 0017,ogrenci17@case.local,3.68,2023,approved,0
18,2018,1,YZVM Ogrenci 0018,ogrenci18@case.local,3.66,2024,approved,0
19,2019,1,YZVM Ogrenci 0019,ogrenci19@case.local,3.64,2023,approved,0
20,2020,1,YZVM Ogrenci 0020,ogrenci20@case.local,3.62,2024,approved,0
21,2021,1,YZVM Ogrenci 0021,ogrenci21@case.local,3.60,2023,approved,0
22,2022,1,YZVM Ogrenci 0022,ogrenci22@case.local,3.58,2024,approved,0
23,2023,1,YZVM Ogrenci 0023,ogrenci23@case.local,3.56,2023,approved,0
24,2024,1,YZVM Ogrenci 0024,ogrenci24@case.local,3.54,2024,approved,0
25,2025,1,YZVM Ogrenci 0025,ogrenci25@case.local,3.52,2023,approved,0
26,2026,1,YZVM Ogrenci 0026,ogrenci26@case.local,3.50,2024,approved,0
27,2027,1,YZVM Ogrenci 0027,ogrenci27@case.local,3.48,2023,approved,0
28,2028,1,YZVM Ogrenci 0028,ogrenci28@case.local,3.46,2024,approved,0
29,2029,1,YZVM Ogrenci 0029,ogrenci29@case.local,3.44,2023,approved,0
30,2030,1,YZVM Ogrenci 0030,ogrenci30@case.local,3.42,2024,approved,0
31,2031,1,YZVM Ogrenci 0031,ogrenci31@case.local,3.40,2023,approved,0
32,2032,1,YZVM Ogrenci 0032,ogrenci32@case.local,3.38,2024,approved,0
33,2033,1,YZVM Ogrenci 0033,ogrenci33@case.local,3.36,2023,approved,0
34,2034,1,YZVM Ogrenci 0034,ogrenci34@case.local,3.34,2024,approved,0
35,2035,1,YZVM Ogrenci 0035,ogrenci35@case.local,3.32,2023,approved,0
36,2036,1,YZVM Ogrenci 0036,ogrenci36@case.local,3.30,2024,approved,0
37,2037,1,YZVM Ogrenci 0037,ogrenci37@case.local,3.28,2023,approved,0
38,2038,1,YZVM Ogrenci 0038,ogrenci38@case.local,3.26,2024,approved,0
39,2039,1,YZVM Ogrenci 0039,ogrenci39@case.local,3.24,2023,approved,0
40,2040,1,YZVM Ogrenci 0040,ogrenci40@case.local,3.22,2024,approved,0
41,2041,1,YZVM Ogrenci 0041,ogrenci41@case.local,3.20,2023,approved,0
42,2042,1,YZVM Ogrenci 0042,ogrenci42@case.local,3.18,2024,approved,0
43,2043,1,YZVM Ogrenci 0043,ogrenci43@case.local,3.16,2023,approved,0
44,2044,1,YZVM Ogrenci 0044,ogrenci44@case.local,3.14,2024,approved,0
45,2045,1,YZVM Ogrenci 0045,ogrenci45@case.local,3.12,2023,approved,0
46,2046,1,YZVM Ogrenci 0046,ogrenci46@case.local,3.10,2024,approved,0
47,2047,1,YZVM Ogrenci 0047,ogrenci47@case.local,3.08,2023,approved,0
48,2048,1,YZVM Ogrenci 0048,ogrenci48@case.local,3.06,2024,approved,0
49,2049,1,YZVM Ogrenci 0049,ogrenci49@case.local,3.04,2023,approved,0
50,2050,1,YZVM Ogrenci 0050,ogrenci50@case.local,3.02,2024,approved,0
51,2051,1,YZVM Ogrenci 0051,ogrenci51@case.local,3.00,2023,approved,0
52,2052,1,YZVM Ogrenci 0052,ogrenci52@case.local,2.98,2024,approved,0
53,2053,1,YZVM Ogrenci 0053,ogrenci53@case.local,2.96,2023,approved,0
54,2054,1,YZVM Ogrenci 0054,ogrenci54@case.local,2.94,2024,approved,0
55,2055,1,YZVM Ogrenci 0055,ogrenci55@case.local,2.92,2023,approved,0
56,2056,1,YZVM Ogrenci 0056,ogrenci56@case.local,2.90,2024,approved,0
57,2057,1,YZVM Ogrenci 0057,ogrenci57@case.local,2.88,2023,approved,0
58,2058,1,YZVM Ogrenci 0058,ogrenci58@case.local,2.86,2024,approved,0
59,2059,1,YZVM Ogrenci 0059,ogrenci59@case.local,2.84,2023,approved,0
60,2060,1,YZVM Ogrenci 0060,ogrenci60@case.local,2.82,2024,approved,0
61,2061,1,YZVM Ogrenci 0061,ogrenci61@case.local,2.80,2023,approved,0
62,2062,1,YZVM Ogrenci 0062,ogrenci62@case.local,2.78,2024,approved,0
63,2063,1,YZVM Ogrenci 0063,ogrenci63@case.local,2.76,2023,approved,0
64,2064,1,YZVM Ogrenci 0064,ogrenci64@case.local,2.74,2024,approved,0
65,2065,1,YZVM Ogrenci 0065,ogrenci65@case.local,2.72,2023,approved,0
66,2066,1,YZVM Ogrenci 0066,ogrenci66@case.local,2.70,2024,approved,0
67,2067,1,YZVM Ogrenci 0067,ogrenci67@case.local,2.68,2023,approved,0
68,2068,1,YZVM Ogrenci 0068,ogrenci68@case.local,2.66,2024,approved,0
69,2069,1,YZVM Ogrenci 0069,ogrenci69@case.local,2.64,2023,approved,0
70,2070,1,YZVM Ogrenci 0070,ogrenci70@case.local,2.62,2024,approved,0
71,2071,1,YZVM Ogrenci 0071,ogrenci71@case.local,2.60,2023,approved,0
72,2072,1,YZVM Ogrenci 0072,ogrenci72@case.local,2.58,2024,approved,0
73,2073,1,YZVM Ogrenci 0073,ogrenci73@case.local,2.56,2023,approved,0
74,2074,1,YZVM Ogrenci 0074,ogrenci74@case.local,2.54,2024,approved,0
75,2075,1,YZVM Ogrenci 0075,ogrenci75@case.local,2.52,2023,approved,0
76,2076,1,YZVM Ogrenci 0076,ogrenci76@case.local,2.50,2024,approved,0
77,2077,1,YZVM Ogrenci 0077,ogrenci77@case.local,2.48,2023,approved,0
78,2078,1,YZVM Ogrenci 0078,ogrenci78@case.local,2.46,2024,approved,0
79,2079,1,YZVM Ogrenci 0079,ogrenci79@case.local,2.44,2023,approved,0
80,2080,1,YZVM Ogrenci 0080,ogrenci80@case.local,2.42,2024,approved,0
81,2081,1,YZVM Ogrenci 0081,ogrenci81@case.local,2.40,2023,approved,0
82,2082,1,YZVM Ogrenci 0082,ogrenci82@case.local,2.38,2024,approved,0
83,2083,1,YZVM Ogrenci 0083,ogrenci83@case.local,2.36,2023,approved,0
84,2084,1,YZVM Ogrenci 0084,ogrenci84@case.local,2.34,2024,approved,0
85,2085,1,YZVM Ogrenci 0085,ogrenci85@case.local,2.32,2023,approved,0
86,2086,1,YZVM Ogrenci 0086,ogrenci86@case.local,2.30,2024,approved,0
87,2087,1,YZVM Ogrenci 0087,ogrenci87@case.local,2.28,2023,approved,0
88,2088,1,YZVM Ogrenci 0088,ogrenci88@case.local,2.26,2024,approved,0
89,2089,1,YZVM Ogrenci 0089,ogrenci89@case.local,2.24,2023,approved,0
90,2090,1,YZVM Ogrenci 0090,ogrenci90@case.local,2.22,2024,approved,0
91,2091,1,YZVM Ogrenci 0091,ogrenci91@case.local,4.00,2023,approved,0
92,2092,1,YZVM Ogrenci 0092,ogrenci92@case.local,3.98,2024,approved,0
93,2093,1,YZVM Ogrenci 0093,ogrenci93@case.local,3.96,2023,approved,0
94,2094,1,YZVM Ogrenci 0094,ogrenci94@case.local,3.94,2024,approved,0
95,2095,1,YZVM Ogrenci 0095,ogrenci95@case.local,3.92,2023,approved,0
96,2096,1,YZVM Ogrenci 0096,ogrenci96@case.local,3.90,2024,approved,0
97,2097,1,YZVM Ogrenci 0097,ogrenci97@case.local,3.88,2023,approved,0
98,2098,1,YZVM Ogrenci 0098,ogrenci98@case.local,3.86,2024,approved,0
99,2099,1,YZVM Ogrenci 0099,ogrenci99@case.local,3.84,2023,approved,0
100,2100,1,YZVM Ogrenci 0100,ogrenci100@case.local,3.82,2024,approved,0
101,2101,1,YZVM Ogrenci 0101,ogrenci101@case.local,3.80,2023,approved,0
102,2102,1,YZVM Ogrenci 0102,ogrenci102@case.local,3.78,2024,approved,0
103,2103,1,YZVM Ogrenci 0103,ogrenci103@case.local,3.76,2023,approved,0
104,2104,1,YZVM Ogrenci 0104,ogrenci104@case.local,3.74,2024,approved,0
105,2105,1,YZVM Ogrenci 0105,ogrenci105@case.local,3.72,2023,approved,0
106,2106,1,YZVM Ogrenci 0106,ogrenci106@case.local,3.70,2024,approved,0
107,2107,1,YZVM Ogrenci 0107,ogrenci107@case.local,3.68,2023,approved,0
108,2108,1,YZVM Ogrenci 0108,ogrenci108@case.local,3.66,2024,approved,0
109,2109,1,YZVM Ogrenci 0109,ogrenci109@case.local,3.64,2023,approved,0
110,2110,1,YZVM Ogrenci 0110,ogrenci110@case.local,3.62,2024,approved,0
111,2111,1,YZVM Ogrenci 0111,ogrenci111@case.local,3.60,2023,approved,0
112,2112,1,YZVM Ogrenci 0112,ogrenci112@case.local,3.58,2024,approved,0
113,2113,1,YZVM Ogrenci 0113,ogrenci113@case.local,3.56,2023,approved,0
114,2114,1,YZVM Ogrenci 0114,ogrenci114@case.local,3.54,2024,approved,0
115,2115,1,YZVM Ogrenci 0115,ogrenci115@case.local,3.52,2023,approved,0
116,2116,1,YZVM Ogrenci 0116,ogrenci116@case.local,3.50,2024,approved,0
117,2117,1,YZVM Ogrenci 0117,ogrenci117@case.local,3.48,2023,approved,0
118,2118,1,YZVM Ogrenci 0118,ogrenci118@case.local,3.46,2024,approved,0
119,2119,1,YZVM Ogrenci 0119,ogrenci119@case.local,3.44,2023,approved,0
120,2120,1,YZVM Ogrenci 0120,ogrenci120@case.local,3.42,2024,approved,0
121,2121,1,YZVM Ogrenci 0121,ogrenci121@case.local,3.40,2023,approved,0
122,2122,1,YZVM Ogrenci 0122,ogrenci122@case.local,3.38,2024,approved,0
123,2123,1,YZVM Ogrenci 0123,ogrenci123@case.local,3.36,2023,approved,0
124,2124,1,YZVM Ogrenci 0124,ogrenci124@case.local,3.34,2024,approved,0
125,2125,1,YZVM Ogrenci 0125,ogrenci125@case.local,3.32,2023,approved,0
126,2126,1,YZVM Ogrenci 0126,ogrenci126@case.local,3.30,2024,approved,0
127,2127,1,YZVM Ogrenci 0127,ogrenci127@case.local,3.28,2023,approved,0
128,2128,1,YZVM Ogrenci 0128,ogrenci128@case.local,3.26,2024,approved,0
129,2129,1,YZVM Ogrenci 0129,ogrenci129@case.local,3.24,2023,approved,0
130,2130,1,YZVM Ogrenci 0130,ogrenci130@case.local,3.22,2024,approved,0
131,2131,1,YZVM Ogrenci 0131,ogrenci131@case.local,3.20,2023,approved,0
132,2132,1,YZVM Ogrenci 0132,ogrenci132@case.local,3.18,2024,approved,0
133,2133,1,YZVM Ogrenci 0133,ogrenci133@case.local,3.16,2023,approved,0
134,2134,1,YZVM Ogrenci 0134,ogrenci134@case.local,3.14,2024,approved,0
135,2135,1,YZVM Ogrenci 0135,ogrenci135@case.local,3.12,2023,approved,0
136,2136,1,YZVM Ogrenci 0136,ogrenci136@case.local,3.10,2024,approved,0
137,2137,1,YZVM Ogrenci 0137,ogrenci137@case.local,3.08,2023,approved,0
138,2138,1,YZVM Ogrenci 0138,ogrenci138@case.local,3.06,2024,approved,0
139,2139,1,YZVM Ogrenci 0139,ogrenci139@case.local,3.04,2023,approved,0
140,2140,1,YZVM Ogrenci 0140,ogrenci140@case.local,3.02,2024,approved,0
141,2141,1,YZVM Ogrenci 0141,ogrenci141@case.local,3.00,2023,approved,0
142,2142,1,YZVM Ogrenci 0142,ogrenci142@case.local,2.98,2024,approved,0
143,2143,1,YZVM Ogrenci 0143,ogrenci143@case.local,2.96,2023,approved,0
144,2144,1,YZVM Ogrenci 0144,ogrenci144@case.local,2.94,2024,approved,0
145,2145,1,YZVM Ogrenci 0145,ogrenci145@case.local,2.92,2023,approved,0
146,2146,1,YZVM Ogrenci 0146,ogrenci146@case.local,2.90,2024,approved,0
147,2147,1,YZVM Ogrenci 0147,ogrenci147@case.local,2.88,2023,approved,0
148,2148,1,YZVM Ogrenci 0148,ogrenci148@case.local,2.86,2024,approved,0
149,2149,1,YZVM Ogrenci 0149,ogrenci149@case.local,2.84,2023,approved,0
150,2150,1,YZVM Ogrenci 0150,ogrenci150@case.local,2.82,2024,approved,0
151,2151,1,YZVM Ogrenci 0151,ogrenci151@case.local,2.80,2023,approved,0
152,2152,1,YZVM Ogrenci 0152,ogrenci152@case.local,2.78,2024,approved,0
153,2153,1,YZVM Ogrenci 0153,ogrenci153@case.local,2.76,2023,approved,0
154,2154,1,YZVM Ogrenci 0154,ogrenci154@case.local,2.74,2024,approved,0
155,2155,1,YZVM Ogrenci 0155,ogrenci155@case.local,2.72,2023,approved,0
156,2156,1,YZVM Ogrenci 0156,ogrenci156@case.local,2.70,2024,approved,0
157,2157,1,YZVM Ogrenci 0157,ogrenci157@case.local,2.68,2023,approved,0
158,2158,1,YZVM Ogrenci 0158,ogrenci158@case.local,2.66,2024,approved,0
159,2159,1,YZVM Ogrenci 0159,ogrenci159@case.local,2.64,2023,approved,0
160,2160,1,YZVM Ogrenci 0160,ogrenci160@case.local,2.62,2024,approved,0
161,2161,1,YZVM Ogrenci 0161,ogrenci161@case.local,2.60,2023,approved,0
162,2162,1,YZVM Ogrenci 0162,ogrenci162@case.local,2.58,2024,approved,0
163,2163,1,YZVM Ogrenci 0163,ogrenci163@case.local,2.56,2023,approved,0
164,2164,1,YZVM Ogrenci 0164,ogrenci164@case.local,2.54,2024,approved,0
165,2165,1,YZVM Ogrenci 0165,ogrenci165@case.local,2.52,2023,approved,0
166,2166,1,YZVM Ogrenci 0166,ogrenci166@case.local,2.50,2024,approved,0
167,2167,1,YZVM Ogrenci 0167,ogrenci167@case.local,2.48,2023,approved,0
168,2168,1,YZVM Ogrenci 0168,ogrenci168@case.local,2.46,2024,approved,0
169,2169,1,YZVM Ogrenci 0169,ogrenci169@case.local,2.44,2023,approved,0
170,2170,1,YZVM Ogrenci 0170,ogrenci170@case.local,2.42,2024,approved,0
171,2171,1,YZVM Ogrenci 0171,ogrenci171@case.local,2.40,2023,approved,0
172,2172,1,YZVM Ogrenci 0172,ogrenci172@case.local,2.38,2024,approved,0
173,2173,1,YZVM Ogrenci 0173,ogrenci173@case.local,2.36,2023,approved,0
174,2174,1,YZVM Ogrenci 0174,ogrenci174@case.local,2.34,2024,approved,0
175,2175,1,YZVM Ogrenci 0175,ogrenci175@case.local,2.32,2023,approved,0
176,2176,1,YZVM Ogrenci 0176,ogrenci176@case.local,2.30,2024,approved,0
177,2177,1,YZVM Ogrenci 0177,ogrenci177@case.local,2.28,2023,approved,0
178,2178,1,YZVM Ogrenci 0178,ogrenci178@case.local,2.26,2024,approved,0
179,2179,1,YZVM Ogrenci 0179,ogrenci179@case.local,2.24,2023,approved,0
180,2180,1,YZVM Ogrenci 0180,ogrenci180@case.local,2.22,2024,approved,0
181,2181,1,YZVM Ogrenci 0181,ogrenci181@case.local,4.00,2023,approved,0
182,2182,1,YZVM Ogrenci 0182,ogrenci182@case.local,3.98,2024,approved,0
183,2183,1,YZVM Ogrenci 0183,ogrenci183@case.local,3.96,2023,approved,0
184,2184,1,YZVM Ogrenci 0184,ogrenci184@case.local,3.94,2024,approved,0
185,2185,1,YZVM Ogrenci 0185,ogrenci185@case.local,3.92,2023,approved,0
186,2186,1,YZVM Ogrenci 0186,ogrenci186@case.local,3.90,2024,approved,0
187,2187,1,YZVM Ogrenci 0187,ogrenci187@case.local,3.88,2023,approved,0
188,2188,1,YZVM Ogrenci 0188,ogrenci188@case.local,3.86,2024,approved,0
189,2189,1,YZVM Ogrenci 0189,ogrenci189@case.local,3.84,2023,approved,0
190,2190,1,YZVM Ogrenci 0190,ogrenci190@case.local,3.82,2024,approved,0
191,2191,1,YZVM Ogrenci 0191,ogrenci191@case.local,3.80,2023,approved,0
192,2192,1,YZVM Ogrenci 0192,ogrenci192@case.local,3.78,2024,approved,0
193,2193,1,YZVM Ogrenci 0193,ogrenci193@case.local,3.76,2023,approved,0
194,2194,1,YZVM Ogrenci 0194,ogrenci194@case.local,3.74,2024,approved,0
195,2195,1,YZVM Ogrenci 0195,ogrenci195@case.local,3.72,2023,approved,0
196,2196,1,YZVM Ogrenci 0196,ogrenci196@case.local,3.70,2024,approved,0
197,2197,1,YZVM Ogrenci 0197,ogrenci197@case.local,3.68,2023,approved,0
198,2198,1,YZVM Ogrenci 0198,ogrenci198@case.local,3.66,2024,approved,0
199,2199,1,YZVM Ogrenci 0199,ogrenci199@case.local,3.64,2023,approved,0
200,2200,1,YZVM Ogrenci 0200,ogrenci200@case.local,3.62,2024,approved,0
201,2201,1,YZVM Ogrenci 0201,ogrenci201@case.local,3.60,2023,approved,0
202,2202,1,YZVM Ogrenci 0202,ogrenci202@case.local,3.58,2024,approved,0
203,2203,1,YZVM Ogrenci 0203,ogrenci203@case.local,3.56,2023,approved,0
204,2204,1,YZVM Ogrenci 0204,ogrenci204@case.local,3.54,2024,approved,0
205,2205,1,YZVM Ogrenci 0205,ogrenci205@case.local,3.52,2023,approved,0
206,2206,1,YZVM Ogrenci 0206,ogrenci206@case.local,3.50,2024,approved,0
207,2207,1,YZVM Ogrenci 0207,ogrenci207@case.local,3.48,2023,approved,0
208,2208,1,YZVM Ogrenci 0208,ogrenci208@case.local,3.46,2024,approved,0
209,2209,1,YZVM Ogrenci 0209,ogrenci209@case.local,3.44,2023,approved,0
210,2210,1,YZVM Ogrenci 0210,ogrenci210@case.local,3.42,2024,approved,0
211,2211,1,YZVM Ogrenci 0211,ogrenci211@case.local,3.40,2023,approved,0
212,2212,1,YZVM Ogrenci 0212,ogrenci212@case.local,3.38,2024,approved,0
213,2213,1,YZVM Ogrenci 0213,ogrenci213@case.local,3.36,2023,approved,0
214,2214,1,YZVM Ogrenci 0214,ogrenci214@case.local,3.34,2024,approved,0
215,2215,1,YZVM Ogrenci 0215,ogrenci215@case.local,3.32,2023,approved,0
216,2216,1,YZVM Ogrenci 0216,ogrenci216@case.local,3.30,2024,approved,0
217,2217,1,YZVM Ogrenci 0217,ogrenci217@case.local,3.28,2023,approved,0
218,2218,1,YZVM Ogrenci 0218,ogrenci218@case.local,3.26,2024,approved,0
219,2219,1,YZVM Ogrenci 0219,ogrenci219@case.local,3.24,2023,approved,0
220,2220,1,YZVM Ogrenci 0220,ogrenci220@case.local,3.22,2024,approved,0
221,2221,1,YZVM Ogrenci 0221,ogrenci221@case.local,3.20,2023,approved,0
222,2222,1,YZVM Ogrenci 0222,ogrenci222@case.local,3.18,2024,approved,0
223,2223,1,YZVM Ogrenci 0223,ogrenci223@case.local,3.16,2023,approved,0
224,2224,1,YZVM Ogrenci 0224,ogrenci224@case.local,3.14,2024,approved,0
225,2225,1,YZVM Ogrenci 0225,ogrenci225@case.local,3.12,2023,approved,0
226,2226,1,YZVM Ogrenci 0226,ogrenci226@case.local,3.10,2024,approved,0
227,2227,1,YZVM Ogrenci 0227,ogrenci227@case.local,3.08,2023,approved,0
228,2228,1,YZVM Ogrenci 0228,ogrenci228@case.local,3.06,2024,approved,0
229,2229,1,YZVM Ogrenci 0229,ogrenci229@case.local,3.04,2023,approved,0
230,2230,1,YZVM Ogrenci 0230,ogrenci230@case.local,3.02,2024,approved,0
231,2231,1,YZVM Ogrenci 0231,ogrenci231@case.local,3.00,2023,approved,0
232,2232,1,YZVM Ogrenci 0232,ogrenci232@case.local,2.98,2024,approved,0
233,2233,1,YZVM Ogrenci 0233,ogrenci233@case.local,2.96,2023,approved,0
234,2234,1,YZVM Ogrenci 0234,ogrenci234@case.local,2.94,2024,approved,0
235,2235,1,YZVM Ogrenci 0235,ogrenci235@case.local,2.92,2023,approved,0
236,2236,1,YZVM Ogrenci 0236,ogrenci236@case.local,2.90,2024,approved,0
237,2237,1,YZVM Ogrenci 0237,ogrenci237@case.local,2.88,2023,approved,0
238,2238,1,YZVM Ogrenci 0238,ogrenci238@case.local,2.86,2024,approved,0
239,2239,1,YZVM Ogrenci 0239,ogrenci239@case.local,2.84,2023,approved,0
240,2240,1,YZVM Ogrenci 0240,ogrenci240@case.local,2.82,2024,approved,0
241,2241,1,YZVM Ogrenci 0241,ogrenci241@case.local,2.80,2023,approved,0
242,2242,1,YZVM Ogrenci 0242,ogrenci242@case.local,2.78,2024,approved,0
243,2243,1,YZVM Ogrenci 0243,ogrenci243@case.local,2.76,2023,approved,0
244,2244,1,YZVM Ogrenci 0244,ogrenci244@case.local,2.74,2024,approved,0
245,2245,1,YZVM Ogrenci 0245,ogrenci245@case.local,2.72,2023,approved,0
246,2246,1,YZVM Ogrenci 0246,ogrenci246@case.local,2.70,2024,approved,0
247,2247,1,YZVM Ogrenci 0247,ogrenci247@case.local,2.68,2023,approved,0
248,2248,1,YZVM Ogrenci 0248,ogrenci248@case.local,2.66,2024,approved,0
249,2249,1,YZVM Ogrenci 0249,ogrenci249@case.local,2.64,2023,approved,0
250,2250,1,YZVM Ogrenci 0250,ogrenci250@case.local,2.62,2024,approved,0
251,2251,1,YZVM Ogrenci 0251,ogrenci251@case.local,2.60,2023,approved,0
252,2252,1,YZVM Ogrenci 0252,ogrenci252@case.local,2.58,2024,approved,0
253,2253,1,YZVM Ogrenci 0253,ogrenci253@case.local,2.56,2023,approved,0
254,2254,1,YZVM Ogrenci 0254,ogrenci254@case.local,2.54,2024,approved,0
255,2255,1,YZVM Ogrenci 0255,ogrenci255@case.local,2.52,2023,approved,0
256,2256,1,YZVM Ogrenci 0256,ogrenci256@case.local,2.50,2024,approved,0
257,2257,1,YZVM Ogrenci 0257,ogrenci257@case.local,2.48,2023,approved,0
258,2258,1,YZVM Ogrenci 0258,ogrenci258@case.local,2.46,2024,approved,0
259,2259,1,YZVM Ogrenci 0259,ogrenci259@case.local,2.44,2023,approved,0
260,2260,1,YZVM Ogrenci 0260,ogrenci260@case.local,2.42,2024,approved,0
261,2261,1,YZVM Ogrenci 0261,ogrenci261@case.local,2.40,2023,approved,0
262,2262,1,YZVM Ogrenci 0262,ogrenci262@case.local,2.38,2024,approved,0
263,2263,1,YZVM Ogrenci 0263,ogrenci263@case.local,2.36,2023,approved,0
264,2264,1,YZVM Ogrenci 0264,ogrenci264@case.local,2.34,2024,approved,0
265,2265,1,YZVM Ogrenci 0265,ogrenci265@case.local,2.32,2023,approved,0
266,2266,1,YZVM Ogrenci 0266,ogrenci266@case.local,2.30,2024,approved,0
267,2267,1,YZVM Ogrenci 0267,ogrenci267@case.local,2.28,2023,approved,0
268,2268,1,YZVM Ogrenci 0268,ogrenci268@case.local,2.26,2024,approved,0
269,2269,1,YZVM Ogrenci 0269,ogrenci269@case.local,2.24,2023,approved,0
270,2270,1,YZVM Ogrenci 0270,ogrenci270@case.local,2.22,2024,approved,0
271,2271,1,YZVM Ogrenci 0271,ogrenci271@case.local,4.00,2023,approved,0
272,2272,1,YZVM Ogrenci 0272,ogrenci272@case.local,3.98,2024,approved,0
273,2273,1,YZVM Ogrenci 0273,ogrenci273@case.local,3.96,2023,approved,0
274,2274,1,YZVM Ogrenci 0274,ogrenci274@case.local,3.94,2024,approved,0
275,2275,1,YZVM Ogrenci 0275,ogrenci275@case.local,3.92,2023,approved,0
276,2276,1,YZVM Ogrenci 0276,ogrenci276@case.local,3.90,2024,approved,0
277,2277,1,YZVM Ogrenci 0277,ogrenci277@case.local,3.88,2023,approved,0
278,2278,1,YZVM Ogrenci 0278,ogrenci278@case.local,3.86,2024,approved,0
279,2279,1,YZVM Ogrenci 0279,ogrenci279@case.local,3.84,2023,approved,0
280,2280,1,YZVM Ogrenci 0280,ogrenci280@case.local,3.82,2024,approved,0
281,2281,1,YZVM Ogrenci 0281,ogrenci281@case.local,3.80,2023,approved,0
282,2282,1,YZVM Ogrenci 0282,ogrenci282@case.local,3.78,2024,approved,0
283,2283,1,YZVM Ogrenci 0283,ogrenci283@case.local,3.76,2023,approved,0
284,2284,1,YZVM Ogrenci 0284,ogrenci284@case.local,3.74,2024,approved,0
285,2285,1,YZVM Ogrenci 0285,ogrenci285@case.local,3.72,2023,approved,0
286,2286,1,YZVM Ogrenci 0286,ogrenci286@case.local,3.70,2024,approved,0
287,2287,1,YZVM Ogrenci 0287,ogrenci287@case.local,3.68,2023,approved,0
288,2288,1,YZVM Ogrenci 0288,ogrenci288@case.local,3.66,2024,approved,0
289,2289,1,YZVM Ogrenci 0289,ogrenci289@case.local,3.64,2023,approved,0
290,2290,1,YZVM Ogrenci 0290,ogrenci290@case.local,3.62,2024,approved,0
291,2291,1,YZVM Ogrenci 0291,ogrenci291@case.local,3.60,2023,approved,0
292,2292,1,YZVM Ogrenci 0292,ogrenci292@case.local,3.58,2024,approved,0
293,2293,1,YZVM Ogrenci 0293,ogrenci293@case.local,3.56,2023,approved,0
294,2294,1,YZVM Ogrenci 0294,ogrenci294@case.local,3.54,2024,approved,0
295,2295,1,YZVM Ogrenci 0295,ogrenci295@case.local,3.52,2023,approved,0
296,2296,1,YZVM Ogrenci 0296,ogrenci296@case.local,3.50,2024,approved,0
297,2297,1,YZVM Ogrenci 0297,ogrenci297@case.local,3.48,2023,approved,0
298,2298,1,YZVM Ogrenci 0298,ogrenci298@case.local,3.46,2024,approved,0
299,2299,1,YZVM Ogrenci 0299,ogrenci299@case.local,3.44,2023,approved,0
300,2300,1,YZVM Ogrenci 0300,ogrenci300@case.local,3.42,2024,approved,0
301,2301,1,YZVM Ogrenci 0301,ogrenci301@case.local,3.40,2023,approved,0
302,2302,1,YZVM Ogrenci 0302,ogrenci302@case.local,3.38,2024,approved,0
303,2303,1,YZVM Ogrenci 0303,ogrenci303@case.local,3.36,2023,approved,0
304,2304,1,YZVM Ogrenci 0304,ogrenci304@case.local,3.34,2024,approved,0
305,2305,1,YZVM Ogrenci 0305,ogrenci305@case.local,3.32,2023,approved,0
306,2306,1,YZVM Ogrenci 0306,ogrenci306@case.local,3.30,2024,approved,0
307,2307,1,YZVM Ogrenci 0307,ogrenci307@case.local,3.28,2023,approved,0
308,2308,1,YZVM Ogrenci 0308,ogrenci308@case.local,3.26,2024,approved,0
309,2309,1,YZVM Ogrenci 0309,ogrenci309@case.local,3.24,2023,approved,0
310,2310,1,YZVM Ogrenci 0310,ogrenci310@case.local,3.22,2024,approved,0
311,2311,1,YZVM Ogrenci 0311,ogrenci311@case.local,3.20,2023,approved,0
312,2312,1,YZVM Ogrenci 0312,ogrenci312@case.local,3.18,2024,approved,0
313,2313,1,YZVM Ogrenci 0313,ogrenci313@case.local,3.16,2023,approved,0
314,2314,1,YZVM Ogrenci 0314,ogrenci314@case.local,3.14,2024,approved,0
315,2315,1,YZVM Ogrenci 0315,ogrenci315@case.local,3.12,2023,approved,0
316,2316,1,YZVM Ogrenci 0316,ogrenci316@case.local,3.10,2024,approved,0
317,2317,1,YZVM Ogrenci 0317,ogrenci317@case.local,3.08,2023,approved,0
318,2318,1,YZVM Ogrenci 0318,ogrenci318@case.local,3.06,2024,approved,0
319,2319,1,YZVM Ogrenci 0319,ogrenci319@case.local,3.04,2023,approved,0
320,2320,1,YZVM Ogrenci 0320,ogrenci320@case.local,3.02,2024,approved,0
321,2321,1,YZVM Ogrenci 0321,ogrenci321@case.local,3.00,2023,approved,0
322,2322,1,YZVM Ogrenci 0322,ogrenci322@case.local,2.98,2024,approved,0
323,2323,1,YZVM Ogrenci 0323,ogrenci323@case.local,2.96,2023,approved,0
324,2324,1,YZVM Ogrenci 0324,ogrenci324@case.local,2.94,2024,approved,0
325,2325,1,YZVM Ogrenci 0325,ogrenci325@case.local,2.92,2023,approved,0
326,2326,1,YZVM Ogrenci 0326,ogrenci326@case.local,2.90,2024,approved,0
327,2327,1,YZVM Ogrenci 0327,ogrenci327@case.local,2.88,2023,approved,0
328,2328,1,YZVM Ogrenci 0328,ogrenci328@case.local,2.86,2024,approved,0
329,2329,1,YZVM Ogrenci 0329,ogrenci329@case.local,2.84,2023,approved,0
330,2330,1,YZVM Ogrenci 0330,ogrenci330@case.local,2.82,2024,approved,0
331,2331,1,YZVM Ogrenci 0331,ogrenci331@case.local,2.80,2023,approved,0
332,2332,1,YZVM Ogrenci 0332,ogrenci332@case.local,2.78,2024,approved,0
333,2333,1,YZVM Ogrenci 0333,ogrenci333@case.local,2.76,2023,approved,0
334,2334,1,YZVM Ogrenci 0334,ogrenci334@case.local,2.74,2024,approved,0
335,2335,1,YZVM Ogrenci 0335,ogrenci335@case.local,2.72,2023,approved,0
336,2336,1,YZVM Ogrenci 0336,ogrenci336@case.local,2.70,2024,approved,0
337,2337,1,YZVM Ogrenci 0337,ogrenci337@case.local,2.68,2023,approved,0
338,2338,1,YZVM Ogrenci 0338,ogrenci338@case.local,2.66,2024,approved,0
339,2339,1,YZVM Ogrenci 0339,ogrenci339@case.local,2.64,2023,approved,0
340,2340,1,YZVM Ogrenci 0340,ogrenci340@case.local,2.62,2024,approved,0
341,2341,1,YZVM Ogrenci 0341,ogrenci341@case.local,2.60,2023,approved,0
342,2342,1,YZVM Ogrenci 0342,ogrenci342@case.local,2.58,2024,approved,0
343,2343,1,YZVM Ogrenci 0343,ogrenci343@case.local,2.56,2023,approved,0
344,2344,1,YZVM Ogrenci 0344,ogrenci344@case.local,2.54,2024,approved,0
345,2345,1,YZVM Ogrenci 0345,ogrenci345@case.local,2.52,2023,approved,0
346,2346,1,YZVM Ogrenci 0346,ogrenci346@case.local,2.50,2024,approved,0
347,2347,1,YZVM Ogrenci 0347,ogrenci347@case.local,2.48,2023,approved,0
348,2348,1,YZVM Ogrenci 0348,ogrenci348@case.local,2.46,2024,approved,0
349,2349,1,YZVM Ogrenci 0349,ogrenci349@case.local,2.44,2023,approved,0
350,2350,1,YZVM Ogrenci 0350,ogrenci350@case.local,2.42,2024,approved,0
351,2351,1,YZVM Ogrenci 0351,ogrenci351@case.local,2.40,2023,approved,0
352,2352,1,YZVM Ogrenci 0352,ogrenci352@case.local,2.38,2024,approved,0
353,2353,1,YZVM Ogrenci 0353,ogrenci353@case.local,2.36,2023,approved,0
354,2354,1,YZVM Ogrenci 0354,ogrenci354@case.local,2.34,2024,approved,0
355,2355,1,YZVM Ogrenci 0355,ogrenci355@case.local,2.32,2023,approved,0
356,2356,1,YZVM Ogrenci 0356,ogrenci356@case.local,2.30,2024,approved,0
357,2357,1,YZVM Ogrenci 0357,ogrenci357@case.local,2.28,2023,approved,0
358,2358,1,YZVM Ogrenci 0358,ogrenci358@case.local,2.26,2024,approved,0
359,2359,1,YZVM Ogrenci 0359,ogrenci359@case.local,2.24,2023,approved,0
360,2360,1,YZVM Ogrenci 0360,ogrenci360@case.local,2.22,2024,approved,0
361,2361,1,YZVM Ogrenci 0361,ogrenci361@case.local,4.00,2023,approved,0
362,2362,1,YZVM Ogrenci 0362,ogrenci362@case.local,3.98,2024,approved,0
363,2363,1,YZVM Ogrenci 0363,ogrenci363@case.local,3.96,2023,approved,0
364,2364,1,YZVM Ogrenci 0364,ogrenci364@case.local,3.94,2024,approved,0
365,2365,1,YZVM Ogrenci 0365,ogrenci365@case.local,3.92,2023,approved,0
366,2366,1,YZVM Ogrenci 0366,ogrenci366@case.local,3.90,2024,approved,0
367,2367,1,YZVM Ogrenci 0367,ogrenci367@case.local,3.88,2023,approved,0
368,2368,1,YZVM Ogrenci 0368,ogrenci368@case.local,3.86,2024,approved,0
369,2369,1,YZVM Ogrenci 0369,ogrenci369@case.local,3.84,2023,approved,0
370,2370,1,YZVM Ogrenci 0370,ogrenci370@case.local,3.82,2024,approved,0
371,2371,1,YZVM Ogrenci 0371,ogrenci371@case.local,3.80,2023,approved,0
372,2372,1,YZVM Ogrenci 0372,ogrenci372@case.local,3.78,2024,approved,0
373,2373,1,YZVM Ogrenci 0373,ogrenci373@case.local,3.76,2023,approved,0
374,2374,1,YZVM Ogrenci 0374,ogrenci374@case.local,3.74,2024,approved,0
375,2375,1,YZVM Ogrenci 0375,ogrenci375@case.local,3.72,2023,approved,0
376,2376,1,YZVM Ogrenci 0376,ogrenci376@case.local,3.70,2024,approved,0
377,2377,1,YZVM Ogrenci 0377,ogrenci377@case.local,3.68,2023,approved,0
378,2378,1,YZVM Ogrenci 0378,ogrenci378@case.local,3.66,2024,approved,0
379,2379,1,YZVM Ogrenci 0379,ogrenci379@case.local,3.64,2023,approved,0
380,2380,1,YZVM Ogrenci 0380,ogrenci380@case.local,3.62,2024,approved,0
381,2381,1,YZVM Ogrenci 0381,ogrenci381@case.local,3.60,2023,approved,0
382,2382,1,YZVM Ogrenci 0382,ogrenci382@case.local,3.58,2024,approved,0
383,2383,1,YZVM Ogrenci 0383,ogrenci383@case.local,3.56,2023,approved,0
384,2384,1,YZVM Ogrenci 0384,ogrenci384@case.local,3.54,2024,approved,0
385,2385,1,YZVM Ogrenci 0385,ogrenci385@case.local,3.52,2023,approved,0
386,2386,1,YZVM Ogrenci 0386,ogrenci386@case.local,3.50,2024,approved,0
387,2387,1,YZVM Ogrenci 0387,ogrenci387@case.local,3.48,2023,approved,0
388,2388,1,YZVM Ogrenci 0388,ogrenci388@case.local,3.46,2024,approved,0
389,2389,1,YZVM Ogrenci 0389,ogrenci389@case.local,3.44,2023,approved,0
390,2390,1,YZVM Ogrenci 0390,ogrenci390@case.local,3.42,2024,approved,0
391,2391,1,YZVM Ogrenci 0391,ogrenci391@case.local,3.40,2023,approved,0
392,2392,1,YZVM Ogrenci 0392,ogrenci392@case.local,3.38,2024,approved,0
393,2393,1,YZVM Ogrenci 0393,ogrenci393@case.local,3.36,2023,approved,0
394,2394,1,YZVM Ogrenci 0394,ogrenci394@case.local,3.34,2024,approved,0
395,2395,1,YZVM Ogrenci 0395,ogrenci395@case.local,3.32,2023,approved,0
396,2396,1,YZVM Ogrenci 0396,ogrenci396@case.local,3.30,2024,approved,0
397,2397,1,YZVM Ogrenci 0397,ogrenci397@case.local,3.28,2023,approved,0
398,2398,1,YZVM Ogrenci 0398,ogrenci398@case.local,3.26,2024,approved,0
399,2399,1,YZVM Ogrenci 0399,ogrenci399@case.local,3.24,2023,approved,0
400,2400,1,YZVM Ogrenci 0400,ogrenci400@case.local,3.22,2024,approved,0
401,2401,1,YZVM Ogrenci 0401,ogrenci401@case.local,3.20,2023,approved,0
402,2402,1,YZVM Ogrenci 0402,ogrenci402@case.local,3.18,2024,approved,0
403,2403,1,YZVM Ogrenci 0403,ogrenci403@case.local,3.16,2023,approved,0
404,2404,1,YZVM Ogrenci 0404,ogrenci404@case.local,3.14,2024,approved,0
405,2405,1,YZVM Ogrenci 0405,ogrenci405@case.local,3.12,2023,approved,0
406,2406,1,YZVM Ogrenci 0406,ogrenci406@case.local,3.10,2024,approved,0
407,2407,1,YZVM Ogrenci 0407,ogrenci407@case.local,3.08,2023,approved,0
408,2408,1,YZVM Ogrenci 0408,ogrenci408@case.local,3.06,2024,approved,0
409,2409,1,YZVM Ogrenci 0409,ogrenci409@case.local,3.04,2023,approved,0
410,2410,1,YZVM Ogrenci 0410,ogrenci410@case.local,3.02,2024,approved,0
411,2411,1,YZVM Ogrenci 0411,ogrenci411@case.local,3.00,2023,approved,0
412,2412,1,YZVM Ogrenci 0412,ogrenci412@case.local,2.98,2024,approved,0
413,2413,1,YZVM Ogrenci 0413,ogrenci413@case.local,2.96,2023,approved,0
414,2414,1,YZVM Ogrenci 0414,ogrenci414@case.local,2.94,2024,approved,0
415,2415,1,YZVM Ogrenci 0415,ogrenci415@case.local,2.92,2023,approved,0
416,2416,1,YZVM Ogrenci 0416,ogrenci416@case.local,2.90,2024,approved,0
417,2417,1,YZVM Ogrenci 0417,ogrenci417@case.local,2.88,2023,approved,0
418,2418,1,YZVM Ogrenci 0418,ogrenci418@case.local,2.86,2024,approved,0
419,2419,1,YZVM Ogrenci 0419,ogrenci419@case.local,2.84,2023,approved,0
420,2420,1,YZVM Ogrenci 0420,ogrenci420@case.local,2.82,2024,approved,0
421,2421,1,YZVM Ogrenci 0421,ogrenci421@case.local,2.80,2023,approved,0
422,2422,1,YZVM Ogrenci 0422,ogrenci422@case.local,2.78,2024,approved,0
423,2423,1,YZVM Ogrenci 0423,ogrenci423@case.local,2.76,2023,approved,0
424,2424,1,YZVM Ogrenci 0424,ogrenci424@case.local,2.74,2024,approved,0
425,2425,1,YZVM Ogrenci 0425,ogrenci425@case.local,2.72,2023,approved,0
426,2426,1,YZVM Ogrenci 0426,ogrenci426@case.local,2.70,2024,approved,0
427,2427,1,YZVM Ogrenci 0427,ogrenci427@case.local,2.68,2023,approved,0
428,2428,1,YZVM Ogrenci 0428,ogrenci428@case.local,2.66,2024,approved,0
429,2429,1,YZVM Ogrenci 0429,ogrenci429@case.local,2.64,2023,approved,0
430,2430,1,YZVM Ogrenci 0430,ogrenci430@case.local,2.62,2024,approved,0
431,2431,1,YZVM Ogrenci 0431,ogrenci431@case.local,2.60,2023,approved,0
432,2432,1,YZVM Ogrenci 0432,ogrenci432@case.local,2.58,2024,approved,0
433,2433,1,YZVM Ogrenci 0433,ogrenci433@case.local,2.56,2023,approved,0
434,2434,1,YZVM Ogrenci 0434,ogrenci434@case.local,2.54,2024,approved,0
435,2435,1,YZVM Ogrenci 0435,ogrenci435@case.local,2.52,2023,approved,0
436,2436,1,YZVM Ogrenci 0436,ogrenci436@case.local,2.50,2024,approved,0
437,2437,1,YZVM Ogrenci 0437,ogrenci437@case.local,2.48,2023,approved,0
438,2438,1,YZVM Ogrenci 0438,ogrenci438@case.local,2.46,2024,approved,0
439,2439,1,YZVM Ogrenci 0439,ogrenci439@case.local,2.44,2023,approved,0
440,2440,1,YZVM Ogrenci 0440,ogrenci440@case.local,2.42,2024,approved,0
441,2441,1,YZVM Ogrenci 0441,ogrenci441@case.local,2.40,2023,approved,0
442,2442,1,YZVM Ogrenci 0442,ogrenci442@case.local,2.38,2024,approved,0
443,2443,1,YZVM Ogrenci 0443,ogrenci443@case.local,2.36,2023,approved,0
444,2444,1,YZVM Ogrenci 0444,ogrenci444@case.local,2.34,2024,approved,0
445,2445,1,YZVM Ogrenci 0445,ogrenci445@case.local,2.32,2023,approved,0
446,2446,1,YZVM Ogrenci 0446,ogrenci446@case.local,2.30,2024,approved,0
447,2447,1,YZVM Ogrenci 0447,ogrenci447@case.local,2.28,2023,approved,0
448,2448,1,YZVM Ogrenci 0448,ogrenci448@case.local,2.26,2024,approved,0
449,2449,1,YZVM Ogrenci 0449,ogrenci449@case.local,2.24,2023,approved,0
450,2450,1,YZVM Ogrenci 0450,ogrenci450@case.local,2.22,2024,approved,0
451,2451,1,YZVM Ogrenci 0451,ogrenci451@case.local,4.00,2023,approved,0
452,2452,1,YZVM Ogrenci 0452,ogrenci452@case.local,3.98,2024,approved,0
453,2453,1,YZVM Ogrenci 0453,ogrenci453@case.local,3.96,2023,approved,0
454,2454,1,YZVM Ogrenci 0454,ogrenci454@case.local,3.94,2024,approved,0
455,2455,1,YZVM Ogrenci 0455,ogrenci455@case.local,3.92,2023,approved,0
456,2456,1,YZVM Ogrenci 0456,ogrenci456@case.local,3.90,2024,approved,0
457,2457,1,YZVM Ogrenci 0457,ogrenci457@case.local,3.88,2023,approved,0
458,2458,1,YZVM Ogrenci 0458,ogrenci458@case.local,3.86,2024,approved,0
459,2459,1,YZVM Ogrenci 0459,ogrenci459@case.local,3.84,2023,approved,0
460,2460,1,YZVM Ogrenci 0460,ogrenci460@case.local,3.82,2024,approved,0
461,2461,1,YZVM Ogrenci 0461,ogrenci461@case.local,3.80,2023,approved,0
462,2462,1,YZVM Ogrenci 0462,ogrenci462@case.local,3.78,2024,approved,0
463,2463,1,YZVM Ogrenci 0463,ogrenci463@case.local,3.76,2023,approved,0
464,2464,1,YZVM Ogrenci 0464,ogrenci464@case.local,3.74,2024,approved,0
465,2465,1,YZVM Ogrenci 0465,ogrenci465@case.local,3.72,2023,approved,0
466,2466,1,YZVM Ogrenci 0466,ogrenci466@case.local,3.70,2024,approved,0
467,2467,1,YZVM Ogrenci 0467,ogrenci467@case.local,3.68,2023,approved,0
468,2468,1,YZVM Ogrenci 0468,ogrenci468@case.local,3.66,2024,approved,0
469,2469,1,YZVM Ogrenci 0469,ogrenci469@case.local,3.64,2023,approved,0
470,2470,1,YZVM Ogrenci 0470,ogrenci470@case.local,3.62,2024,approved,0
471,2471,1,YZVM Ogrenci 0471,ogrenci471@case.local,3.60,2023,approved,0
472,2472,1,YZVM Ogrenci 0472,ogrenci472@case.local,3.58,2024,approved,0
473,2473,1,YZVM Ogrenci 0473,ogrenci473@case.local,3.56,2023,approved,0
474,2474,1,YZVM Ogrenci 0474,ogrenci474@case.local,3.54,2024,approved,0
475,2475,1,YZVM Ogrenci 0475,ogrenci475@case.local,3.52,2023,approved,0
476,2476,1,YZVM Ogrenci 0476,ogrenci476@case.local,3.50,2024,approved,0
477,2477,1,YZVM Ogrenci 0477,ogrenci477@case.local,3.48,2023,approved,0
478,2478,1,YZVM Ogrenci 0478,ogrenci478@case.local,3.46,2024,approved,0
479,2479,1,YZVM Ogrenci 0479,ogrenci479@case.local,3.44,2023,approved,0
480,2480,1,YZVM Ogrenci 0480,ogrenci480@case.local,3.42,2024,approved,0
481,2481,1,YZVM Ogrenci 0481,ogrenci481@case.local,3.40,2023,approved,0
482,2482,1,YZVM Ogrenci 0482,ogrenci482@case.local,3.38,2024,approved,0
483,2483,1,YZVM Ogrenci 0483,ogrenci483@case.local,3.36,2023,approved,0
484,2484,1,YZVM Ogrenci 0484,ogrenci484@case.local,3.34,2024,approved,0
485,2485,1,YZVM Ogrenci 0485,ogrenci485@case.local,3.32,2023,approved,0
486,2486,1,YZVM Ogrenci 0486,ogrenci486@case.local,3.30,2024,approved,0
487,2487,1,YZVM Ogrenci 0487,ogrenci487@case.local,3.28,2023,approved,0
488,2488,1,YZVM Ogrenci 0488,ogrenci488@case.local,3.26,2024,approved,0
489,2489,1,YZVM Ogrenci 0489,ogrenci489@case.local,3.24,2023,approved,0
490,2490,1,YZVM Ogrenci 0490,ogrenci490@case.local,3.22,2024,approved,0
491,2491,1,YZVM Ogrenci 0491,ogrenci491@case.local,3.20,2023,approved,0
492,2492,1,YZVM Ogrenci 0492,ogrenci492@case.local,3.18,2024,approved,0
493,2493,1,YZVM Ogrenci 0493,ogrenci493@case.local,3.16,2023,approved,0
494,2494,1,YZVM Ogrenci 0494,ogrenci494@case.local,3.14,2024,approved,0
495,2495,1,YZVM Ogrenci 0495,ogrenci495@case.local,3.12,2023,approved,0
496,2496,1,YZVM Ogrenci 0496,ogrenci496@case.local,3.10,2024,approved,0
497,2497,1,YZVM Ogrenci 0497,ogrenci497@case.local,3.08,2023,approved,0
498,2498,1,YZVM Ogrenci 0498,ogrenci498@case.local,3.06,2024,approved,0
499,2499,1,YZVM Ogrenci 0499,ogrenci499@case.local,3.04,2023,approved,0
500,2500,1,YZVM Ogrenci 0500,ogrenci500@case.local,3.02,2024,approved,0
501,2501,1,YZVM Ogrenci 0501,ogrenci501@case.local,3.00,2023,approved,0
502,2502,1,YZVM Ogrenci 0502,ogrenci502@case.local,2.98,2024,approved,0
503,2503,1,YZVM Ogrenci 0503,ogrenci503@case.local,2.96,2023,approved,0
504,2504,1,YZVM Ogrenci 0504,ogrenci504@case.local,2.94,2024,approved,0
505,2505,1,YZVM Ogrenci 0505,ogrenci505@case.local,2.92,2023,approved,0
506,2506,1,YZVM Ogrenci 0506,ogrenci506@case.local,2.90,2024,approved,0
507,2507,1,YZVM Ogrenci 0507,ogrenci507@case.local,2.88,2023,approved,0
508,2508,1,YZVM Ogrenci 0508,ogrenci508@case.local,2.86,2024,approved,0
509,2509,1,YZVM Ogrenci 0509,ogrenci509@case.local,2.84,2023,approved,0
510,2510,1,YZVM Ogrenci 0510,ogrenci510@case.local,2.82,2024,approved,0
511,2511,1,YZVM Ogrenci 0511,ogrenci511@case.local,2.80,2023,approved,0
512,2512,1,YZVM Ogrenci 0512,ogrenci512@case.local,2.78,2024,approved,0
513,2513,1,YZVM Ogrenci 0513,ogrenci513@case.local,2.76,2023,approved,0
514,2514,1,YZVM Ogrenci 0514,ogrenci514@case.local,2.74,2024,approved,0
515,2515,1,YZVM Ogrenci 0515,ogrenci515@case.local,2.72,2023,approved,0
516,2516,1,YZVM Ogrenci 0516,ogrenci516@case.local,2.70,2024,approved,0
517,2517,1,YZVM Ogrenci 0517,ogrenci517@case.local,2.68,2023,approved,0
518,2518,1,YZVM Ogrenci 0518,ogrenci518@case.local,2.66,2024,approved,0
519,2519,1,YZVM Ogrenci 0519,ogrenci519@case.local,2.64,2023,approved,0
520,2520,1,YZVM Ogrenci 0520,ogrenci520@case.local,2.62,2024,approved,0
521,2521,1,YZVM Ogrenci 0521,ogrenci521@case.local,2.60,2023,approved,0
522,2522,1,YZVM Ogrenci 0522,ogrenci522@case.local,2.58,2024,approved,0
523,2523,1,YZVM Ogrenci 0523,ogrenci523@case.local,2.56,2023,approved,0
524,2524,1,YZVM Ogrenci 0524,ogrenci524@case.local,2.54,2024,approved,0
525,2525,1,YZVM Ogrenci 0525,ogrenci525@case.local,2.52,2023,approved,0
526,2526,1,YZVM Ogrenci 0526,ogrenci526@case.local,2.50,2024,approved,0
527,2527,1,YZVM Ogrenci 0527,ogrenci527@case.local,2.48,2023,approved,0
528,2528,1,YZVM Ogrenci 0528,ogrenci528@case.local,2.46,2024,approved,0
529,2529,1,YZVM Ogrenci 0529,ogrenci529@case.local,2.44,2023,approved,0
530,2530,1,YZVM Ogrenci 0530,ogrenci530@case.local,2.42,2024,approved,0
531,2531,1,YZVM Ogrenci 0531,ogrenci531@case.local,2.40,2023,approved,0
532,2532,1,YZVM Ogrenci 0532,ogrenci532@case.local,2.38,2024,approved,0
533,2533,1,YZVM Ogrenci 0533,ogrenci533@case.local,2.36,2023,approved,0
534,2534,1,YZVM Ogrenci 0534,ogrenci534@case.local,2.34,2024,approved,0
535,2535,1,YZVM Ogrenci 0535,ogrenci535@case.local,2.32,2023,approved,0
536,2536,1,YZVM Ogrenci 0536,ogrenci536@case.local,2.30,2024,approved,0
537,2537,1,YZVM Ogrenci 0537,ogrenci537@case.local,2.28,2023,approved,0
538,2538,1,YZVM Ogrenci 0538,ogrenci538@case.local,2.26,2024,approved,0
539,2539,1,YZVM Ogrenci 0539,ogrenci539@case.local,2.24,2023,approved,0
540,2540,1,YZVM Ogrenci 0540,ogrenci540@case.local,2.22,2024,approved,0
541,2541,1,YZVM Ogrenci 0541,ogrenci541@case.local,4.00,2023,approved,0
542,2542,1,YZVM Ogrenci 0542,ogrenci542@case.local,3.98,2024,approved,0
543,2543,1,YZVM Ogrenci 0543,ogrenci543@case.local,3.96,2023,approved,0
544,2544,1,YZVM Ogrenci 0544,ogrenci544@case.local,3.94,2024,approved,0
545,2545,1,YZVM Ogrenci 0545,ogrenci545@case.local,3.92,2023,approved,0
546,2546,1,YZVM Ogrenci 0546,ogrenci546@case.local,3.90,2024,approved,0
547,2547,1,YZVM Ogrenci 0547,ogrenci547@case.local,3.88,2023,approved,0
548,2548,1,YZVM Ogrenci 0548,ogrenci548@case.local,3.86,2024,approved,0
549,2549,1,YZVM Ogrenci 0549,ogrenci549@case.local,3.84,2023,approved,0
550,2550,1,YZVM Ogrenci 0550,ogrenci550@case.local,3.82,2024,approved,0
551,2551,1,YZVM Ogrenci 0551,ogrenci551@case.local,3.80,2023,approved,0
552,2552,1,YZVM Ogrenci 0552,ogrenci552@case.local,3.78,2024,approved,0
553,2553,1,YZVM Ogrenci 0553,ogrenci553@case.local,3.76,2023,approved,0
554,2554,1,YZVM Ogrenci 0554,ogrenci554@case.local,3.74,2024,approved,0
555,2555,1,YZVM Ogrenci 0555,ogrenci555@case.local,3.72,2023,approved,0
556,2556,1,YZVM Ogrenci 0556,ogrenci556@case.local,3.70,2024,approved,0
557,2557,1,YZVM Ogrenci 0557,ogrenci557@case.local,3.68,2023,approved,0
558,2558,1,YZVM Ogrenci 0558,ogrenci558@case.local,3.66,2024,approved,0
559,2559,1,YZVM Ogrenci 0559,ogrenci559@case.local,3.64,2023,approved,0
560,2560,1,YZVM Ogrenci 0560,ogrenci560@case.local,3.62,2024,approved,0
561,2561,1,YZVM Ogrenci 0561,ogrenci561@case.local,3.60,2023,approved,0
562,2562,1,YZVM Ogrenci 0562,ogrenci562@case.local,3.58,2024,approved,0
563,2563,1,YZVM Ogrenci 0563,ogrenci563@case.local,3.56,2023,approved,0
564,2564,1,YZVM Ogrenci 0564,ogrenci564@case.local,3.54,2024,approved,0
565,2565,1,YZVM Ogrenci 0565,ogrenci565@case.local,3.52,2023,approved,0
566,2566,1,YZVM Ogrenci 0566,ogrenci566@case.local,3.50,2024,approved,0
567,2567,1,YZVM Ogrenci 0567,ogrenci567@case.local,3.48,2023,approved,0
568,2568,1,YZVM Ogrenci 0568,ogrenci568@case.local,3.46,2024,approved,0
569,2569,1,YZVM Ogrenci 0569,ogrenci569@case.local,3.44,2023,approved,0
570,2570,1,YZVM Ogrenci 0570,ogrenci570@case.local,3.42,2024,approved,0
571,2571,1,YZVM Ogrenci 0571,ogrenci571@case.local,3.40,2023,approved,0
572,2572,1,YZVM Ogrenci 0572,ogrenci572@case.local,3.38,2024,approved,0
573,2573,1,YZVM Ogrenci 0573,ogrenci573@case.local,3.36,2023,approved,0
574,2574,1,YZVM Ogrenci 0574,ogrenci574@case.local,3.34,2024,approved,0
575,2575,1,YZVM Ogrenci 0575,ogrenci575@case.local,3.32,2023,approved,0
576,2576,1,YZVM Ogrenci 0576,ogrenci576@case.local,3.30,2024,approved,0
577,2577,1,YZVM Ogrenci 0577,ogrenci577@case.local,3.28,2023,approved,0
578,2578,1,YZVM Ogrenci 0578,ogrenci578@case.local,3.26,2024,approved,0
579,2579,1,YZVM Ogrenci 0579,ogrenci579@case.local,3.24,2023,approved,0
580,2580,1,YZVM Ogrenci 0580,ogrenci580@case.local,3.22,2024,approved,0
581,2581,1,YZVM Ogrenci 0581,ogrenci581@case.local,3.20,2023,approved,0
582,2582,1,YZVM Ogrenci 0582,ogrenci582@case.local,3.18,2024,approved,0
583,2583,1,YZVM Ogrenci 0583,ogrenci583@case.local,3.16,2023,approved,0
584,2584,1,YZVM Ogrenci 0584,ogrenci584@case.local,3.14,2024,approved,0
585,2585,1,YZVM Ogrenci 0585,ogrenci585@case.local,3.12,2023,approved,0
586,2586,1,YZVM Ogrenci 0586,ogrenci586@case.local,3.10,2024,approved,0
587,2587,1,YZVM Ogrenci 0587,ogrenci587@case.local,3.08,2023,approved,0
588,2588,1,YZVM Ogrenci 0588,ogrenci588@case.local,3.06,2024,approved,0
589,2589,1,YZVM Ogrenci 0589,ogrenci589@case.local,3.04,2023,approved,0
590,2590,1,YZVM Ogrenci 0590,ogrenci590@case.local,3.02,2024,approved,0
591,2591,1,YZVM Ogrenci 0591,ogrenci591@case.local,3.00,2023,approved,0
592,2592,1,YZVM Ogrenci 0592,ogrenci592@case.local,2.98,2024,approved,0
593,2593,1,YZVM Ogrenci 0593,ogrenci593@case.local,2.96,2023,approved,0
594,2594,1,YZVM Ogrenci 0594,ogrenci594@case.local,2.94,2024,approved,0
595,2595,1,YZVM Ogrenci 0595,ogrenci595@case.local,2.92,2023,approved,0
596,2596,1,YZVM Ogrenci 0596,ogrenci596@case.local,2.90,2024,approved,0
597,2597,1,YZVM Ogrenci 0597,ogrenci597@case.local,2.88,2023,approved,0
598,2598,1,YZVM Ogrenci 0598,ogrenci598@case.local,2.86,2024,approved,0
599,2599,1,YZVM Ogrenci 0599,ogrenci599@case.local,2.84,2023,approved,0
600,2600,1,YZVM Ogrenci 0600,ogrenci600@case.local,2.82,2024,approved,0
601,2601,1,YZVM Ogrenci 0601,ogrenci601@case.local,2.80,2023,approved,0
602,2602,1,YZVM Ogrenci 0602,ogrenci602@case.local,2.78,2024,approved,0
603,2603,1,YZVM Ogrenci 0603,ogrenci603@case.local,2.76,2023,approved,0
604,2604,1,YZVM Ogrenci 0604,ogrenci604@case.local,2.74,2024,approved,0
605,2605,1,YZVM Ogrenci 0605,ogrenci605@case.local,2.72,2023,approved,0
606,2606,1,YZVM Ogrenci 0606,ogrenci606@case.local,2.70,2024,approved,0
607,2607,1,YZVM Ogrenci 0607,ogrenci607@case.local,2.68,2023,approved,0
608,2608,1,YZVM Ogrenci 0608,ogrenci608@case.local,2.66,2024,approved,0
609,2609,1,YZVM Ogrenci 0609,ogrenci609@case.local,2.64,2023,approved,0
610,2610,1,YZVM Ogrenci 0610,ogrenci610@case.local,2.62,2024,approved,0
611,2611,1,YZVM Ogrenci 0611,ogrenci611@case.local,2.60,2023,approved,0
612,2612,1,YZVM Ogrenci 0612,ogrenci612@case.local,2.58,2024,approved,0
613,2613,1,YZVM Ogrenci 0613,ogrenci613@case.local,2.56,2023,approved,0
614,2614,1,YZVM Ogrenci 0614,ogrenci614@case.local,2.54,2024,approved,0
615,2615,1,YZVM Ogrenci 0615,ogrenci615@case.local,2.52,2023,approved,0
616,2616,1,YZVM Ogrenci 0616,ogrenci616@case.local,2.50,2024,approved,0
617,2617,1,YZVM Ogrenci 0617,ogrenci617@case.local,2.48,2023,approved,0
618,2618,1,YZVM Ogrenci 0618,ogrenci618@case.local,2.46,2024,approved,0
619,2619,1,YZVM Ogrenci 0619,ogrenci619@case.local,2.44,2023,approved,0
620,2620,1,YZVM Ogrenci 0620,ogrenci620@case.local,2.42,2024,approved,0
621,2621,1,YZVM Ogrenci 0621,ogrenci621@case.local,2.40,2023,approved,0
622,2622,1,YZVM Ogrenci 0622,ogrenci622@case.local,2.38,2024,approved,0
623,2623,1,YZVM Ogrenci 0623,ogrenci623@case.local,2.36,2023,approved,0
624,2624,1,YZVM Ogrenci 0624,ogrenci624@case.local,2.34,2024,approved,0
625,2625,1,YZVM Ogrenci 0625,ogrenci625@case.local,2.32,2023,approved,0
626,2626,1,YZVM Ogrenci 0626,ogrenci626@case.local,2.30,2024,approved,0
627,2627,1,YZVM Ogrenci 0627,ogrenci627@case.local,2.28,2023,approved,0
628,2628,1,YZVM Ogrenci 0628,ogrenci628@case.local,2.26,2024,approved,0
629,2629,1,YZVM Ogrenci 0629,ogrenci629@case.local,2.24,2023,approved,0
630,2630,1,YZVM Ogrenci 0630,ogrenci630@case.local,2.22,2024,approved,0
631,2631,1,YZVM Ogrenci 0631,ogrenci631@case.local,4.00,2023,approved,0
632,2632,1,YZVM Ogrenci 0632,ogrenci632@case.local,3.98,2024,approved,0
633,2633,1,YZVM Ogrenci 0633,ogrenci633@case.local,3.96,2023,approved,0
634,2634,1,YZVM Ogrenci 0634,ogrenci634@case.local,3.94,2024,approved,0
635,2635,1,YZVM Ogrenci 0635,ogrenci635@case.local,3.92,2023,approved,0
636,2636,1,YZVM Ogrenci 0636,ogrenci636@case.local,3.90,2024,approved,0
637,2637,1,YZVM Ogrenci 0637,ogrenci637@case.local,3.88,2023,approved,0
638,2638,1,YZVM Ogrenci 0638,ogrenci638@case.local,3.86,2024,approved,0
639,2639,1,YZVM Ogrenci 0639,ogrenci639@case.local,3.84,2023,approved,0
640,2640,1,YZVM Ogrenci 0640,ogrenci640@case.local,3.82,2024,approved,0
641,2641,1,YZVM Ogrenci 0641,ogrenci641@case.local,3.80,2023,approved,0
642,2642,1,YZVM Ogrenci 0642,ogrenci642@case.local,3.78,2024,approved,0
643,2643,1,YZVM Ogrenci 0643,ogrenci643@case.local,3.76,2023,approved,0
644,2644,1,YZVM Ogrenci 0644,ogrenci644@case.local,3.74,2024,approved,0
645,2645,1,YZVM Ogrenci 0645,ogrenci645@case.local,3.72,2023,approved,0
646,2646,1,YZVM Ogrenci 0646,ogrenci646@case.local,3.70,2024,approved,0
647,2647,1,YZVM Ogrenci 0647,ogrenci647@case.local,3.68,2023,approved,0
648,2648,1,YZVM Ogrenci 0648,ogrenci648@case.local,3.66,2024,approved,0
649,2649,1,YZVM Ogrenci 0649,ogrenci649@case.local,3.64,2023,approved,0
650,2650,1,YZVM Ogrenci 0650,ogrenci650@case.local,3.62,2024,approved,0
651,2651,1,YZVM Ogrenci 0651,ogrenci651@case.local,3.60,2023,approved,0
652,2652,1,YZVM Ogrenci 0652,ogrenci652@case.local,3.58,2024,approved,0
653,2653,1,YZVM Ogrenci 0653,ogrenci653@case.local,3.56,2023,approved,0
654,2654,1,YZVM Ogrenci 0654,ogrenci654@case.local,3.54,2024,approved,0
655,2655,1,YZVM Ogrenci 0655,ogrenci655@case.local,3.52,2023,approved,0
656,2656,1,YZVM Ogrenci 0656,ogrenci656@case.local,3.50,2024,approved,0
657,2657,1,YZVM Ogrenci 0657,ogrenci657@case.local,3.48,2023,approved,0
658,2658,1,YZVM Ogrenci 0658,ogrenci658@case.local,3.46,2024,approved,0
659,2659,1,YZVM Ogrenci 0659,ogrenci659@case.local,3.44,2023,approved,0
660,2660,1,YZVM Ogrenci 0660,ogrenci660@case.local,3.42,2024,approved,0
661,2661,1,YZVM Ogrenci 0661,ogrenci661@case.local,3.40,2023,approved,0
662,2662,1,YZVM Ogrenci 0662,ogrenci662@case.local,3.38,2024,approved,0
663,2663,1,YZVM Ogrenci 0663,ogrenci663@case.local,3.36,2023,approved,0
664,2664,1,YZVM Ogrenci 0664,ogrenci664@case.local,3.34,2024,approved,0
665,2665,1,YZVM Ogrenci 0665,ogrenci665@case.local,3.32,2023,approved,0
666,2666,1,YZVM Ogrenci 0666,ogrenci666@case.local,3.30,2024,approved,0
667,2667,1,YZVM Ogrenci 0667,ogrenci667@case.local,3.28,2023,approved,0
668,2668,1,YZVM Ogrenci 0668,ogrenci668@case.local,3.26,2024,approved,0
669,2669,1,YZVM Ogrenci 0669,ogrenci669@case.local,3.24,2023,approved,0
670,2670,1,YZVM Ogrenci 0670,ogrenci670@case.local,3.22,2024,approved,0
671,2671,1,YZVM Ogrenci 0671,ogrenci671@case.local,3.20,2023,approved,0
672,2672,1,YZVM Ogrenci 0672,ogrenci672@case.local,3.18,2024,approved,0
673,2673,1,YZVM Ogrenci 0673,ogrenci673@case.local,3.16,2023,approved,0
674,2674,1,YZVM Ogrenci 0674,ogrenci674@case.local,3.14,2024,approved,0
675,2675,1,YZVM Ogrenci 0675,ogrenci675@case.local,3.12,2023,approved,0
676,2676,1,YZVM Ogrenci 0676,ogrenci676@case.local,3.10,2024,approved,0
677,2677,1,YZVM Ogrenci 0677,ogrenci677@case.local,3.08,2023,approved,0
678,2678,1,YZVM Ogrenci 0678,ogrenci678@case.local,3.06,2024,approved,0
679,2679,1,YZVM Ogrenci 0679,ogrenci679@case.local,3.04,2023,approved,0
680,2680,1,YZVM Ogrenci 0680,ogrenci680@case.local,3.02,2024,approved,0
681,2681,1,YZVM Ogrenci 0681,ogrenci681@case.local,3.00,2023,approved,0
682,2682,1,YZVM Ogrenci 0682,ogrenci682@case.local,2.98,2024,approved,0
683,2683,1,YZVM Ogrenci 0683,ogrenci683@case.local,2.96,2023,approved,0
684,2684,1,YZVM Ogrenci 0684,ogrenci684@case.local,2.94,2024,approved,0
685,2685,1,YZVM Ogrenci 0685,ogrenci685@case.local,2.92,2023,approved,0
686,2686,1,YZVM Ogrenci 0686,ogrenci686@case.local,2.90,2024,approved,0
687,2687,1,YZVM Ogrenci 0687,ogrenci687@case.local,2.88,2023,approved,0
688,2688,1,YZVM Ogrenci 0688,ogrenci688@case.local,2.86,2024,approved,0
689,2689,1,YZVM Ogrenci 0689,ogrenci689@case.local,2.84,2023,approved,0
690,2690,1,YZVM Ogrenci 0690,ogrenci690@case.local,2.82,2024,approved,0
691,2691,1,YZVM Ogrenci 0691,ogrenci691@case.local,2.80,2023,approved,0
692,2692,1,YZVM Ogrenci 0692,ogrenci692@case.local,2.78,2024,approved,0
693,2693,1,YZVM Ogrenci 0693,ogrenci693@case.local,2.76,2023,approved,0
694,2694,1,YZVM Ogrenci 0694,ogrenci694@case.local,2.74,2024,approved,0
695,2695,1,YZVM Ogrenci 0695,ogrenci695@case.local,2.72,2023,approved,0
696,2696,1,YZVM Ogrenci 0696,ogrenci696@case.local,2.70,2024,approved,0
697,2697,1,YZVM Ogrenci 0697,ogrenci697@case.local,2.68,2023,approved,0
698,2698,1,YZVM Ogrenci 0698,ogrenci698@case.local,2.66,2024,approved,0
699,2699,1,YZVM Ogrenci 0699,ogrenci699@case.local,2.64,2023,approved,0
700,2700,1,YZVM Ogrenci 0700,ogrenci700@case.local,2.62,2024,approved,0
701,2701,1,YZVM Ogrenci 0701,ogrenci701@case.local,2.60,2023,approved,0
702,2702,1,YZVM Ogrenci 0702,ogrenci702@case.local,2.58,2024,approved,0
703,2703,1,YZVM Ogrenci 0703,ogrenci703@case.local,2.56,2023,approved,0
704,2704,1,YZVM Ogrenci 0704,ogrenci704@case.local,2.54,2024,approved,0
705,2705,1,YZVM Ogrenci 0705,ogrenci705@case.local,2.52,2023,approved,0
706,2706,1,YZVM Ogrenci 0706,ogrenci706@case.local,2.50,2024,approved,0
707,2707,1,YZVM Ogrenci 0707,ogrenci707@case.local,2.48,2023,approved,0
708,2708,1,YZVM Ogrenci 0708,ogrenci708@case.local,2.46,2024,approved,0
709,2709,1,YZVM Ogrenci 0709,ogrenci709@case.local,2.44,2023,approved,0
710,2710,1,YZVM Ogrenci 0710,ogrenci710@case.local,2.42,2024,approved,0
711,2711,1,YZVM Ogrenci 0711,ogrenci711@case.local,2.40,2023,approved,0
712,2712,1,YZVM Ogrenci 0712,ogrenci712@case.local,2.38,2024,approved,0
713,2713,1,YZVM Ogrenci 0713,ogrenci713@case.local,2.36,2023,approved,0
714,2714,1,YZVM Ogrenci 0714,ogrenci714@case.local,2.34,2024,approved,0
715,2715,1,YZVM Ogrenci 0715,ogrenci715@case.local,2.32,2023,approved,0
716,2716,1,YZVM Ogrenci 0716,ogrenci716@case.local,2.30,2024,approved,0
717,2717,1,YZVM Ogrenci 0717,ogrenci717@case.local,2.28,2023,approved,0
718,2718,1,YZVM Ogrenci 0718,ogrenci718@case.local,2.26,2024,approved,0
719,2719,1,YZVM Ogrenci 0719,ogrenci719@case.local,2.24,2023,approved,0
720,2720,1,YZVM Ogrenci 0720,ogrenci720@case.local,2.22,2024,approved,0
721,2721,1,YZVM Ogrenci 0721,ogrenci721@case.local,4.00,2023,approved,0
722,2722,1,YZVM Ogrenci 0722,ogrenci722@case.local,3.98,2024,approved,0
723,2723,1,YZVM Ogrenci 0723,ogrenci723@case.local,3.96,2023,approved,0
724,2724,1,YZVM Ogrenci 0724,ogrenci724@case.local,3.94,2024,approved,0
725,2725,1,YZVM Ogrenci 0725,ogrenci725@case.local,3.92,2023,approved,0
726,2726,1,YZVM Ogrenci 0726,ogrenci726@case.local,3.90,2024,approved,0
727,2727,1,YZVM Ogrenci 0727,ogrenci727@case.local,3.88,2023,approved,0
728,2728,1,YZVM Ogrenci 0728,ogrenci728@case.local,3.86,2024,approved,0
729,2729,1,YZVM Ogrenci 0729,ogrenci729@case.local,3.84,2023,approved,0
730,2730,1,YZVM Ogrenci 0730,ogrenci730@case.local,3.82,2024,approved,0
731,2731,1,YZVM Ogrenci 0731,ogrenci731@case.local,3.80,2023,approved,0
732,2732,1,YZVM Ogrenci 0732,ogrenci732@case.local,3.78,2024,approved,0
733,2733,1,YZVM Ogrenci 0733,ogrenci733@case.local,3.76,2023,approved,0
734,2734,1,YZVM Ogrenci 0734,ogrenci734@case.local,3.74,2024,approved,0
735,2735,1,YZVM Ogrenci 0735,ogrenci735@case.local,3.72,2023,approved,0
736,2736,1,YZVM Ogrenci 0736,ogrenci736@case.local,3.70,2024,approved,0
737,2737,1,YZVM Ogrenci 0737,ogrenci737@case.local,3.68,2023,approved,0
738,2738,1,YZVM Ogrenci 0738,ogrenci738@case.local,3.66,2024,approved,0
739,2739,1,YZVM Ogrenci 0739,ogrenci739@case.local,3.64,2023,approved,0
740,2740,1,YZVM Ogrenci 0740,ogrenci740@case.local,3.62,2024,approved,0
741,2741,1,YZVM Ogrenci 0741,ogrenci741@case.local,3.60,2023,approved,0
742,2742,1,YZVM Ogrenci 0742,ogrenci742@case.local,3.58,2024,approved,0
743,2743,1,YZVM Ogrenci 0743,ogrenci743@case.local,3.56,2023,approved,0
744,2744,1,YZVM Ogrenci 0744,ogrenci744@case.local,3.54,2024,approved,0
745,2745,1,YZVM Ogrenci 0745,ogrenci745@case.local,3.52,2023,approved,0
746,2746,1,YZVM Ogrenci 0746,ogrenci746@case.local,3.50,2024,approved,0
747,2747,1,YZVM Ogrenci 0747,ogrenci747@case.local,3.48,2023,approved,0
748,2748,1,YZVM Ogrenci 0748,ogrenci748@case.local,3.46,2024,approved,0
749,2749,1,YZVM Ogrenci 0749,ogrenci749@case.local,3.44,2023,approved,0
750,2750,1,YZVM Ogrenci 0750,ogrenci750@case.local,3.42,2024,approved,0
751,2751,1,YZVM Ogrenci 0751,ogrenci751@case.local,3.40,2023,approved,0
752,2752,1,YZVM Ogrenci 0752,ogrenci752@case.local,3.38,2024,approved,0
753,2753,1,YZVM Ogrenci 0753,ogrenci753@case.local,3.36,2023,approved,0
754,2754,1,YZVM Ogrenci 0754,ogrenci754@case.local,3.34,2024,approved,0
755,2755,1,YZVM Ogrenci 0755,ogrenci755@case.local,3.32,2023,approved,0
756,2756,1,YZVM Ogrenci 0756,ogrenci756@case.local,3.30,2024,approved,0
757,2757,1,YZVM Ogrenci 0757,ogrenci757@case.local,3.28,2023,approved,0
758,2758,1,YZVM Ogrenci 0758,ogrenci758@case.local,3.26,2024,approved,0
759,2759,1,YZVM Ogrenci 0759,ogrenci759@case.local,3.24,2023,approved,0
760,2760,1,YZVM Ogrenci 0760,ogrenci760@case.local,3.22,2024,approved,0
761,2761,1,YZVM Ogrenci 0761,ogrenci761@case.local,3.20,2023,approved,0
762,2762,1,YZVM Ogrenci 0762,ogrenci762@case.local,3.18,2024,approved,0
763,2763,1,YZVM Ogrenci 0763,ogrenci763@case.local,3.16,2023,approved,0
764,2764,1,YZVM Ogrenci 0764,ogrenci764@case.local,3.14,2024,approved,0
765,2765,1,YZVM Ogrenci 0765,ogrenci765@case.local,3.12,2023,approved,0
766,2766,1,YZVM Ogrenci 0766,ogrenci766@case.local,3.10,2024,approved,0
767,2767,1,YZVM Ogrenci 0767,ogrenci767@case.local,3.08,2023,approved,0
768,2768,1,YZVM Ogrenci 0768,ogrenci768@case.local,3.06,2024,approved,0
769,2769,1,YZVM Ogrenci 0769,ogrenci769@case.local,3.04,2023,approved,0
770,2770,1,YZVM Ogrenci 0770,ogrenci770@case.local,3.02,2024,approved,0
771,2771,1,YZVM Ogrenci 0771,ogrenci771@case.local,3.00,2023,approved,0
772,2772,1,YZVM Ogrenci 0772,ogrenci772@case.local,2.98,2024,approved,0
773,2773,1,YZVM Ogrenci 0773,ogrenci773@case.local,2.96,2023,approved,0
774,2774,1,YZVM Ogrenci 0774,ogrenci774@case.local,2.94,2024,approved,0
775,2775,1,YZVM Ogrenci 0775,ogrenci775@case.local,2.92,2023,approved,0
776,2776,1,YZVM Ogrenci 0776,ogrenci776@case.local,2.90,2024,approved,0
777,2777,1,YZVM Ogrenci 0777,ogrenci777@case.local,2.88,2023,approved,0
778,2778,1,YZVM Ogrenci 0778,ogrenci778@case.local,2.86,2024,approved,0
779,2779,1,YZVM Ogrenci 0779,ogrenci779@case.local,2.84,2023,approved,0
780,2780,1,YZVM Ogrenci 0780,ogrenci780@case.local,2.82,2024,approved,0
781,2781,1,YZVM Ogrenci 0781,ogrenci781@case.local,2.80,2023,approved,0
782,2782,1,YZVM Ogrenci 0782,ogrenci782@case.local,2.78,2024,approved,0
783,2783,1,YZVM Ogrenci 0783,ogrenci783@case.local,2.76,2023,approved,0
784,2784,1,YZVM Ogrenci 0784,ogrenci784@case.local,2.74,2024,approved,0
785,2785,1,YZVM Ogrenci 0785,ogrenci785@case.local,2.72,2023,approved,0
786,2786,1,YZVM Ogrenci 0786,ogrenci786@case.local,2.70,2024,approved,0
787,2787,1,YZVM Ogrenci 0787,ogrenci787@case.local,2.68,2023,approved,0
788,2788,1,YZVM Ogrenci 0788,ogrenci788@case.local,2.66,2024,approved,0
789,2789,1,YZVM Ogrenci 0789,ogrenci789@case.local,2.64,2023,approved,0
790,2790,1,YZVM Ogrenci 0790,ogrenci790@case.local,2.62,2024,approved,0
791,2791,1,YZVM Ogrenci 0791,ogrenci791@case.local,2.60,2023,approved,0
792,2792,1,YZVM Ogrenci 0792,ogrenci792@case.local,2.58,2024,approved,0
793,2793,1,YZVM Ogrenci 0793,ogrenci793@case.local,2.56,2023,approved,0
794,2794,1,YZVM Ogrenci 0794,ogrenci794@case.local,2.54,2024,approved,0
795,2795,1,YZVM Ogrenci 0795,ogrenci795@case.local,2.52,2023,approved,0
796,2796,1,YZVM Ogrenci 0796,ogrenci796@case.local,2.50,2024,approved,0
797,2797,1,YZVM Ogrenci 0797,ogrenci797@case.local,2.48,2023,approved,0
798,2798,1,YZVM Ogrenci 0798,ogrenci798@case.local,2.46,2024,approved,0
799,2799,1,YZVM Ogrenci 0799,ogrenci799@case.local,2.44,2023,approved,0
800,2800,1,YZVM Ogrenci 0800,ogrenci800@case.local,2.42,2024,approved,0
801,2801,1,YZVM Ogrenci 0801,ogrenci801@case.local,2.40,2023,approved,0
802,2802,1,YZVM Ogrenci 0802,ogrenci802@case.local,2.38,2024,approved,0
803,2803,1,YZVM Ogrenci 0803,ogrenci803@case.local,2.36,2023,approved,0
804,2804,1,YZVM Ogrenci 0804,ogrenci804@case.local,2.34,2024,approved,0
805,2805,1,YZVM Ogrenci 0805,ogrenci805@case.local,2.32,2023,approved,0
806,2806,1,YZVM Ogrenci 0806,ogrenci806@case.local,2.30,2024,approved,0
807,2807,1,YZVM Ogrenci 0807,ogrenci807@case.local,2.28,2023,approved,0
808,2808,1,YZVM Ogrenci 0808,ogrenci808@case.local,2.26,2024,approved,0
809,2809,1,YZVM Ogrenci 0809,ogrenci809@case.local,2.24,2023,approved,0
810,2810,1,YZVM Ogrenci 0810,ogrenci810@case.local,2.22,2024,approved,0
811,2811,1,YZVM Ogrenci 0811,ogrenci811@case.local,4.00,2023,approved,0
812,2812,1,YZVM Ogrenci 0812,ogrenci812@case.local,3.98,2024,approved,0
813,2813,1,YZVM Ogrenci 0813,ogrenci813@case.local,3.96,2023,approved,0
814,2814,1,YZVM Ogrenci 0814,ogrenci814@case.local,3.94,2024,approved,0
815,2815,1,YZVM Ogrenci 0815,ogrenci815@case.local,3.92,2023,approved,0
816,2816,1,YZVM Ogrenci 0816,ogrenci816@case.local,3.90,2024,approved,0
817,2817,1,YZVM Ogrenci 0817,ogrenci817@case.local,3.88,2023,approved,0
818,2818,1,YZVM Ogrenci 0818,ogrenci818@case.local,3.86,2024,approved,0
819,2819,1,YZVM Ogrenci 0819,ogrenci819@case.local,3.84,2023,approved,0
820,2820,1,YZVM Ogrenci 0820,ogrenci820@case.local,3.82,2024,approved,0
821,2821,1,YZVM Ogrenci 0821,ogrenci821@case.local,3.80,2023,approved,0
822,2822,1,YZVM Ogrenci 0822,ogrenci822@case.local,3.78,2024,approved,0
823,2823,1,YZVM Ogrenci 0823,ogrenci823@case.local,3.76,2023,approved,0
824,2824,1,YZVM Ogrenci 0824,ogrenci824@case.local,3.74,2024,approved,0
825,2825,1,YZVM Ogrenci 0825,ogrenci825@case.local,3.72,2023,approved,0
826,2826,1,YZVM Ogrenci 0826,ogrenci826@case.local,3.70,2024,approved,0
827,2827,1,YZVM Ogrenci 0827,ogrenci827@case.local,3.68,2023,approved,0
828,2828,1,YZVM Ogrenci 0828,ogrenci828@case.local,3.66,2024,approved,0
829,2829,1,YZVM Ogrenci 0829,ogrenci829@case.local,3.64,2023,approved,0
830,2830,1,YZVM Ogrenci 0830,ogrenci830@case.local,3.62,2024,approved,0
831,2831,1,YZVM Ogrenci 0831,ogrenci831@case.local,3.60,2023,approved,0
832,2832,1,YZVM Ogrenci 0832,ogrenci832@case.local,3.58,2024,approved,0
833,2833,1,YZVM Ogrenci 0833,ogrenci833@case.local,3.56,2023,approved,0
834,2834,1,YZVM Ogrenci 0834,ogrenci834@case.local,3.54,2024,approved,0
835,2835,1,YZVM Ogrenci 0835,ogrenci835@case.local,3.52,2023,approved,0
836,2836,1,YZVM Ogrenci 0836,ogrenci836@case.local,3.50,2024,approved,0
837,2837,1,YZVM Ogrenci 0837,ogrenci837@case.local,3.48,2023,approved,0
838,2838,1,YZVM Ogrenci 0838,ogrenci838@case.local,3.46,2024,approved,0
839,2839,1,YZVM Ogrenci 0839,ogrenci839@case.local,3.44,2023,approved,0
840,2840,1,YZVM Ogrenci 0840,ogrenci840@case.local,3.42,2024,approved,0
841,2841,1,YZVM Ogrenci 0841,ogrenci841@case.local,3.40,2023,approved,0
842,2842,1,YZVM Ogrenci 0842,ogrenci842@case.local,3.38,2024,approved,0
843,2843,1,YZVM Ogrenci 0843,ogrenci843@case.local,3.36,2023,approved,0
844,2844,1,YZVM Ogrenci 0844,ogrenci844@case.local,3.34,2024,approved,0
845,2845,1,YZVM Ogrenci 0845,ogrenci845@case.local,3.32,2023,approved,0
846,2846,1,YZVM Ogrenci 0846,ogrenci846@case.local,3.30,2024,approved,0
847,2847,1,YZVM Ogrenci 0847,ogrenci847@case.local,3.28,2023,approved,0
848,2848,1,YZVM Ogrenci 0848,ogrenci848@case.local,3.26,2024,approved,0
849,2849,1,YZVM Ogrenci 0849,ogrenci849@case.local,3.24,2023,approved,0
850,2850,1,YZVM Ogrenci 0850,ogrenci850@case.local,3.22,2024,approved,0
851,2851,1,YZVM Ogrenci 0851,ogrenci851@case.local,3.20,2023,approved,0
852,2852,1,YZVM Ogrenci 0852,ogrenci852@case.local,3.18,2024,approved,0
853,2853,1,YZVM Ogrenci 0853,ogrenci853@case.local,3.16,2023,approved,0
854,2854,1,YZVM Ogrenci 0854,ogrenci854@case.local,3.14,2024,approved,0
855,2855,1,YZVM Ogrenci 0855,ogrenci855@case.local,3.12,2023,approved,0
856,2856,1,YZVM Ogrenci 0856,ogrenci856@case.local,3.10,2024,approved,0
857,2857,1,YZVM Ogrenci 0857,ogrenci857@case.local,3.08,2023,approved,0
858,2858,1,YZVM Ogrenci 0858,ogrenci858@case.local,3.06,2024,approved,0
859,2859,1,YZVM Ogrenci 0859,ogrenci859@case.local,3.04,2023,approved,0
860,2860,1,YZVM Ogrenci 0860,ogrenci860@case.local,3.02,2024,approved,0
861,2861,1,YZVM Ogrenci 0861,ogrenci861@case.local,3.00,2023,approved,0
862,2862,1,YZVM Ogrenci 0862,ogrenci862@case.local,2.98,2024,approved,0
863,2863,1,YZVM Ogrenci 0863,ogrenci863@case.local,2.96,2023,approved,0
864,2864,1,YZVM Ogrenci 0864,ogrenci864@case.local,2.94,2024,approved,0
865,2865,1,YZVM Ogrenci 0865,ogrenci865@case.local,2.92,2023,approved,0
866,2866,1,YZVM Ogrenci 0866,ogrenci866@case.local,2.90,2024,approved,0
867,2867,1,YZVM Ogrenci 0867,ogrenci867@case.local,2.88,2023,approved,0
868,2868,1,YZVM Ogrenci 0868,ogrenci868@case.local,2.86,2024,approved,0
869,2869,1,YZVM Ogrenci 0869,ogrenci869@case.local,2.84,2023,approved,0
870,2870,1,YZVM Ogrenci 0870,ogrenci870@case.local,2.82,2024,approved,0
871,2871,1,YZVM Ogrenci 0871,ogrenci871@case.local,2.80,2023,approved,0
872,2872,1,YZVM Ogrenci 0872,ogrenci872@case.local,2.78,2024,approved,0
873,2873,1,YZVM Ogrenci 0873,ogrenci873@case.local,2.76,2023,approved,0
874,2874,1,YZVM Ogrenci 0874,ogrenci874@case.local,2.74,2024,approved,0
875,2875,1,YZVM Ogrenci 0875,ogrenci875@case.local,2.72,2023,approved,0
876,2876,1,YZVM Ogrenci 0876,ogrenci876@case.local,2.70,2024,approved,0
877,2877,1,YZVM Ogrenci 0877,ogrenci877@case.local,2.68,2023,approved,0
878,2878,1,YZVM Ogrenci 0878,ogrenci878@case.local,2.66,2024,approved,0
879,2879,1,YZVM Ogrenci 0879,ogrenci879@case.local,2.64,2023,approved,0
880,2880,1,YZVM Ogrenci 0880,ogrenci880@case.local,2.62,2024,approved,0
881,2881,1,YZVM Ogrenci 0881,ogrenci881@case.local,2.60,2023,approved,0
882,2882,1,YZVM Ogrenci 0882,ogrenci882@case.local,2.58,2024,approved,0
883,2883,1,YZVM Ogrenci 0883,ogrenci883@case.local,2.56,2023,approved,0
884,2884,1,YZVM Ogrenci 0884,ogrenci884@case.local,2.54,2024,approved,0
885,2885,1,YZVM Ogrenci 0885,ogrenci885@case.local,2.52,2023,approved,0
886,2886,1,YZVM Ogrenci 0886,ogrenci886@case.local,2.50,2024,approved,0
887,2887,1,YZVM Ogrenci 0887,ogrenci887@case.local,2.48,2023,approved,0
888,2888,1,YZVM Ogrenci 0888,ogrenci888@case.local,2.46,2024,approved,0
889,2889,1,YZVM Ogrenci 0889,ogrenci889@case.local,2.44,2023,approved,0
890,2890,1,YZVM Ogrenci 0890,ogrenci890@case.local,2.42,2024,approved,0
891,2891,1,YZVM Ogrenci 0891,ogrenci891@case.local,2.40,2023,approved,0
892,2892,1,YZVM Ogrenci 0892,ogrenci892@case.local,2.38,2024,approved,0
893,2893,1,YZVM Ogrenci 0893,ogrenci893@case.local,2.36,2023,approved,0
894,2894,1,YZVM Ogrenci 0894,ogrenci894@case.local,2.34,2024,approved,0
895,2895,1,YZVM Ogrenci 0895,ogrenci895@case.local,2.32,2023,approved,0
896,2896,1,YZVM Ogrenci 0896,ogrenci896@case.local,2.30,2024,approved,0
897,2897,1,YZVM Ogrenci 0897,ogrenci897@case.local,2.28,2023,approved,0
898,2898,1,YZVM Ogrenci 0898,ogrenci898@case.local,2.26,2024,approved,0
899,2899,1,YZVM Ogrenci 0899,ogrenci899@case.local,2.24,2023,approved,0
900,2900,1,YZVM Ogrenci 0900,ogrenci900@case.local,2.22,2024,approved,0
901,2901,1,YZVM Ogrenci 0901,ogrenci901@case.local,4.00,2023,approved,0
902,2902,1,YZVM Ogrenci 0902,ogrenci902@case.local,3.98,2024,approved,0
903,2903,1,YZVM Ogrenci 0903,ogrenci903@case.local,3.96,2023,approved,0
904,2904,1,YZVM Ogrenci 0904,ogrenci904@case.local,3.94,2024,approved,0
905,2905,1,YZVM Ogrenci 0905,ogrenci905@case.local,3.92,2023,approved,0
906,2906,1,YZVM Ogrenci 0906,ogrenci906@case.local,3.90,2024,approved,0
907,2907,1,YZVM Ogrenci 0907,ogrenci907@case.local,3.88,2023,approved,0
908,2908,1,YZVM Ogrenci 0908,ogrenci908@case.local,3.86,2024,approved,0
909,2909,1,YZVM Ogrenci 0909,ogrenci909@case.local,3.84,2023,approved,0
910,2910,1,YZVM Ogrenci 0910,ogrenci910@case.local,3.82,2024,approved,0
911,2911,1,YZVM Ogrenci 0911,ogrenci911@case.local,3.80,2023,approved,0
912,2912,1,YZVM Ogrenci 0912,ogrenci912@case.local,3.78,2024,approved,0
913,2913,1,YZVM Ogrenci 0913,ogrenci913@case.local,3.76,2023,approved,0
914,2914,1,YZVM Ogrenci 0914,ogrenci914@case.local,3.74,2024,approved,0
915,2915,1,YZVM Ogrenci 0915,ogrenci915@case.local,3.72,2023,approved,0
916,2916,1,YZVM Ogrenci 0916,ogrenci916@case.local,3.70,2024,approved,0
917,2917,1,YZVM Ogrenci 0917,ogrenci917@case.local,3.68,2023,approved,0
918,2918,1,YZVM Ogrenci 0918,ogrenci918@case.local,3.66,2024,approved,0
919,2919,1,YZVM Ogrenci 0919,ogrenci919@case.local,3.64,2023,approved,0
920,2920,1,YZVM Ogrenci 0920,ogrenci920@case.local,3.62,2024,approved,0
921,2921,1,YZVM Ogrenci 0921,ogrenci921@case.local,3.60,2023,approved,0
922,2922,1,YZVM Ogrenci 0922,ogrenci922@case.local,3.58,2024,approved,0
923,2923,1,YZVM Ogrenci 0923,ogrenci923@case.local,3.56,2023,approved,0
924,2924,1,YZVM Ogrenci 0924,ogrenci924@case.local,3.54,2024,approved,0
925,2925,1,YZVM Ogrenci 0925,ogrenci925@case.local,3.52,2023,approved,0
926,2926,1,YZVM Ogrenci 0926,ogrenci926@case.local,3.50,2024,approved,0
927,2927,1,YZVM Ogrenci 0927,ogrenci927@case.local,3.48,2023,approved,0
928,2928,1,YZVM Ogrenci 0928,ogrenci928@case.local,3.46,2024,approved,0
929,2929,1,YZVM Ogrenci 0929,ogrenci929@case.local,3.44,2023,approved,0
930,2930,1,YZVM Ogrenci 0930,ogrenci930@case.local,3.42,2024,approved,0
931,2931,1,YZVM Ogrenci 0931,ogrenci931@case.local,3.40,2023,approved,0
932,2932,1,YZVM Ogrenci 0932,ogrenci932@case.local,3.38,2024,approved,0
933,2933,1,YZVM Ogrenci 0933,ogrenci933@case.local,3.36,2023,approved,0
934,2934,1,YZVM Ogrenci 0934,ogrenci934@case.local,3.34,2024,approved,0
935,2935,1,YZVM Ogrenci 0935,ogrenci935@case.local,3.32,2023,approved,0
936,2936,1,YZVM Ogrenci 0936,ogrenci936@case.local,3.30,2024,approved,0
937,2937,1,YZVM Ogrenci 0937,ogrenci937@case.local,3.28,2023,approved,0
938,2938,1,YZVM Ogrenci 0938,ogrenci938@case.local,3.26,2024,approved,0
939,2939,1,YZVM Ogrenci 0939,ogrenci939@case.local,3.24,2023,approved,0
940,2940,1,YZVM Ogrenci 0940,ogrenci940@case.local,3.22,2024,approved,0
941,2941,1,YZVM Ogrenci 0941,ogrenci941@case.local,3.20,2023,approved,0
942,2942,1,YZVM Ogrenci 0942,ogrenci942@case.local,3.18,2024,approved,0
943,2943,1,YZVM Ogrenci 0943,ogrenci943@case.local,3.16,2023,approved,0
944,2944,1,YZVM Ogrenci 0944,ogrenci944@case.local,3.14,2024,approved,0
945,2945,1,YZVM Ogrenci 0945,ogrenci945@case.local,3.12,2023,approved,0
946,2946,1,YZVM Ogrenci 0946,ogrenci946@case.local,3.10,2024,approved,0
947,2947,1,YZVM Ogrenci 0947,ogrenci947@case.local,3.08,2023,approved,0
948,2948,1,YZVM Ogrenci 0948,ogrenci948@case.local,3.06,2024,approved,0
949,2949,1,YZVM Ogrenci 0949,ogrenci949@case.local,3.04,2023,approved,0
950,2950,1,YZVM Ogrenci 0950,ogrenci950@case.local,3.02,2024,approved,0
951,2951,1,YZVM Ogrenci 0951,ogrenci951@case.local,3.00,2023,approved,0
952,2952,1,YZVM Ogrenci 0952,ogrenci952@case.local,2.98,2024,approved,0
953,2953,1,YZVM Ogrenci 0953,ogrenci953@case.local,2.96,2023,approved,0
954,2954,1,YZVM Ogrenci 0954,ogrenci954@case.local,2.94,2024,approved,0
955,2955,1,YZVM Ogrenci 0955,ogrenci955@case.local,2.92,2023,approved,0
956,2956,1,YZVM Ogrenci 0956,ogrenci956@case.local,2.90,2024,approved,0
957,2957,1,YZVM Ogrenci 0957,ogrenci957@case.local,2.88,2023,approved,0
958,2958,1,YZVM Ogrenci 0958,ogrenci958@case.local,2.86,2024,approved,0
959,2959,1,YZVM Ogrenci 0959,ogrenci959@case.local,2.84,2023,approved,0
960,2960,1,YZVM Ogrenci 0960,ogrenci960@case.local,2.82,2024,approved,0
961,2961,1,YZVM Ogrenci 0961,ogrenci961@case.local,2.80,2023,approved,0
962,2962,1,YZVM Ogrenci 0962,ogrenci962@case.local,2.78,2024,approved,0
963,2963,1,YZVM Ogrenci 0963,ogrenci963@case.local,2.76,2023,approved,0
964,2964,1,YZVM Ogrenci 0964,ogrenci964@case.local,2.74,2024,approved,0
965,2965,1,YZVM Ogrenci 0965,ogrenci965@case.local,2.72,2023,approved,0
966,2966,1,YZVM Ogrenci 0966,ogrenci966@case.local,2.70,2024,approved,0
967,2967,1,YZVM Ogrenci 0967,ogrenci967@case.local,2.68,2023,approved,0
968,2968,1,YZVM Ogrenci 0968,ogrenci968@case.local,2.66,2024,approved,0
969,2969,1,YZVM Ogrenci 0969,ogrenci969@case.local,2.64,2023,approved,0
970,2970,1,YZVM Ogrenci 0970,ogrenci970@case.local,2.62,2024,approved,0
971,2971,1,YZVM Ogrenci 0971,ogrenci971@case.local,2.60,2023,approved,0
972,2972,1,YZVM Ogrenci 0972,ogrenci972@case.local,2.58,2024,approved,0
973,2973,1,YZVM Ogrenci 0973,ogrenci973@case.local,2.56,2023,approved,0
974,2974,1,YZVM Ogrenci 0974,ogrenci974@case.local,2.54,2024,approved,0
975,2975,1,YZVM Ogrenci 0975,ogrenci975@case.local,2.52,2023,approved,0
976,2976,1,YZVM Ogrenci 0976,ogrenci976@case.local,2.50,2024,approved,0
977,2977,1,YZVM Ogrenci 0977,ogrenci977@case.local,2.48,2023,approved,0
978,2978,1,YZVM Ogrenci 0978,ogrenci978@case.local,2.46,2024,approved,0
979,2979,1,YZVM Ogrenci 0979,ogrenci979@case.local,2.44,2023,approved,0
980,2980,1,YZVM Ogrenci 0980,ogrenci980@case.local,2.42,2024,approved,0
981,2981,1,YZVM Ogrenci 0981,ogrenci981@case.local,2.40,2023,approved,0
982,2982,1,YZVM Ogrenci 0982,ogrenci982@case.local,2.38,2024,approved,0
983,2983,1,YZVM Ogrenci 0983,ogrenci983@case.local,2.36,2023,approved,0
984,2984,1,YZVM Ogrenci 0984,ogrenci984@case.local,2.34,2024,approved,0
985,2985,1,YZVM Ogrenci 0985,ogrenci985@case.local,2.32,2023,approved,0
986,2986,1,YZVM Ogrenci 0986,ogrenci986@case.local,2.30,2024,approved,0
987,2987,1,YZVM Ogrenci 0987,ogrenci987@case.local,2.28,2023,approved,0
988,2988,1,YZVM Ogrenci 0988,ogrenci988@case.local,2.26,2024,approved,0
989,2989,1,YZVM Ogrenci 0989,ogrenci989@case.local,2.24,2023,approved,0
990,2990,1,YZVM Ogrenci 0990,ogrenci990@case.local,2.22,2024,approved,0
991,2991,1,YZVM Ogrenci 0991,ogrenci991@case.local,4.00,2023,approved,0
992,2992,1,YZVM Ogrenci 0992,ogrenci992@case.local,3.98,2024,approved,0
993,2993,1,YZVM Ogrenci 0993,ogrenci993@case.local,3.96,2023,approved,0
994,2994,1,YZVM Ogrenci 0994,ogrenci994@case.local,3.94,2024,approved,0
995,2995,1,YZVM Ogrenci 0995,ogrenci995@case.local,3.92,2023,approved,0
996,2996,1,YZVM Ogrenci 0996,ogrenci996@case.local,3.90,2024,approved,0
997,2997,1,YZVM Ogrenci 0997,ogrenci997@case.local,3.88,2023,approved,0
998,2998,1,YZVM Ogrenci 0998,ogrenci998@case.local,3.86,2024,approved,0
999,2999,1,YZVM Ogrenci 0999,ogrenci999@case.local,3.84,2023,approved,0
1000,3000,1,YZVM Ogrenci 1000,ogrenci1000@case.local,3.82,2024,approved,0
1001,3001,1,YZVM Ogrenci 1001,ogrenci1001@case.local,3.80,2023,approved,0
1002,3002,1,YZVM Ogrenci 1002,ogrenci1002@case.local,3.78,2024,approved,0
1003,3003,1,YZVM Ogrenci 1003,ogrenci1003@case.local,3.76,2023,approved,0
1004,3004,1,YZVM Ogrenci 1004,ogrenci1004@case.local,3.74,2024,approved,0
1005,3005,1,YZVM Ogrenci 1005,ogrenci1005@case.local,3.72,2023,approved,0
1006,3006,1,YZVM Ogrenci 1006,ogrenci1006@case.local,3.70,2024,approved,0
1007,3007,1,YZVM Ogrenci 1007,ogrenci1007@case.local,3.68,2023,approved,0
1008,3008,1,YZVM Ogrenci 1008,ogrenci1008@case.local,3.66,2024,approved,0
1009,3009,1,YZVM Ogrenci 1009,ogrenci1009@case.local,3.64,2023,approved,0
1010,3010,1,YZVM Ogrenci 1010,ogrenci1010@case.local,3.62,2024,approved,0
1011,3011,1,YZVM Ogrenci 1011,ogrenci1011@case.local,3.60,2023,approved,0
1012,3012,1,YZVM Ogrenci 1012,ogrenci1012@case.local,3.58,2024,approved,0
1013,3013,1,YZVM Ogrenci 1013,ogrenci1013@case.local,3.56,2023,approved,0
1014,3014,1,YZVM Ogrenci 1014,ogrenci1014@case.local,3.54,2024,approved,0
1015,3015,1,YZVM Ogrenci 1015,ogrenci1015@case.local,3.52,2023,approved,0
1016,3016,1,YZVM Ogrenci 1016,ogrenci1016@case.local,3.50,2024,approved,0
1017,3017,1,YZVM Ogrenci 1017,ogrenci1017@case.local,3.48,2023,approved,0
1018,3018,1,YZVM Ogrenci 1018,ogrenci1018@case.local,3.46,2024,approved,0
1019,3019,1,YZVM Ogrenci 1019,ogrenci1019@case.local,3.44,2023,approved,0
1020,3020,1,YZVM Ogrenci 1020,ogrenci1020@case.local,3.42,2024,approved,0
1021,3021,1,YZVM Ogrenci 1021,ogrenci1021@case.local,3.40,2023,approved,0
1022,3022,1,YZVM Ogrenci 1022,ogrenci1022@case.local,3.38,2024,approved,0
1023,3023,1,YZVM Ogrenci 1023,ogrenci1023@case.local,3.36,2023,approved,0
1024,3024,1,YZVM Ogrenci 1024,ogrenci1024@case.local,3.34,2024,approved,0
1025,3025,1,YZVM Ogrenci 1025,ogrenci1025@case.local,3.32,2023,approved,0
1026,3026,1,YZVM Ogrenci 1026,ogrenci1026@case.local,3.30,2024,approved,0
1027,3027,1,YZVM Ogrenci 1027,ogrenci1027@case.local,3.28,2023,approved,0
1028,3028,1,YZVM Ogrenci 1028,ogrenci1028@case.local,3.26,2024,approved,0
1029,3029,1,YZVM Ogrenci 1029,ogrenci1029@case.local,3.24,2023,approved,0
1030,3030,1,YZVM Ogrenci 1030,ogrenci1030@case.local,3.22,2024,approved,0
1031,3031,1,YZVM Ogrenci 1031,ogrenci1031@case.local,3.20,2023,approved,0
1032,3032,1,YZVM Ogrenci 1032,ogrenci1032@case.local,3.18,2024,approved,0
1033,3033,1,YZVM Ogrenci 1033,ogrenci1033@case.local,3.16,2023,approved,0
1034,3034,1,YZVM Ogrenci 1034,ogrenci1034@case.local,3.14,2024,approved,0
1035,3035,1,YZVM Ogrenci 1035,ogrenci1035@case.local,3.12,2023,approved,0
1036,3036,1,YZVM Ogrenci 1036,ogrenci1036@case.local,3.10,2024,approved,0
1037,3037,1,YZVM Ogrenci 1037,ogrenci1037@case.local,3.08,2023,approved,0
1038,3038,1,YZVM Ogrenci 1038,ogrenci1038@case.local,3.06,2024,approved,0
1039,3039,1,YZVM Ogrenci 1039,ogrenci1039@case.local,3.04,2023,approved,0
1040,3040,1,YZVM Ogrenci 1040,ogrenci1040@case.local,3.02,2024,approved,0
1041,3041,1,YZVM Ogrenci 1041,ogrenci1041@case.local,3.00,2023,approved,0
1042,3042,1,YZVM Ogrenci 1042,ogrenci1042@case.local,2.98,2024,approved,0
1043,3043,1,YZVM Ogrenci 1043,ogrenci1043@case.local,2.96,2023,approved,0
1044,3044,1,YZVM Ogrenci 1044,ogrenci1044@case.local,2.94,2024,approved,0
1045,3045,1,YZVM Ogrenci 1045,ogrenci1045@case.local,2.92,2023,approved,0
1046,3046,1,YZVM Ogrenci 1046,ogrenci1046@case.local,2.90,2024,approved,0
1047,3047,1,YZVM Ogrenci 1047,ogrenci1047@case.local,2.88,2023,approved,0
1048,3048,1,YZVM Ogrenci 1048,ogrenci1048@case.local,2.86,2024,approved,0
1049,3049,1,YZVM Ogrenci 1049,ogrenci1049@case.local,2.84,2023,approved,0
1050,3050,1,YZVM Ogrenci 1050,ogrenci1050@case.local,2.82,2024,approved,0
1051,3051,1,YZVM Ogrenci 1051,ogrenci1051@case.local,2.80,2023,approved,0
1052,3052,1,YZVM Ogrenci 1052,ogrenci1052@case.local,2.78,2024,approved,0
1053,3053,1,YZVM Ogrenci 1053,ogrenci1053@case.local,2.76,2023,approved,0
1054,3054,1,YZVM Ogrenci 1054,ogrenci1054@case.local,2.74,2024,approved,0
1055,3055,1,YZVM Ogrenci 1055,ogrenci1055@case.local,2.72,2023,approved,0
1056,3056,1,YZVM Ogrenci 1056,ogrenci1056@case.local,2.70,2024,approved,0
1057,3057,1,YZVM Ogrenci 1057,ogrenci1057@case.local,2.68,2023,approved,0
1058,3058,1,YZVM Ogrenci 1058,ogrenci1058@case.local,2.66,2024,approved,0
1059,3059,1,YZVM Ogrenci 1059,ogrenci1059@case.local,2.64,2023,approved,0
1060,3060,1,YZVM Ogrenci 1060,ogrenci1060@case.local,2.62,2024,approved,0
1061,3061,1,YZVM Ogrenci 1061,ogrenci1061@case.local,2.60,2023,approved,0
1062,3062,1,YZVM Ogrenci 1062,ogrenci1062@case.local,2.58,2024,approved,0
1063,3063,1,YZVM Ogrenci 1063,ogrenci1063@case.local,2.56,2023,approved,0
1064,3064,1,YZVM Ogrenci 1064,ogrenci1064@case.local,2.54,2024,approved,0
1065,3065,1,YZVM Ogrenci 1065,ogrenci1065@case.local,2.52,2023,approved,0
1066,3066,1,YZVM Ogrenci 1066,ogrenci1066@case.local,2.50,2024,approved,0
1067,3067,1,YZVM Ogrenci 1067,ogrenci1067@case.local,2.48,2023,approved,0
1068,3068,1,YZVM Ogrenci 1068,ogrenci1068@case.local,2.46,2024,approved,0
1069,3069,1,YZVM Ogrenci 1069,ogrenci1069@case.local,2.44,2023,approved,0
1070,3070,1,YZVM Ogrenci 1070,ogrenci1070@case.local,2.42,2024,approved,0
1071,3071,1,YZVM Ogrenci 1071,ogrenci1071@case.local,2.40,2023,approved,0
1072,3072,1,YZVM Ogrenci 1072,ogrenci1072@case.local,2.38,2024,approved,0
1073,3073,1,YZVM Ogrenci 1073,ogrenci1073@case.local,2.36,2023,approved,0
1074,3074,1,YZVM Ogrenci 1074,ogrenci1074@case.local,2.34,2024,approved,0
1075,3075,1,YZVM Ogrenci 1075,ogrenci1075@case.local,2.32,2023,approved,0
1076,3076,1,YZVM Ogrenci 1076,ogrenci1076@case.local,2.30,2024,approved,0
1077,3077,1,YZVM Ogrenci 1077,ogrenci1077@case.local,2.28,2023,approved,0
1078,3078,1,YZVM Ogrenci 1078,ogrenci1078@case.local,2.26,2024,approved,0
1079,3079,1,YZVM Ogrenci 1079,ogrenci1079@case.local,2.24,2023,approved,0
1080,3080,1,YZVM Ogrenci 1080,ogrenci1080@case.local,2.22,2024,approved,0
1081,3081,1,YZVM Ogrenci 1081,ogrenci1081@case.local,4.00,2023,approved,0
1082,3082,1,YZVM Ogrenci 1082,ogrenci1082@case.local,3.98,2024,approved,0
1083,3083,1,YZVM Ogrenci 1083,ogrenci1083@case.local,3.96,2023,approved,0
1084,3084,1,YZVM Ogrenci 1084,ogrenci1084@case.local,3.94,2024,approved,0
1085,3085,1,YZVM Ogrenci 1085,ogrenci1085@case.local,3.92,2023,approved,0
1086,3086,1,YZVM Ogrenci 1086,ogrenci1086@case.local,3.90,2024,approved,0
1087,3087,1,YZVM Ogrenci 1087,ogrenci1087@case.local,3.88,2023,approved,0
1088,3088,1,YZVM Ogrenci 1088,ogrenci1088@case.local,3.86,2024,approved,0
1089,3089,1,YZVM Ogrenci 1089,ogrenci1089@case.local,3.84,2023,approved,0
1090,3090,1,YZVM Ogrenci 1090,ogrenci1090@case.local,3.82,2024,approved,0
1091,3091,1,YZVM Ogrenci 1091,ogrenci1091@case.local,3.80,2023,approved,0
1092,3092,1,YZVM Ogrenci 1092,ogrenci1092@case.local,3.78,2024,approved,0
1093,3093,1,YZVM Ogrenci 1093,ogrenci1093@case.local,3.76,2023,approved,0
1094,3094,1,YZVM Ogrenci 1094,ogrenci1094@case.local,3.74,2024,approved,0
1095,3095,1,YZVM Ogrenci 1095,ogrenci1095@case.local,3.72,2023,approved,0
1096,3096,1,YZVM Ogrenci 1096,ogrenci1096@case.local,3.70,2024,approved,0
1097,3097,1,YZVM Ogrenci 1097,ogrenci1097@case.local,3.68,2023,approved,0
1098,3098,1,YZVM Ogrenci 1098,ogrenci1098@case.local,3.66,2024,approved,0
1099,3099,1,YZVM Ogrenci 1099,ogrenci1099@case.local,3.64,2023,approved,0
1100,3100,1,YZVM Ogrenci 1100,ogrenci1100@case.local,3.62,2024,approved,0
1101,3101,1,YZVM Ogrenci 1101,ogrenci1101@case.local,3.60,2023,approved,0
1102,3102,1,YZVM Ogrenci 1102,ogrenci1102@case.local,3.58,2024,approved,0
1103,3103,1,YZVM Ogrenci 1103,ogrenci1103@case.local,3.56,2023,approved,0
1104,3104,1,YZVM Ogrenci 1104,ogrenci1104@case.local,3.54,2024,approved,0
1105,3105,1,YZVM Ogrenci 1105,ogrenci1105@case.local,3.52,2023,approved,0
1106,3106,1,YZVM Ogrenci 1106,ogrenci1106@case.local,3.50,2024,approved,0
1107,3107,1,YZVM Ogrenci 1107,ogrenci1107@case.local,3.48,2023,approved,0
1108,3108,1,YZVM Ogrenci 1108,ogrenci1108@case.local,3.46,2024,approved,0
1109,3109,1,YZVM Ogrenci 1109,ogrenci1109@case.local,3.44,2023,approved,0
1110,3110,1,YZVM Ogrenci 1110,ogrenci1110@case.local,3.42,2024,approved,0
1111,3111,1,YZVM Ogrenci 1111,ogrenci1111@case.local,3.40,2023,approved,0
1112,3112,1,YZVM Ogrenci 1112,ogrenci1112@case.local,3.38,2024,approved,0
1113,3113,1,YZVM Ogrenci 1113,ogrenci1113@case.local,3.36,2023,approved,0
1114,3114,1,YZVM Ogrenci 1114,ogrenci1114@case.local,3.34,2024,approved,0
1115,3115,1,YZVM Ogrenci 1115,ogrenci1115@case.local,3.32,2023,approved,0
1116,3116,1,YZVM Ogrenci 1116,ogrenci1116@case.local,3.30,2024,approved,0
1117,3117,1,YZVM Ogrenci 1117,ogrenci1117@case.local,3.28,2023,approved,0
1118,3118,1,YZVM Ogrenci 1118,ogrenci1118@case.local,3.26,2024,approved,0
1119,3119,1,YZVM Ogrenci 1119,ogrenci1119@case.local,3.24,2023,approved,0
1120,3120,1,YZVM Ogrenci 1120,ogrenci1120@case.local,3.22,2024,approved,0
1121,3121,1,YZVM Ogrenci 1121,ogrenci1121@case.local,3.20,2023,approved,0
1122,3122,1,YZVM Ogrenci 1122,ogrenci1122@case.local,3.18,2024,approved,0
1123,3123,1,YZVM Ogrenci 1123,ogrenci1123@case.local,3.16,2023,approved,0
1124,3124,1,YZVM Ogrenci 1124,ogrenci1124@case.local,3.14,2024,approved,0
1125,3125,1,YZVM Ogrenci 1125,ogrenci1125@case.local,3.12,2023,approved,0
1126,3126,1,YZVM Ogrenci 1126,ogrenci1126@case.local,3.10,2024,approved,0
1127,3127,1,YZVM Ogrenci 1127,ogrenci1127@case.local,3.08,2023,approved,0
1128,3128,1,YZVM Ogrenci 1128,ogrenci1128@case.local,3.06,2024,approved,0
1129,3129,1,YZVM Ogrenci 1129,ogrenci1129@case.local,3.04,2023,approved,0
1130,3130,1,YZVM Ogrenci 1130,ogrenci1130@case.local,3.02,2024,approved,0
1131,3131,1,YZVM Ogrenci 1131,ogrenci1131@case.local,3.00,2023,approved,0
1132,3132,1,YZVM Ogrenci 1132,ogrenci1132@case.local,2.98,2024,approved,0
1133,3133,1,YZVM Ogrenci 1133,ogrenci1133@case.local,2.96,2023,approved,0
1134,3134,1,YZVM Ogrenci 1134,ogrenci1134@case.local,2.94,2024,approved,0
1135,3135,1,YZVM Ogrenci 1135,ogrenci1135@case.local,2.92,2023,approved,0
1136,3136,1,YZVM Ogrenci 1136,ogrenci1136@case.local,2.90,2024,approved,0
1137,3137,1,YZVM Ogrenci 1137,ogrenci1137@case.local,2.88,2023,approved,0
1138,3138,1,YZVM Ogrenci 1138,ogrenci1138@case.local,2.86,2024,approved,0
1139,3139,1,YZVM Ogrenci 1139,ogrenci1139@case.local,2.84,2023,approved,0
1140,3140,1,YZVM Ogrenci 1140,ogrenci1140@case.local,2.82,2024,approved,0
1141,3141,1,YZVM Ogrenci 1141,ogrenci1141@case.local,2.80,2023,approved,0
1142,3142,1,YZVM Ogrenci 1142,ogrenci1142@case.local,2.78,2024,approved,0
1143,3143,1,YZVM Ogrenci 1143,ogrenci1143@case.local,2.76,2023,approved,0
1144,3144,1,YZVM Ogrenci 1144,ogrenci1144@case.local,2.74,2024,approved,0
1145,3145,1,YZVM Ogrenci 1145,ogrenci1145@case.local,2.72,2023,approved,0
1146,3146,1,YZVM Ogrenci 1146,ogrenci1146@case.local,2.70,2024,approved,0
1147,3147,1,YZVM Ogrenci 1147,ogrenci1147@case.local,2.68,2023,approved,0
1148,3148,1,YZVM Ogrenci 1148,ogrenci1148@case.local,2.66,2024,approved,0
1149,3149,1,YZVM Ogrenci 1149,ogrenci1149@case.local,2.64,2023,approved,0
1150,3150,1,YZVM Ogrenci 1150,ogrenci1150@case.local,2.62,2024,approved,0
1151,3151,1,YZVM Ogrenci 1151,ogrenci1151@case.local,2.60,2023,approved,0
1152,3152,1,YZVM Ogrenci 1152,ogrenci1152@case.local,2.58,2024,approved,0
1153,3153,1,YZVM Ogrenci 1153,ogrenci1153@case.local,2.56,2023,approved,0
1154,3154,1,YZVM Ogrenci 1154,ogrenci1154@case.local,2.54,2024,approved,0
1155,3155,1,YZVM Ogrenci 1155,ogrenci1155@case.local,2.52,2023,approved,0
1156,3156,1,YZVM Ogrenci 1156,ogrenci1156@case.local,2.50,2024,approved,0
1157,3157,1,YZVM Ogrenci 1157,ogrenci1157@case.local,2.48,2023,approved,0
1158,3158,1,YZVM Ogrenci 1158,ogrenci1158@case.local,2.46,2024,approved,0
1159,3159,1,YZVM Ogrenci 1159,ogrenci1159@case.local,2.44,2023,approved,0
1160,3160,1,YZVM Ogrenci 1160,ogrenci1160@case.local,2.42,2024,approved,0
1161,3161,1,YZVM Ogrenci 1161,ogrenci1161@case.local,2.40,2023,approved,0
1162,3162,1,YZVM Ogrenci 1162,ogrenci1162@case.local,2.38,2024,approved,0
1163,3163,1,YZVM Ogrenci 1163,ogrenci1163@case.local,2.36,2023,approved,0
1164,3164,1,YZVM Ogrenci 1164,ogrenci1164@case.local,2.34,2024,approved,0
1165,3165,1,YZVM Ogrenci 1165,ogrenci1165@case.local,2.32,2023,approved,0
1166,3166,1,YZVM Ogrenci 1166,ogrenci1166@case.local,2.30,2024,approved,0
1167,3167,1,YZVM Ogrenci 1167,ogrenci1167@case.local,2.28,2023,approved,0
1168,3168,1,YZVM Ogrenci 1168,ogrenci1168@case.local,2.26,2024,approved,0
1169,3169,1,YZVM Ogrenci 1169,ogrenci1169@case.local,2.24,2023,approved,0
1170,3170,1,YZVM Ogrenci 1170,ogrenci1170@case.local,2.22,2024,approved,0
1171,3171,1,YZVM Ogrenci 1171,ogrenci1171@case.local,4.00,2023,approved,0
1172,3172,1,YZVM Ogrenci 1172,ogrenci1172@case.local,3.98,2024,approved,0
1173,3173,1,YZVM Ogrenci 1173,ogrenci1173@case.local,3.96,2023,approved,0
1174,3174,1,YZVM Ogrenci 1174,ogrenci1174@case.local,3.94,2024,approved,0
1175,3175,1,YZVM Ogrenci 1175,ogrenci1175@case.local,3.92,2023,approved,0
1176,3176,1,YZVM Ogrenci 1176,ogrenci1176@case.local,3.90,2024,approved,0
1177,3177,1,YZVM Ogrenci 1177,ogrenci1177@case.local,3.88,2023,approved,0
1178,3178,1,YZVM Ogrenci 1178,ogrenci1178@case.local,3.86,2024,approved,0
1179,3179,1,YZVM Ogrenci 1179,ogrenci1179@case.local,3.84,2023,approved,0
1180,3180,1,YZVM Ogrenci 1180,ogrenci1180@case.local,3.82,2024,approved,0
1181,3181,1,YZVM Ogrenci 1181,ogrenci1181@case.local,3.80,2023,approved,0
1182,3182,1,YZVM Ogrenci 1182,ogrenci1182@case.local,3.78,2024,approved,0
1183,3183,1,YZVM Ogrenci 1183,ogrenci1183@case.local,3.76,2023,approved,0
1184,3184,1,YZVM Ogrenci 1184,ogrenci1184@case.local,3.74,2024,approved,0
1185,3185,1,YZVM Ogrenci 1185,ogrenci1185@case.local,3.72,2023,approved,0
1186,3186,1,YZVM Ogrenci 1186,ogrenci1186@case.local,3.70,2024,approved,0
1187,3187,1,YZVM Ogrenci 1187,ogrenci1187@case.local,3.68,2023,approved,0
1188,3188,1,YZVM Ogrenci 1188,ogrenci1188@case.local,3.66,2024,approved,0
1189,3189,1,YZVM Ogrenci 1189,ogrenci1189@case.local,3.64,2023,approved,0
1190,3190,1,YZVM Ogrenci 1190,ogrenci1190@case.local,3.62,2024,approved,0
1191,3191,1,YZVM Ogrenci 1191,ogrenci1191@case.local,3.60,2023,approved,0
1192,3192,1,YZVM Ogrenci 1192,ogrenci1192@case.local,3.58,2024,approved,0
1193,3193,1,YZVM Ogrenci 1193,ogrenci1193@case.local,3.56,2023,approved,0
1194,3194,1,YZVM Ogrenci 1194,ogrenci1194@case.local,3.54,2024,approved,0
1195,3195,1,YZVM Ogrenci 1195,ogrenci1195@case.local,3.52,2023,approved,0
1196,3196,1,YZVM Ogrenci 1196,ogrenci1196@case.local,3.50,2024,approved,0
1197,3197,1,YZVM Ogrenci 1197,ogrenci1197@case.local,3.48,2023,approved,0
1198,3198,1,YZVM Ogrenci 1198,ogrenci1198@case.local,3.46,2024,approved,0
1199,3199,1,YZVM Ogrenci 1199,ogrenci1199@case.local,3.44,2023,approved,0
1200,3200,1,YZVM Ogrenci 1200,ogrenci1200@case.local,3.42,2024,approved,0
1201,3201,1,YZVM Ogrenci 1201,ogrenci1201@case.local,3.40,2023,approved,0
1202,3202,1,YZVM Ogrenci 1202,ogrenci1202@case.local,3.38,2024,approved,0
1203,3203,1,YZVM Ogrenci 1203,ogrenci1203@case.local,3.36,2023,approved,0
1204,3204,1,YZVM Ogrenci 1204,ogrenci1204@case.local,3.34,2024,approved,0
1205,3205,1,YZVM Ogrenci 1205,ogrenci1205@case.local,3.32,2023,approved,0
1206,3206,1,YZVM Ogrenci 1206,ogrenci1206@case.local,3.30,2024,approved,0
1207,3207,1,YZVM Ogrenci 1207,ogrenci1207@case.local,3.28,2023,approved,0
1208,3208,1,YZVM Ogrenci 1208,ogrenci1208@case.local,3.26,2024,approved,0
1209,3209,1,YZVM Ogrenci 1209,ogrenci1209@case.local,3.24,2023,approved,0
1210,3210,1,YZVM Ogrenci 1210,ogrenci1210@case.local,3.22,2024,approved,0
1211,3211,1,YZVM Ogrenci 1211,ogrenci1211@case.local,3.20,2023,approved,0
1212,3212,1,YZVM Ogrenci 1212,ogrenci1212@case.local,3.18,2024,approved,0
1213,3213,1,YZVM Ogrenci 1213,ogrenci1213@case.local,3.16,2023,approved,0
1214,3214,1,YZVM Ogrenci 1214,ogrenci1214@case.local,3.14,2024,approved,0
1215,3215,1,YZVM Ogrenci 1215,ogrenci1215@case.local,3.12,2023,approved,0
1216,3216,1,YZVM Ogrenci 1216,ogrenci1216@case.local,3.10,2024,approved,0
1217,3217,1,YZVM Ogrenci 1217,ogrenci1217@case.local,3.08,2023,approved,0
1218,3218,1,YZVM Ogrenci 1218,ogrenci1218@case.local,3.06,2024,approved,0
1219,3219,1,YZVM Ogrenci 1219,ogrenci1219@case.local,3.04,2023,approved,0
1220,3220,1,YZVM Ogrenci 1220,ogrenci1220@case.local,3.02,2024,approved,0
1221,3221,1,YZVM Ogrenci 1221,ogrenci1221@case.local,3.00,2023,approved,0
1222,3222,1,YZVM Ogrenci 1222,ogrenci1222@case.local,2.98,2024,approved,0
1223,3223,1,YZVM Ogrenci 1223,ogrenci1223@case.local,2.96,2023,approved,0
1224,3224,1,YZVM Ogrenci 1224,ogrenci1224@case.local,2.94,2024,approved,0
1225,3225,1,YZVM Ogrenci 1225,ogrenci1225@case.local,2.92,2023,approved,0
1226,3226,1,YZVM Ogrenci 1226,ogrenci1226@case.local,2.90,2024,approved,0
1227,3227,1,YZVM Ogrenci 1227,ogrenci1227@case.local,2.88,2023,approved,0
1228,3228,1,YZVM Ogrenci 1228,ogrenci1228@case.local,2.86,2024,approved,0
1229,3229,1,YZVM Ogrenci 1229,ogrenci1229@case.local,2.84,2023,approved,0
1230,3230,1,YZVM Ogrenci 1230,ogrenci1230@case.local,2.82,2024,approved,0
1231,3231,1,YZVM Ogrenci 1231,ogrenci1231@case.local,2.80,2023,approved,0
1232,3232,1,YZVM Ogrenci 1232,ogrenci1232@case.local,2.78,2024,approved,0
1233,3233,1,YZVM Ogrenci 1233,ogrenci1233@case.local,2.76,2023,approved,0
1234,3234,1,YZVM Ogrenci 1234,ogrenci1234@case.local,2.74,2024,approved,0
1235,3235,1,YZVM Ogrenci 1235,ogrenci1235@case.local,2.72,2023,approved,0
1236,3236,1,YZVM Ogrenci 1236,ogrenci1236@case.local,2.70,2024,approved,0
1237,3237,1,YZVM Ogrenci 1237,ogrenci1237@case.local,2.68,2023,approved,0
1238,3238,1,YZVM Ogrenci 1238,ogrenci1238@case.local,2.66,2024,approved,0
1239,3239,1,YZVM Ogrenci 1239,ogrenci1239@case.local,2.64,2023,approved,0
1240,3240,1,YZVM Ogrenci 1240,ogrenci1240@case.local,2.62,2024,approved,0
1241,3241,1,YZVM Ogrenci 1241,ogrenci1241@case.local,2.60,2023,approved,0
1242,3242,1,YZVM Ogrenci 1242,ogrenci1242@case.local,2.58,2024,approved,0
1243,3243,1,YZVM Ogrenci 1243,ogrenci1243@case.local,2.56,2023,approved,0
1244,3244,1,YZVM Ogrenci 1244,ogrenci1244@case.local,2.54,2024,approved,0
1245,3245,1,YZVM Ogrenci 1245,ogrenci1245@case.local,2.52,2023,approved,0
1246,3246,1,YZVM Ogrenci 1246,ogrenci1246@case.local,2.50,2024,approved,0
1247,3247,1,YZVM Ogrenci 1247,ogrenci1247@case.local,2.48,2023,approved,0
1248,3248,1,YZVM Ogrenci 1248,ogrenci1248@case.local,2.46,2024,approved,0
1249,3249,1,YZVM Ogrenci 1249,ogrenci1249@case.local,2.44,2023,approved,0
1250,3250,1,YZVM Ogrenci 1250,ogrenci1250@case.local,2.42,2024,approved,0
1251,3251,1,YZVM Ogrenci 1251,ogrenci1251@case.local,2.40,2023,approved,0
1252,3252,1,YZVM Ogrenci 1252,ogrenci1252@case.local,2.38,2024,approved,0
1253,3253,1,YZVM Ogrenci 1253,ogrenci1253@case.local,2.36,2023,approved,0
1254,3254,1,YZVM Ogrenci 1254,ogrenci1254@case.local,2.34,2024,approved,0
1255,3255,1,YZVM Ogrenci 1255,ogrenci1255@case.local,2.32,2023,approved,0
1256,3256,1,YZVM Ogrenci 1256,ogrenci1256@case.local,2.30,2024,approved,0
1257,3257,1,YZVM Ogrenci 1257,ogrenci1257@case.local,2.28,2023,approved,0
1258,3258,1,YZVM Ogrenci 1258,ogrenci1258@case.local,2.26,2024,approved,0
1259,3259,1,YZVM Ogrenci 1259,ogrenci1259@case.local,2.24,2023,approved,0
1260,3260,1,YZVM Ogrenci 1260,ogrenci1260@case.local,2.22,2024,approved,0
1261,3261,1,YZVM Ogrenci 1261,ogrenci1261@case.local,4.00,2023,approved,0
1262,3262,1,YZVM Ogrenci 1262,ogrenci1262@case.local,3.98,2024,approved,0
1263,3263,1,YZVM Ogrenci 1263,ogrenci1263@case.local,3.96,2023,approved,0
1264,3264,1,YZVM Ogrenci 1264,ogrenci1264@case.local,3.94,2024,approved,0
1265,3265,1,YZVM Ogrenci 1265,ogrenci1265@case.local,3.92,2023,approved,0
1266,3266,1,YZVM Ogrenci 1266,ogrenci1266@case.local,3.90,2024,approved,0
1267,3267,1,YZVM Ogrenci 1267,ogrenci1267@case.local,3.88,2023,approved,0
1268,3268,1,YZVM Ogrenci 1268,ogrenci1268@case.local,3.86,2024,approved,0
1269,3269,1,YZVM Ogrenci 1269,ogrenci1269@case.local,3.84,2023,approved,0
1270,3270,1,YZVM Ogrenci 1270,ogrenci1270@case.local,3.82,2024,approved,0
1271,3271,1,YZVM Ogrenci 1271,ogrenci1271@case.local,3.80,2023,approved,0
1272,3272,1,YZVM Ogrenci 1272,ogrenci1272@case.local,3.78,2024,approved,0
1273,3273,1,YZVM Ogrenci 1273,ogrenci1273@case.local,3.76,2023,approved,0
1274,3274,1,YZVM Ogrenci 1274,ogrenci1274@case.local,3.74,2024,approved,0
1275,3275,1,YZVM Ogrenci 1275,ogrenci1275@case.local,3.72,2023,approved,0
1276,3276,1,YZVM Ogrenci 1276,ogrenci1276@case.local,3.70,2024,approved,0
1277,3277,1,YZVM Ogrenci 1277,ogrenci1277@case.local,3.68,2023,approved,0
1278,3278,1,YZVM Ogrenci 1278,ogrenci1278@case.local,3.66,2024,approved,0
1279,3279,1,YZVM Ogrenci 1279,ogrenci1279@case.local,3.64,2023,approved,0
1280,3280,1,YZVM Ogrenci 1280,ogrenci1280@case.local,3.62,2024,approved,0
1281,3281,1,YZVM Ogrenci 1281,ogrenci1281@case.local,3.60,2023,approved,0
1282,3282,1,YZVM Ogrenci 1282,ogrenci1282@case.local,3.58,2024,approved,0
1283,3283,1,YZVM Ogrenci 1283,ogrenci1283@case.local,3.56,2023,approved,0
1284,3284,1,YZVM Ogrenci 1284,ogrenci1284@case.local,3.54,2024,approved,0
1285,3285,1,YZVM Ogrenci 1285,ogrenci1285@case.local,3.52,2023,approved,0
1286,3286,1,YZVM Ogrenci 1286,ogrenci1286@case.local,3.50,2024,approved,0
1287,3287,1,YZVM Ogrenci 1287,ogrenci1287@case.local,3.48,2023,approved,0
1288,3288,1,YZVM Ogrenci 1288,ogrenci1288@case.local,3.46,2024,approved,0
1289,3289,1,YZVM Ogrenci 1289,ogrenci1289@case.local,3.44,2023,approved,0
1290,3290,1,YZVM Ogrenci 1290,ogrenci1290@case.local,3.42,2024,approved,0
1291,3291,1,YZVM Ogrenci 1291,ogrenci1291@case.local,3.40,2023,approved,0
1292,3292,1,YZVM Ogrenci 1292,ogrenci1292@case.local,3.38,2024,approved,0
1293,3293,1,YZVM Ogrenci 1293,ogrenci1293@case.local,3.36,2023,approved,0
1294,3294,1,YZVM Ogrenci 1294,ogrenci1294@case.local,3.34,2024,approved,0
1295,3295,1,YZVM Ogrenci 1295,ogrenci1295@case.local,3.32,2023,approved,0
1296,3296,1,YZVM Ogrenci 1296,ogrenci1296@case.local,3.30,2024,approved,0
1297,3297,1,YZVM Ogrenci 1297,ogrenci1297@case.local,3.28,2023,approved,0
1298,3298,1,YZVM Ogrenci 1298,ogrenci1298@case.local,3.26,2024,approved,0
1299,3299,1,YZVM Ogrenci 1299,ogrenci1299@case.local,3.24,2023,approved,0
1300,3300,1,YZVM Ogrenci 1300,ogrenci1300@case.local,3.22,2024,approved,0
1301,3301,1,YZVM Ogrenci 1301,ogrenci1301@case.local,3.20,2023,approved,0
1302,3302,1,YZVM Ogrenci 1302,ogrenci1302@case.local,3.18,2024,approved,0
1303,3303,1,YZVM Ogrenci 1303,ogrenci1303@case.local,3.16,2023,approved,0
1304,3304,1,YZVM Ogrenci 1304,ogrenci1304@case.local,3.14,2024,approved,0
1305,3305,1,YZVM Ogrenci 1305,ogrenci1305@case.local,3.12,2023,approved,0
1306,3306,1,YZVM Ogrenci 1306,ogrenci1306@case.local,3.10,2024,approved,0
1307,3307,1,YZVM Ogrenci 1307,ogrenci1307@case.local,3.08,2023,approved,0
1308,3308,1,YZVM Ogrenci 1308,ogrenci1308@case.local,3.06,2024,approved,0
1309,3309,1,YZVM Ogrenci 1309,ogrenci1309@case.local,3.04,2023,approved,0
1310,3310,1,YZVM Ogrenci 1310,ogrenci1310@case.local,3.02,2024,approved,0
1311,3311,1,YZVM Ogrenci 1311,ogrenci1311@case.local,3.00,2023,approved,0
1312,3312,1,YZVM Ogrenci 1312,ogrenci1312@case.local,2.98,2024,approved,0
1313,3313,1,YZVM Ogrenci 1313,ogrenci1313@case.local,2.96,2023,approved,0
1314,3314,1,YZVM Ogrenci 1314,ogrenci1314@case.local,2.94,2024,approved,0
1315,3315,1,YZVM Ogrenci 1315,ogrenci1315@case.local,2.92,2023,approved,0
1316,3316,1,YZVM Ogrenci 1316,ogrenci1316@case.local,2.90,2024,approved,0
1317,3317,1,YZVM Ogrenci 1317,ogrenci1317@case.local,2.88,2023,approved,0
1318,3318,1,YZVM Ogrenci 1318,ogrenci1318@case.local,2.86,2024,approved,0
1319,3319,1,YZVM Ogrenci 1319,ogrenci1319@case.local,2.84,2023,approved,0
1320,3320,1,YZVM Ogrenci 1320,ogrenci1320@case.local,2.82,2024,approved,0
1321,3321,1,YZVM Ogrenci 1321,ogrenci1321@case.local,2.80,2023,approved,0
1322,3322,1,YZVM Ogrenci 1322,ogrenci1322@case.local,2.78,2024,approved,0
1323,3323,1,YZVM Ogrenci 1323,ogrenci1323@case.local,2.76,2023,approved,0
1324,3324,1,YZVM Ogrenci 1324,ogrenci1324@case.local,2.74,2024,approved,0
1325,3325,1,YZVM Ogrenci 1325,ogrenci1325@case.local,2.72,2023,approved,0
1326,3326,1,YZVM Ogrenci 1326,ogrenci1326@case.local,2.70,2024,approved,0
1327,3327,1,YZVM Ogrenci 1327,ogrenci1327@case.local,2.68,2023,approved,0
1328,3328,1,YZVM Ogrenci 1328,ogrenci1328@case.local,2.66,2024,approved,0
1329,3329,1,YZVM Ogrenci 1329,ogrenci1329@case.local,2.64,2023,approved,0
1330,3330,1,YZVM Ogrenci 1330,ogrenci1330@case.local,2.62,2024,approved,0
1331,3331,1,YZVM Ogrenci 1331,ogrenci1331@case.local,2.60,2023,approved,0
1332,3332,1,YZVM Ogrenci 1332,ogrenci1332@case.local,2.58,2024,approved,0
1333,3333,1,YZVM Ogrenci 1333,ogrenci1333@case.local,2.56,2023,approved,0
1334,3334,1,YZVM Ogrenci 1334,ogrenci1334@case.local,2.54,2024,approved,0
1335,3335,1,YZVM Ogrenci 1335,ogrenci1335@case.local,2.52,2023,approved,0
1336,3336,1,YZVM Ogrenci 1336,ogrenci1336@case.local,2.50,2024,approved,0
1337,3337,1,YZVM Ogrenci 1337,ogrenci1337@case.local,2.48,2023,approved,0
1338,3338,1,YZVM Ogrenci 1338,ogrenci1338@case.local,2.46,2024,approved,0
1339,3339,1,YZVM Ogrenci 1339,ogrenci1339@case.local,2.44,2023,approved,0
1340,3340,1,YZVM Ogrenci 1340,ogrenci1340@case.local,2.42,2024,approved,0
1341,3341,1,YZVM Ogrenci 1341,ogrenci1341@case.local,2.40,2023,approved,0
1342,3342,1,YZVM Ogrenci 1342,ogrenci1342@case.local,2.38,2024,approved,0
1343,3343,1,YZVM Ogrenci 1343,ogrenci1343@case.local,2.36,2023,approved,0
1344,3344,1,YZVM Ogrenci 1344,ogrenci1344@case.local,2.34,2024,approved,0
1345,3345,1,YZVM Ogrenci 1345,ogrenci1345@case.local,2.32,2023,approved,0
1346,3346,1,YZVM Ogrenci 1346,ogrenci1346@case.local,2.30,2024,approved,0
1347,3347,1,YZVM Ogrenci 1347,ogrenci1347@case.local,2.28,2023,approved,0
1348,3348,1,YZVM Ogrenci 1348,ogrenci1348@case.local,2.26,2024,approved,0
1349,3349,1,YZVM Ogrenci 1349,ogrenci1349@case.local,2.24,2023,approved,0
1350,3350,1,YZVM Ogrenci 1350,ogrenci1350@case.local,2.22,2024,approved,0
1351,3351,1,YZVM Ogrenci 1351,ogrenci1351@case.local,4.00,2023,approved,0
1352,3352,1,YZVM Ogrenci 1352,ogrenci1352@case.local,3.98,2024,approved,0
1353,3353,1,YZVM Ogrenci 1353,ogrenci1353@case.local,3.96,2023,approved,0
1354,3354,1,YZVM Ogrenci 1354,ogrenci1354@case.local,3.94,2024,approved,0
1355,3355,1,YZVM Ogrenci 1355,ogrenci1355@case.local,3.92,2023,approved,0
1356,3356,1,YZVM Ogrenci 1356,ogrenci1356@case.local,3.90,2024,approved,0
1357,3357,1,YZVM Ogrenci 1357,ogrenci1357@case.local,3.88,2023,approved,0
1358,3358,1,YZVM Ogrenci 1358,ogrenci1358@case.local,3.86,2024,approved,0
1359,3359,1,YZVM Ogrenci 1359,ogrenci1359@case.local,3.84,2023,approved,0
1360,3360,1,YZVM Ogrenci 1360,ogrenci1360@case.local,3.82,2024,approved,0
1361,3361,1,YZVM Ogrenci 1361,ogrenci1361@case.local,3.80,2023,approved,0
1362,3362,1,YZVM Ogrenci 1362,ogrenci1362@case.local,3.78,2024,approved,0
1363,3363,1,YZVM Ogrenci 1363,ogrenci1363@case.local,3.76,2023,approved,0
1364,3364,1,YZVM Ogrenci 1364,ogrenci1364@case.local,3.74,2024,approved,0
1365,3365,1,YZVM Ogrenci 1365,ogrenci1365@case.local,3.72,2023,approved,0
1366,3366,1,YZVM Ogrenci 1366,ogrenci1366@case.local,3.70,2024,approved,0
1367,3367,1,YZVM Ogrenci 1367,ogrenci1367@case.local,3.68,2023,approved,0
1368,3368,1,YZVM Ogrenci 1368,ogrenci1368@case.local,3.66,2024,approved,0
1369,3369,1,YZVM Ogrenci 1369,ogrenci1369@case.local,3.64,2023,approved,0
1370,3370,1,YZVM Ogrenci 1370,ogrenci1370@case.local,3.62,2024,approved,0
1371,3371,1,YZVM Ogrenci 1371,ogrenci1371@case.local,3.60,2023,approved,0
1372,3372,1,YZVM Ogrenci 1372,ogrenci1372@case.local,3.58,2024,approved,0
1373,3373,1,YZVM Ogrenci 1373,ogrenci1373@case.local,3.56,2023,approved,0
1374,3374,1,YZVM Ogrenci 1374,ogrenci1374@case.local,3.54,2024,approved,0
1375,3375,1,YZVM Ogrenci 1375,ogrenci1375@case.local,3.52,2023,approved,0
1376,3376,1,YZVM Ogrenci 1376,ogrenci1376@case.local,3.50,2024,approved,0
1377,3377,1,YZVM Ogrenci 1377,ogrenci1377@case.local,3.48,2023,approved,0
1378,3378,1,YZVM Ogrenci 1378,ogrenci1378@case.local,3.46,2024,approved,0
1379,3379,1,YZVM Ogrenci 1379,ogrenci1379@case.local,3.44,2023,approved,0
1380,3380,1,YZVM Ogrenci 1380,ogrenci1380@case.local,3.42,2024,approved,0
1381,3381,1,YZVM Ogrenci 1381,ogrenci1381@case.local,3.40,2023,approved,0
1382,3382,1,YZVM Ogrenci 1382,ogrenci1382@case.local,3.38,2024,approved,0
1383,3383,1,YZVM Ogrenci 1383,ogrenci1383@case.local,3.36,2023,approved,0
1384,3384,1,YZVM Ogrenci 1384,ogrenci1384@case.local,3.34,2024,approved,0
1385,3385,1,YZVM Ogrenci 1385,ogrenci1385@case.local,3.32,2023,approved,0
1386,3386,1,YZVM Ogrenci 1386,ogrenci1386@case.local,3.30,2024,approved,0
1387,3387,1,YZVM Ogrenci 1387,ogrenci1387@case.local,3.28,2023,approved,0
1388,3388,1,YZVM Ogrenci 1388,ogrenci1388@case.local,3.26,2024,approved,0
1389,3389,1,YZVM Ogrenci 1389,ogrenci1389@case.local,3.24,2023,approved,0
1390,3390,1,YZVM Ogrenci 1390,ogrenci1390@case.local,3.22,2024,approved,0
1391,3391,1,YZVM Ogrenci 1391,ogrenci1391@case.local,3.20,2023,approved,0
1392,3392,1,YZVM Ogrenci 1392,ogrenci1392@case.local,3.18,2024,approved,0
1393,3393,1,YZVM Ogrenci 1393,ogrenci1393@case.local,3.16,2023,approved,0
1394,3394,1,YZVM Ogrenci 1394,ogrenci1394@case.local,3.14,2024,approved,0
1395,3395,1,YZVM Ogrenci 1395,ogrenci1395@case.local,3.12,2023,approved,0
1396,3396,1,YZVM Ogrenci 1396,ogrenci1396@case.local,3.10,2024,approved,0
1397,3397,1,YZVM Ogrenci 1397,ogrenci1397@case.local,3.08,2023,approved,0
1398,3398,1,YZVM Ogrenci 1398,ogrenci1398@case.local,3.06,2024,approved,0
1399,3399,1,YZVM Ogrenci 1399,ogrenci1399@case.local,3.04,2023,approved,0
1400,3400,1,YZVM Ogrenci 1400,ogrenci1400@case.local,3.02,2024,approved,0
1401,3401,1,YZVM Ogrenci 1401,ogrenci1401@case.local,3.00,2023,approved,0
1402,3402,1,YZVM Ogrenci 1402,ogrenci1402@case.local,2.98,2024,approved,0
1403,3403,1,YZVM Ogrenci 1403,ogrenci1403@case.local,2.96,2023,approved,0
1404,3404,1,YZVM Ogrenci 1404,ogrenci1404@case.local,2.94,2024,approved,0
1405,3405,1,YZVM Ogrenci 1405,ogrenci1405@case.local,2.92,2023,approved,0
1406,3406,1,YZVM Ogrenci 1406,ogrenci1406@case.local,2.90,2024,approved,0
1407,3407,1,YZVM Ogrenci 1407,ogrenci1407@case.local,2.88,2023,approved,0
1408,3408,1,YZVM Ogrenci 1408,ogrenci1408@case.local,2.86,2024,approved,0
1409,3409,1,YZVM Ogrenci 1409,ogrenci1409@case.local,2.84,2023,approved,0
1410,3410,1,YZVM Ogrenci 1410,ogrenci1410@case.local,2.82,2024,approved,0
1411,3411,1,YZVM Ogrenci 1411,ogrenci1411@case.local,2.80,2023,approved,0
1412,3412,1,YZVM Ogrenci 1412,ogrenci1412@case.local,2.78,2024,approved,0
1413,3413,1,YZVM Ogrenci 1413,ogrenci1413@case.local,2.76,2023,approved,0
1414,3414,1,YZVM Ogrenci 1414,ogrenci1414@case.local,2.74,2024,approved,0
1415,3415,1,YZVM Ogrenci 1415,ogrenci1415@case.local,2.72,2023,approved,0
1416,3416,1,YZVM Ogrenci 1416,ogrenci1416@case.local,2.70,2024,approved,0
1417,3417,1,YZVM Ogrenci 1417,ogrenci1417@case.local,2.68,2023,approved,0
1418,3418,1,YZVM Ogrenci 1418,ogrenci1418@case.local,2.66,2024,approved,0
1419,3419,1,YZVM Ogrenci 1419,ogrenci1419@case.local,2.64,2023,approved,0
1420,3420,1,YZVM Ogrenci 1420,ogrenci1420@case.local,2.62,2024,approved,0
1421,3421,1,YZVM Ogrenci 1421,ogrenci1421@case.local,2.60,2023,approved,0
1422,3422,1,YZVM Ogrenci 1422,ogrenci1422@case.local,2.58,2024,approved,0
1423,3423,1,YZVM Ogrenci 1423,ogrenci1423@case.local,2.56,2023,approved,0
1424,3424,1,YZVM Ogrenci 1424,ogrenci1424@case.local,2.54,2024,approved,0
1425,3425,1,YZVM Ogrenci 1425,ogrenci1425@case.local,2.52,2023,approved,0
1426,3426,1,YZVM Ogrenci 1426,ogrenci1426@case.local,2.50,2024,approved,0
1427,3427,1,YZVM Ogrenci 1427,ogrenci1427@case.local,2.48,2023,approved,0
1428,3428,1,YZVM Ogrenci 1428,ogrenci1428@case.local,2.46,2024,approved,0
1429,3429,1,YZVM Ogrenci 1429,ogrenci1429@case.local,2.44,2023,approved,0
1430,3430,1,YZVM Ogrenci 1430,ogrenci1430@case.local,2.42,2024,approved,0
1431,3431,1,YZVM Ogrenci 1431,ogrenci1431@case.local,2.40,2023,approved,0
1432,3432,1,YZVM Ogrenci 1432,ogrenci1432@case.local,2.38,2024,approved,0
1433,3433,1,YZVM Ogrenci 1433,ogrenci1433@case.local,2.36,2023,approved,0
1434,3434,1,YZVM Ogrenci 1434,ogrenci1434@case.local,2.34,2024,approved,0
1435,3435,1,YZVM Ogrenci 1435,ogrenci1435@case.local,2.32,2023,approved,0
1436,3436,1,YZVM Ogrenci 1436,ogrenci1436@case.local,2.30,2024,approved,0
1437,3437,1,YZVM Ogrenci 1437,ogrenci1437@case.local,2.28,2023,approved,0
1438,3438,1,YZVM Ogrenci 1438,ogrenci1438@case.local,2.26,2024,approved,0
1439,3439,1,YZVM Ogrenci 1439,ogrenci1439@case.local,2.24,2023,approved,0
1440,3440,1,YZVM Ogrenci 1440,ogrenci1440@case.local,2.22,2024,approved,0
1441,3441,1,YZVM Ogrenci 1441,ogrenci1441@case.local,4.00,2023,approved,0
1442,3442,1,YZVM Ogrenci 1442,ogrenci1442@case.local,3.98,2024,approved,0
1443,3443,1,YZVM Ogrenci 1443,ogrenci1443@case.local,3.96,2023,approved,0
1444,3444,1,YZVM Ogrenci 1444,ogrenci1444@case.local,3.94,2024,approved,0
1445,3445,1,YZVM Ogrenci 1445,ogrenci1445@case.local,3.92,2023,approved,0
1446,3446,1,YZVM Ogrenci 1446,ogrenci1446@case.local,3.90,2024,approved,0
1447,3447,1,YZVM Ogrenci 1447,ogrenci1447@case.local,3.88,2023,approved,0
1448,3448,1,YZVM Ogrenci 1448,ogrenci1448@case.local,3.86,2024,approved,0
1449,3449,1,YZVM Ogrenci 1449,ogrenci1449@case.local,3.84,2023,approved,0
1450,3450,1,YZVM Ogrenci 1450,ogrenci1450@case.local,3.82,2024,approved,0
1451,3451,1,YZVM Ogrenci 1451,ogrenci1451@case.local,3.80,2023,approved,0
1452,3452,1,YZVM Ogrenci 1452,ogrenci1452@case.local,3.78,2024,approved,0
1453,3453,1,YZVM Ogrenci 1453,ogrenci1453@case.local,3.76,2023,approved,0
1454,3454,1,YZVM Ogrenci 1454,ogrenci1454@case.local,3.74,2024,approved,0
1455,3455,1,YZVM Ogrenci 1455,ogrenci1455@case.local,3.72,2023,approved,0
1456,3456,1,YZVM Ogrenci 1456,ogrenci1456@case.local,3.70,2024,approved,0
1457,3457,1,YZVM Ogrenci 1457,ogrenci1457@case.local,3.68,2023,approved,0
1458,3458,1,YZVM Ogrenci 1458,ogrenci1458@case.local,3.66,2024,approved,0
1459,3459,1,YZVM Ogrenci 1459,ogrenci1459@case.local,3.64,2023,approved,0
1460,3460,1,YZVM Ogrenci 1460,ogrenci1460@case.local,3.62,2024,approved,0
1461,3461,1,YZVM Ogrenci 1461,ogrenci1461@case.local,3.60,2023,approved,0
1462,3462,1,YZVM Ogrenci 1462,ogrenci1462@case.local,3.58,2024,approved,0
1463,3463,1,YZVM Ogrenci 1463,ogrenci1463@case.local,3.56,2023,approved,0
1464,3464,1,YZVM Ogrenci 1464,ogrenci1464@case.local,3.54,2024,approved,0
1465,3465,1,YZVM Ogrenci 1465,ogrenci1465@case.local,3.52,2023,approved,0
1466,3466,1,YZVM Ogrenci 1466,ogrenci1466@case.local,3.50,2024,approved,0
1467,3467,1,YZVM Ogrenci 1467,ogrenci1467@case.local,3.48,2023,approved,0
1468,3468,1,YZVM Ogrenci 1468,ogrenci1468@case.local,3.46,2024,approved,0
1469,3469,1,YZVM Ogrenci 1469,ogrenci1469@case.local,3.44,2023,approved,0
1470,3470,1,YZVM Ogrenci 1470,ogrenci1470@case.local,3.42,2024,approved,0
1471,3471,1,YZVM Ogrenci 1471,ogrenci1471@case.local,3.40,2023,approved,0
1472,3472,1,YZVM Ogrenci 1472,ogrenci1472@case.local,3.38,2024,approved,0
1473,3473,1,YZVM Ogrenci 1473,ogrenci1473@case.local,3.36,2023,approved,0
1474,3474,1,YZVM Ogrenci 1474,ogrenci1474@case.local,3.34,2024,approved,0
1475,3475,1,YZVM Ogrenci 1475,ogrenci1475@case.local,3.32,2023,approved,0
1476,3476,1,YZVM Ogrenci 1476,ogrenci1476@case.local,3.30,2024,approved,0
1477,3477,1,YZVM Ogrenci 1477,ogrenci1477@case.local,3.28,2023,approved,0
1478,3478,1,YZVM Ogrenci 1478,ogrenci1478@case.local,3.26,2024,approved,0
1479,3479,1,YZVM Ogrenci 1479,ogrenci1479@case.local,3.24,2023,approved,0
1480,3480,1,YZVM Ogrenci 1480,ogrenci1480@case.local,3.22,2024,approved,0
1481,3481,1,YZVM Ogrenci 1481,ogrenci1481@case.local,3.20,2023,approved,0
1482,3482,1,YZVM Ogrenci 1482,ogrenci1482@case.local,3.18,2024,approved,0
1483,3483,1,YZVM Ogrenci 1483,ogrenci1483@case.local,3.16,2023,approved,0
1484,3484,1,YZVM Ogrenci 1484,ogrenci1484@case.local,3.14,2024,approved,0
1485,3485,1,YZVM Ogrenci 1485,ogrenci1485@case.local,3.12,2023,approved,0
1486,3486,1,YZVM Ogrenci 1486,ogrenci1486@case.local,3.10,2024,approved,0
1487,3487,1,YZVM Ogrenci 1487,ogrenci1487@case.local,3.08,2023,approved,0
1488,3488,1,YZVM Ogrenci 1488,ogrenci1488@case.local,3.06,2024,approved,0
1489,3489,1,YZVM Ogrenci 1489,ogrenci1489@case.local,3.04,2023,approved,0
1490,3490,1,YZVM Ogrenci 1490,ogrenci1490@case.local,3.02,2024,approved,0
1491,3491,1,YZVM Ogrenci 1491,ogrenci1491@case.local,3.00,2023,approved,0
1492,3492,1,YZVM Ogrenci 1492,ogrenci1492@case.local,2.98,2024,approved,0
1493,3493,1,YZVM Ogrenci 1493,ogrenci1493@case.local,2.96,2023,approved,0
1494,3494,1,YZVM Ogrenci 1494,ogrenci1494@case.local,2.94,2024,approved,0
1495,3495,1,YZVM Ogrenci 1495,ogrenci1495@case.local,2.92,2023,approved,0
1496,3496,1,YZVM Ogrenci 1496,ogrenci1496@case.local,2.90,2024,approved,0
1497,3497,1,YZVM Ogrenci 1497,ogrenci1497@case.local,2.88,2023,approved,0
1498,3498,1,YZVM Ogrenci 1498,ogrenci1498@case.local,2.86,2024,approved,0
1499,3499,1,YZVM Ogrenci 1499,ogrenci1499@case.local,2.84,2023,approved,0
1500,3500,1,YZVM Ogrenci 1500,ogrenci1500@case.local,2.82,2024,approved,0
1501,3501,1,YZVM Ogrenci 1501,ogrenci1501@case.local,2.80,2023,approved,0
1502,3502,1,YZVM Ogrenci 1502,ogrenci1502@case.local,2.78,2024,approved,0
1503,3503,1,YZVM Ogrenci 1503,ogrenci1503@case.local,2.76,2023,approved,0
1504,3504,1,YZVM Ogrenci 1504,ogrenci1504@case.local,2.74,2024,approved,0
1505,3505,1,YZVM Ogrenci 1505,ogrenci1505@case.local,2.72,2023,approved,0
1506,3506,1,YZVM Ogrenci 1506,ogrenci1506@case.local,2.70,2024,approved,0
1507,3507,1,YZVM Ogrenci 1507,ogrenci1507@case.local,2.68,2023,approved,0
1508,3508,1,YZVM Ogrenci 1508,ogrenci1508@case.local,2.66,2024,approved,0
1509,3509,1,YZVM Ogrenci 1509,ogrenci1509@case.local,2.64,2023,approved,0
1510,3510,1,YZVM Ogrenci 1510,ogrenci1510@case.local,2.62,2024,approved,0
1511,3511,1,YZVM Ogrenci 1511,ogrenci1511@case.local,2.60,2023,approved,0
1512,3512,1,YZVM Ogrenci 1512,ogrenci1512@case.local,2.58,2024,approved,0
1513,3513,1,YZVM Ogrenci 1513,ogrenci1513@case.local,2.56,2023,approved,0
1514,3514,1,YZVM Ogrenci 1514,ogrenci1514@case.local,2.54,2024,approved,0
1515,3515,1,YZVM Ogrenci 1515,ogrenci1515@case.local,2.52,2023,approved,0
1516,3516,1,YZVM Ogrenci 1516,ogrenci1516@case.local,2.50,2024,approved,0
1517,3517,1,YZVM Ogrenci 1517,ogrenci1517@case.local,2.48,2023,approved,0
1518,3518,1,YZVM Ogrenci 1518,ogrenci1518@case.local,2.46,2024,approved,0
1519,3519,1,YZVM Ogrenci 1519,ogrenci1519@case.local,2.44,2023,approved,0
1520,3520,1,YZVM Ogrenci 1520,ogrenci1520@case.local,2.42,2024,approved,0
1521,3521,1,YZVM Ogrenci 1521,ogrenci1521@case.local,2.40,2023,approved,0
1522,3522,1,YZVM Ogrenci 1522,ogrenci1522@case.local,2.38,2024,approved,0
1523,3523,1,YZVM Ogrenci 1523,ogrenci1523@case.local,2.36,2023,approved,0
1524,3524,1,YZVM Ogrenci 1524,ogrenci1524@case.local,2.34,2024,approved,0
1525,3525,1,YZVM Ogrenci 1525,ogrenci1525@case.local,2.32,2023,approved,0
1526,3526,1,YZVM Ogrenci 1526,ogrenci1526@case.local,2.30,2024,approved,0
1527,3527,1,YZVM Ogrenci 1527,ogrenci1527@case.local,2.28,2023,approved,0
1528,3528,1,YZVM Ogrenci 1528,ogrenci1528@case.local,2.26,2024,approved,0
1529,3529,1,YZVM Ogrenci 1529,ogrenci1529@case.local,2.24,2023,approved,0
1530,3530,1,YZVM Ogrenci 1530,ogrenci1530@case.local,2.22,2024,approved,0
1531,3531,1,YZVM Ogrenci 1531,ogrenci1531@case.local,4.00,2023,approved,0
1532,3532,1,YZVM Ogrenci 1532,ogrenci1532@case.local,3.98,2024,approved,0
1533,3533,1,YZVM Ogrenci 1533,ogrenci1533@case.local,3.96,2023,approved,0
1534,3534,1,YZVM Ogrenci 1534,ogrenci1534@case.local,3.94,2024,approved,0
1535,3535,1,YZVM Ogrenci 1535,ogrenci1535@case.local,3.92,2023,approved,0
1536,3536,1,YZVM Ogrenci 1536,ogrenci1536@case.local,3.90,2024,approved,0
1537,3537,1,YZVM Ogrenci 1537,ogrenci1537@case.local,3.88,2023,approved,0
1538,3538,1,YZVM Ogrenci 1538,ogrenci1538@case.local,3.86,2024,approved,0
1539,3539,1,YZVM Ogrenci 1539,ogrenci1539@case.local,3.84,2023,approved,0
1540,3540,1,YZVM Ogrenci 1540,ogrenci1540@case.local,3.82,2024,approved,0
1541,3541,1,YZVM Ogrenci 1541,ogrenci1541@case.local,3.80,2023,approved,0
1542,3542,1,YZVM Ogrenci 1542,ogrenci1542@case.local,3.78,2024,approved,0
1543,3543,1,YZVM Ogrenci 1543,ogrenci1543@case.local,3.76,2023,approved,0
1544,3544,1,YZVM Ogrenci 1544,ogrenci1544@case.local,3.74,2024,approved,0
1545,3545,1,YZVM Ogrenci 1545,ogrenci1545@case.local,3.72,2023,approved,0
1546,3546,1,YZVM Ogrenci 1546,ogrenci1546@case.local,3.70,2024,approved,0
1547,3547,1,YZVM Ogrenci 1547,ogrenci1547@case.local,3.68,2023,approved,0
1548,3548,1,YZVM Ogrenci 1548,ogrenci1548@case.local,3.66,2024,approved,0
1549,3549,1,YZVM Ogrenci 1549,ogrenci1549@case.local,3.64,2023,approved,0
1550,3550,1,YZVM Ogrenci 1550,ogrenci1550@case.local,3.62,2024,approved,0
1551,3551,1,YZVM Ogrenci 1551,ogrenci1551@case.local,3.60,2023,approved,0
1552,3552,1,YZVM Ogrenci 1552,ogrenci1552@case.local,3.58,2024,approved,0
1553,3553,1,YZVM Ogrenci 1553,ogrenci1553@case.local,3.56,2023,approved,0
1554,3554,1,YZVM Ogrenci 1554,ogrenci1554@case.local,3.54,2024,approved,0
1555,3555,1,YZVM Ogrenci 1555,ogrenci1555@case.local,3.52,2023,approved,0
1556,3556,1,YZVM Ogrenci 1556,ogrenci1556@case.local,3.50,2024,approved,0
1557,3557,1,YZVM Ogrenci 1557,ogrenci1557@case.local,3.48,2023,approved,0
1558,3558,1,YZVM Ogrenci 1558,ogrenci1558@case.local,3.46,2024,approved,0
1559,3559,1,YZVM Ogrenci 1559,ogrenci1559@case.local,3.44,2023,approved,0
1560,3560,1,YZVM Ogrenci 1560,ogrenci1560@case.local,3.42,2024,approved,0
1561,3561,1,YZVM Ogrenci 1561,ogrenci1561@case.local,3.40,2023,approved,0
1562,3562,1,YZVM Ogrenci 1562,ogrenci1562@case.local,3.38,2024,approved,0
1563,3563,1,YZVM Ogrenci 1563,ogrenci1563@case.local,3.36,2023,approved,0
1564,3564,1,YZVM Ogrenci 1564,ogrenci1564@case.local,3.34,2024,approved,0
1565,3565,1,YZVM Ogrenci 1565,ogrenci1565@case.local,3.32,2023,approved,0
1566,3566,1,YZVM Ogrenci 1566,ogrenci1566@case.local,3.30,2024,approved,0
1567,3567,1,YZVM Ogrenci 1567,ogrenci1567@case.local,3.28,2023,approved,0
1568,3568,1,YZVM Ogrenci 1568,ogrenci1568@case.local,3.26,2024,approved,0
1569,3569,1,YZVM Ogrenci 1569,ogrenci1569@case.local,3.24,2023,approved,0
1570,3570,1,YZVM Ogrenci 1570,ogrenci1570@case.local,3.22,2024,approved,0
1571,3571,1,YZVM Ogrenci 1571,ogrenci1571@case.local,3.20,2023,approved,0
1572,3572,1,YZVM Ogrenci 1572,ogrenci1572@case.local,3.18,2024,approved,0
1573,3573,1,YZVM Ogrenci 1573,ogrenci1573@case.local,3.16,2023,approved,0
1574,3574,1,YZVM Ogrenci 1574,ogrenci1574@case.local,3.14,2024,approved,0
1575,3575,1,YZVM Ogrenci 1575,ogrenci1575@case.local,3.12,2023,approved,0
1576,3576,1,YZVM Ogrenci 1576,ogrenci1576@case.local,3.10,2024,approved,0
1577,3577,1,YZVM Ogrenci 1577,ogrenci1577@case.local,3.08,2023,approved,0
1578,3578,1,YZVM Ogrenci 1578,ogrenci1578@case.local,3.06,2024,approved,0
1579,3579,1,YZVM Ogrenci 1579,ogrenci1579@case.local,3.04,2023,approved,0
1580,3580,1,YZVM Ogrenci 1580,ogrenci1580@case.local,3.02,2024,approved,0
1581,3581,1,YZVM Ogrenci 1581,ogrenci1581@case.local,3.00,2023,approved,0
1582,3582,1,YZVM Ogrenci 1582,ogrenci1582@case.local,2.98,2024,approved,0
1583,3583,1,YZVM Ogrenci 1583,ogrenci1583@case.local,2.96,2023,approved,0
1584,3584,1,YZVM Ogrenci 1584,ogrenci1584@case.local,2.94,2024,approved,0
1585,3585,1,YZVM Ogrenci 1585,ogrenci1585@case.local,2.92,2023,approved,0
1586,3586,1,YZVM Ogrenci 1586,ogrenci1586@case.local,2.90,2024,approved,0
1587,3587,1,YZVM Ogrenci 1587,ogrenci1587@case.local,2.88,2023,approved,0
1588,3588,1,YZVM Ogrenci 1588,ogrenci1588@case.local,2.86,2024,approved,0
1589,3589,1,YZVM Ogrenci 1589,ogrenci1589@case.local,2.84,2023,approved,0
1590,3590,1,YZVM Ogrenci 1590,ogrenci1590@case.local,2.82,2024,approved,0
1591,3591,1,YZVM Ogrenci 1591,ogrenci1591@case.local,2.80,2023,approved,0
1592,3592,1,YZVM Ogrenci 1592,ogrenci1592@case.local,2.78,2024,approved,0
1593,3593,1,YZVM Ogrenci 1593,ogrenci1593@case.local,2.76,2023,approved,0
1594,3594,1,YZVM Ogrenci 1594,ogrenci1594@case.local,2.74,2024,approved,0
1595,3595,1,YZVM Ogrenci 1595,ogrenci1595@case.local,2.72,2023,approved,0
1596,3596,1,YZVM Ogrenci 1596,ogrenci1596@case.local,2.70,2024,approved,0
1597,3597,1,YZVM Ogrenci 1597,ogrenci1597@case.local,2.68,2023,approved,0
1598,3598,1,YZVM Ogrenci 1598,ogrenci1598@case.local,2.66,2024,approved,0
1599,3599,1,YZVM Ogrenci 1599,ogrenci1599@case.local,2.64,2023,approved,0
1600,3600,1,YZVM Ogrenci 1600,ogrenci1600@case.local,2.62,2024,approved,0
1601,3601,1,YZVM Ogrenci 1601,ogrenci1601@case.local,2.60,2023,approved,0
1602,3602,1,YZVM Ogrenci 1602,ogrenci1602@case.local,2.58,2024,approved,0
1603,3603,1,YZVM Ogrenci 1603,ogrenci1603@case.local,2.56,2023,approved,0
1604,3604,1,YZVM Ogrenci 1604,ogrenci1604@case.local,2.54,2024,approved,0
1605,3605,1,YZVM Ogrenci 1605,ogrenci1605@case.local,2.52,2023,approved,0
1606,3606,1,YZVM Ogrenci 1606,ogrenci1606@case.local,2.50,2024,approved,0
1607,3607,1,YZVM Ogrenci 1607,ogrenci1607@case.local,2.48,2023,approved,0
1608,3608,1,YZVM Ogrenci 1608,ogrenci1608@case.local,2.46,2024,approved,0
1609,3609,1,YZVM Ogrenci 1609,ogrenci1609@case.local,2.44,2023,approved,0
1610,3610,1,YZVM Ogrenci 1610,ogrenci1610@case.local,2.42,2024,approved,0
1611,3611,1,YZVM Ogrenci 1611,ogrenci1611@case.local,2.40,2023,approved,0
1612,3612,1,YZVM Ogrenci 1612,ogrenci1612@case.local,2.38,2024,approved,0
1613,3613,1,YZVM Ogrenci 1613,ogrenci1613@case.local,2.36,2023,approved,0
1614,3614,1,YZVM Ogrenci 1614,ogrenci1614@case.local,2.34,2024,approved,0
1615,3615,1,YZVM Ogrenci 1615,ogrenci1615@case.local,2.32,2023,approved,0
1616,3616,1,YZVM Ogrenci 1616,ogrenci1616@case.local,2.30,2024,approved,0
1617,3617,1,YZVM Ogrenci 1617,ogrenci1617@case.local,2.28,2023,approved,0
1618,3618,1,YZVM Ogrenci 1618,ogrenci1618@case.local,2.26,2024,approved,0
1619,3619,1,YZVM Ogrenci 1619,ogrenci1619@case.local,2.24,2023,approved,0
1620,3620,1,YZVM Ogrenci 1620,ogrenci1620@case.local,2.22,2024,approved,0
1621,3621,1,YZVM Ogrenci 1621,ogrenci1621@case.local,4.00,2023,approved,0
1622,3622,1,YZVM Ogrenci 1622,ogrenci1622@case.local,3.98,2024,approved,0
1623,3623,1,YZVM Ogrenci 1623,ogrenci1623@case.local,3.96,2023,approved,0
1624,3624,1,YZVM Ogrenci 1624,ogrenci1624@case.local,3.94,2024,approved,0
1625,3625,1,YZVM Ogrenci 1625,ogrenci1625@case.local,3.92,2023,approved,0
1626,3626,1,YZVM Ogrenci 1626,ogrenci1626@case.local,3.90,2024,approved,0
1627,3627,1,YZVM Ogrenci 1627,ogrenci1627@case.local,3.88,2023,approved,0
1628,3628,1,YZVM Ogrenci 1628,ogrenci1628@case.local,3.86,2024,approved,0
1629,3629,1,YZVM Ogrenci 1629,ogrenci1629@case.local,3.84,2023,approved,0
1630,3630,1,YZVM Ogrenci 1630,ogrenci1630@case.local,3.82,2024,approved,0
1631,3631,1,YZVM Ogrenci 1631,ogrenci1631@case.local,3.80,2023,approved,0
1632,3632,1,YZVM Ogrenci 1632,ogrenci1632@case.local,3.78,2024,approved,0
1633,3633,1,YZVM Ogrenci 1633,ogrenci1633@case.local,3.76,2023,approved,0
1634,3634,1,YZVM Ogrenci 1634,ogrenci1634@case.local,3.74,2024,approved,0
1635,3635,1,YZVM Ogrenci 1635,ogrenci1635@case.local,3.72,2023,approved,0
1636,3636,1,YZVM Ogrenci 1636,ogrenci1636@case.local,3.70,2024,approved,0
1637,3637,1,YZVM Ogrenci 1637,ogrenci1637@case.local,3.68,2023,approved,0
1638,3638,1,YZVM Ogrenci 1638,ogrenci1638@case.local,3.66,2024,approved,0
1639,3639,1,YZVM Ogrenci 1639,ogrenci1639@case.local,3.64,2023,approved,0
1640,3640,1,YZVM Ogrenci 1640,ogrenci1640@case.local,3.62,2024,approved,0
1641,3641,1,YZVM Ogrenci 1641,ogrenci1641@case.local,3.60,2023,approved,0
1642,3642,1,YZVM Ogrenci 1642,ogrenci1642@case.local,3.58,2024,approved,0
1643,3643,1,YZVM Ogrenci 1643,ogrenci1643@case.local,3.56,2023,approved,0
1644,3644,1,YZVM Ogrenci 1644,ogrenci1644@case.local,3.54,2024,approved,0
1645,3645,1,YZVM Ogrenci 1645,ogrenci1645@case.local,3.52,2023,approved,0
1646,3646,1,YZVM Ogrenci 1646,ogrenci1646@case.local,3.50,2024,approved,0
1647,3647,1,YZVM Ogrenci 1647,ogrenci1647@case.local,3.48,2023,approved,0
1648,3648,1,YZVM Ogrenci 1648,ogrenci1648@case.local,3.46,2024,approved,0
1649,3649,1,YZVM Ogrenci 1649,ogrenci1649@case.local,3.44,2023,approved,0
1650,3650,1,YZVM Ogrenci 1650,ogrenci1650@case.local,3.42,2024,approved,0
1651,3651,1,YZVM Ogrenci 1651,ogrenci1651@case.local,3.40,2023,approved,0
1652,3652,1,YZVM Ogrenci 1652,ogrenci1652@case.local,3.38,2024,approved,0
1653,3653,1,YZVM Ogrenci 1653,ogrenci1653@case.local,3.36,2023,approved,0
1654,3654,1,YZVM Ogrenci 1654,ogrenci1654@case.local,3.34,2024,approved,0
1655,3655,1,YZVM Ogrenci 1655,ogrenci1655@case.local,3.32,2023,approved,0
1656,3656,1,YZVM Ogrenci 1656,ogrenci1656@case.local,3.30,2024,approved,0
1657,3657,1,YZVM Ogrenci 1657,ogrenci1657@case.local,3.28,2023,approved,0
1658,3658,1,YZVM Ogrenci 1658,ogrenci1658@case.local,3.26,2024,approved,0
1659,3659,1,YZVM Ogrenci 1659,ogrenci1659@case.local,3.24,2023,approved,0
1660,3660,1,YZVM Ogrenci 1660,ogrenci1660@case.local,3.22,2024,approved,0
1661,3661,1,YZVM Ogrenci 1661,ogrenci1661@case.local,3.20,2023,approved,0
1662,3662,1,YZVM Ogrenci 1662,ogrenci1662@case.local,3.18,2024,approved,0
1663,3663,1,YZVM Ogrenci 1663,ogrenci1663@case.local,3.16,2023,approved,0
1664,3664,1,YZVM Ogrenci 1664,ogrenci1664@case.local,3.14,2024,approved,0
1665,3665,1,YZVM Ogrenci 1665,ogrenci1665@case.local,3.12,2023,approved,0
1666,3666,1,YZVM Ogrenci 1666,ogrenci1666@case.local,3.10,2024,approved,0
1667,3667,1,YZVM Ogrenci 1667,ogrenci1667@case.local,3.08,2023,approved,0
1668,3668,1,YZVM Ogrenci 1668,ogrenci1668@case.local,3.06,2024,approved,0
1669,3669,1,YZVM Ogrenci 1669,ogrenci1669@case.local,3.04,2023,approved,0
1670,3670,1,YZVM Ogrenci 1670,ogrenci1670@case.local,3.02,2024,approved,0
1671,3671,1,YZVM Ogrenci 1671,ogrenci1671@case.local,3.00,2023,approved,0
1672,3672,1,YZVM Ogrenci 1672,ogrenci1672@case.local,2.98,2024,approved,0
1673,3673,1,YZVM Ogrenci 1673,ogrenci1673@case.local,2.96,2023,approved,0
1674,3674,1,YZVM Ogrenci 1674,ogrenci1674@case.local,2.94,2024,approved,0
1675,3675,1,YZVM Ogrenci 1675,ogrenci1675@case.local,2.92,2023,approved,0
1676,3676,1,YZVM Ogrenci 1676,ogrenci1676@case.local,2.90,2024,approved,0
1677,3677,1,YZVM Ogrenci 1677,ogrenci1677@case.local,2.88,2023,approved,0
1678,3678,1,YZVM Ogrenci 1678,ogrenci1678@case.local,2.86,2024,approved,0
1679,3679,1,YZVM Ogrenci 1679,ogrenci1679@case.local,2.84,2023,approved,0
1680,3680,1,YZVM Ogrenci 1680,ogrenci1680@case.local,2.82,2024,approved,0
1681,3681,1,YZVM Ogrenci 1681,ogrenci1681@case.local,2.80,2023,approved,0
1682,3682,1,YZVM Ogrenci 1682,ogrenci1682@case.local,2.78,2024,approved,0
1683,3683,1,YZVM Ogrenci 1683,ogrenci1683@case.local,2.76,2023,approved,0
1684,3684,1,YZVM Ogrenci 1684,ogrenci1684@case.local,2.74,2024,approved,0
1685,3685,1,YZVM Ogrenci 1685,ogrenci1685@case.local,2.72,2023,approved,0
1686,3686,1,YZVM Ogrenci 1686,ogrenci1686@case.local,2.70,2024,approved,0
1687,3687,1,YZVM Ogrenci 1687,ogrenci1687@case.local,2.68,2023,approved,0
1688,3688,1,YZVM Ogrenci 1688,ogrenci1688@case.local,2.66,2024,approved,0
1689,3689,1,YZVM Ogrenci 1689,ogrenci1689@case.local,2.64,2023,approved,0
1690,3690,1,YZVM Ogrenci 1690,ogrenci1690@case.local,2.62,2024,approved,0
1691,3691,1,YZVM Ogrenci 1691,ogrenci1691@case.local,2.60,2023,approved,0
1692,3692,1,YZVM Ogrenci 1692,ogrenci1692@case.local,2.58,2024,approved,0
1693,3693,1,YZVM Ogrenci 1693,ogrenci1693@case.local,2.56,2023,approved,0
1694,3694,1,YZVM Ogrenci 1694,ogrenci1694@case.local,2.54,2024,approved,0
1695,3695,1,YZVM Ogrenci 1695,ogrenci1695@case.local,2.52,2023,approved,0
1696,3696,1,YZVM Ogrenci 1696,ogrenci1696@case.local,2.50,2024,approved,0
1697,3697,1,YZVM Ogrenci 1697,ogrenci1697@case.local,2.48,2023,approved,0
1698,3698,1,YZVM Ogrenci 1698,ogrenci1698@case.local,2.46,2024,approved,0
1699,3699,1,YZVM Ogrenci 1699,ogrenci1699@case.local,2.44,2023,approved,0
1700,3700,1,YZVM Ogrenci 1700,ogrenci1700@case.local,2.42,2024,approved,0
1701,3701,1,YZVM Ogrenci 1701,ogrenci1701@case.local,2.40,2023,approved,0
1702,3702,1,YZVM Ogrenci 1702,ogrenci1702@case.local,2.38,2024,approved,0
1703,3703,1,YZVM Ogrenci 1703,ogrenci1703@case.local,2.36,2023,approved,0
1704,3704,1,YZVM Ogrenci 1704,ogrenci1704@case.local,2.34,2024,approved,0
1705,3705,1,YZVM Ogrenci 1705,ogrenci1705@case.local,2.32,2023,approved,0
1706,3706,1,YZVM Ogrenci 1706,ogrenci1706@case.local,2.30,2024,approved,0
1707,3707,1,YZVM Ogrenci 1707,ogrenci1707@case.local,2.28,2023,approved,0
1708,3708,1,YZVM Ogrenci 1708,ogrenci1708@case.local,2.26,2024,approved,0
1709,3709,1,YZVM Ogrenci 1709,ogrenci1709@case.local,2.24,2023,approved,0
1710,3710,1,YZVM Ogrenci 1710,ogrenci1710@case.local,2.22,2024,approved,0
1711,3711,1,YZVM Ogrenci 1711,ogrenci1711@case.local,4.00,2023,approved,0
1712,3712,1,YZVM Ogrenci 1712,ogrenci1712@case.local,3.98,2024,approved,0
1713,3713,1,YZVM Ogrenci 1713,ogrenci1713@case.local,3.96,2023,approved,0
1714,3714,1,YZVM Ogrenci 1714,ogrenci1714@case.local,3.94,2024,approved,0
1715,3715,1,YZVM Ogrenci 1715,ogrenci1715@case.local,3.92,2023,approved,0
1716,3716,1,YZVM Ogrenci 1716,ogrenci1716@case.local,3.90,2024,approved,0
1717,3717,1,YZVM Ogrenci 1717,ogrenci1717@case.local,3.88,2023,approved,0
1718,3718,1,YZVM Ogrenci 1718,ogrenci1718@case.local,3.86,2024,approved,0
1719,3719,1,YZVM Ogrenci 1719,ogrenci1719@case.local,3.84,2023,approved,0
1720,3720,1,YZVM Ogrenci 1720,ogrenci1720@case.local,3.82,2024,approved,0
1721,3721,1,YZVM Ogrenci 1721,ogrenci1721@case.local,3.80,2023,approved,0
1722,3722,1,YZVM Ogrenci 1722,ogrenci1722@case.local,3.78,2024,approved,0
1723,3723,1,YZVM Ogrenci 1723,ogrenci1723@case.local,3.76,2023,approved,0
1724,3724,1,YZVM Ogrenci 1724,ogrenci1724@case.local,3.74,2024,approved,0
1725,3725,1,YZVM Ogrenci 1725,ogrenci1725@case.local,3.72,2023,approved,0
1726,3726,1,YZVM Ogrenci 1726,ogrenci1726@case.local,3.70,2024,approved,0
1727,3727,1,YZVM Ogrenci 1727,ogrenci1727@case.local,3.68,2023,approved,0
1728,3728,1,YZVM Ogrenci 1728,ogrenci1728@case.local,3.66,2024,approved,0
1729,3729,1,YZVM Ogrenci 1729,ogrenci1729@case.local,3.64,2023,approved,0
1730,3730,1,YZVM Ogrenci 1730,ogrenci1730@case.local,3.62,2024,approved,0
1731,3731,1,YZVM Ogrenci 1731,ogrenci1731@case.local,3.60,2023,approved,0
1732,3732,1,YZVM Ogrenci 1732,ogrenci1732@case.local,3.58,2024,approved,0
1733,3733,1,YZVM Ogrenci 1733,ogrenci1733@case.local,3.56,2023,approved,0
1734,3734,1,YZVM Ogrenci 1734,ogrenci1734@case.local,3.54,2024,approved,0
1735,3735,1,YZVM Ogrenci 1735,ogrenci1735@case.local,3.52,2023,approved,0
1736,3736,1,YZVM Ogrenci 1736,ogrenci1736@case.local,3.50,2024,approved,0
1737,3737,1,YZVM Ogrenci 1737,ogrenci1737@case.local,3.48,2023,approved,0
1738,3738,1,YZVM Ogrenci 1738,ogrenci1738@case.local,3.46,2024,approved,0
1739,3739,1,YZVM Ogrenci 1739,ogrenci1739@case.local,3.44,2023,approved,0
1740,3740,1,YZVM Ogrenci 1740,ogrenci1740@case.local,3.42,2024,approved,0
1741,3741,1,YZVM Ogrenci 1741,ogrenci1741@case.local,3.40,2023,approved,0
1742,3742,1,YZVM Ogrenci 1742,ogrenci1742@case.local,3.38,2024,approved,0
1743,3743,1,YZVM Ogrenci 1743,ogrenci1743@case.local,3.36,2023,approved,0
1744,3744,1,YZVM Ogrenci 1744,ogrenci1744@case.local,3.34,2024,approved,0
1745,3745,1,YZVM Ogrenci 1745,ogrenci1745@case.local,3.32,2023,approved,0
1746,3746,1,YZVM Ogrenci 1746,ogrenci1746@case.local,3.30,2024,approved,0
1747,3747,1,YZVM Ogrenci 1747,ogrenci1747@case.local,3.28,2023,approved,0
1748,3748,1,YZVM Ogrenci 1748,ogrenci1748@case.local,3.26,2024,approved,0
1749,3749,1,YZVM Ogrenci 1749,ogrenci1749@case.local,3.24,2023,approved,0
1750,3750,1,YZVM Ogrenci 1750,ogrenci1750@case.local,3.22,2024,approved,0
1751,3751,1,YZVM Ogrenci 1751,ogrenci1751@case.local,3.20,2023,approved,0
1752,3752,1,YZVM Ogrenci 1752,ogrenci1752@case.local,3.18,2024,approved,0
1753,3753,1,YZVM Ogrenci 1753,ogrenci1753@case.local,3.16,2023,approved,0
1754,3754,1,YZVM Ogrenci 1754,ogrenci1754@case.local,3.14,2024,approved,0
1755,3755,1,YZVM Ogrenci 1755,ogrenci1755@case.local,3.12,2023,approved,0
1756,3756,1,YZVM Ogrenci 1756,ogrenci1756@case.local,3.10,2024,approved,0
1757,3757,1,YZVM Ogrenci 1757,ogrenci1757@case.local,3.08,2023,approved,0
1758,3758,1,YZVM Ogrenci 1758,ogrenci1758@case.local,3.06,2024,approved,0
1759,3759,1,YZVM Ogrenci 1759,ogrenci1759@case.local,3.04,2023,approved,0
1760,3760,1,YZVM Ogrenci 1760,ogrenci1760@case.local,3.02,2024,approved,0
1761,3761,1,YZVM Ogrenci 1761,ogrenci1761@case.local,3.00,2023,approved,0
1762,3762,1,YZVM Ogrenci 1762,ogrenci1762@case.local,2.98,2024,approved,0
1763,3763,1,YZVM Ogrenci 1763,ogrenci1763@case.local,2.96,2023,approved,0
1764,3764,1,YZVM Ogrenci 1764,ogrenci1764@case.local,2.94,2024,approved,0
1765,3765,1,YZVM Ogrenci 1765,ogrenci1765@case.local,2.92,2023,approved,0
1766,3766,1,YZVM Ogrenci 1766,ogrenci1766@case.local,2.90,2024,approved,0
1767,3767,1,YZVM Ogrenci 1767,ogrenci1767@case.local,2.88,2023,approved,0
1768,3768,1,YZVM Ogrenci 1768,ogrenci1768@case.local,2.86,2024,approved,0
1769,3769,1,YZVM Ogrenci 1769,ogrenci1769@case.local,2.84,2023,approved,0
1770,3770,1,YZVM Ogrenci 1770,ogrenci1770@case.local,2.82,2024,approved,0
1771,3771,1,YZVM Ogrenci 1771,ogrenci1771@case.local,2.80,2023,approved,0
1772,3772,1,YZVM Ogrenci 1772,ogrenci1772@case.local,2.78,2024,approved,0
1773,3773,1,YZVM Ogrenci 1773,ogrenci1773@case.local,2.76,2023,approved,0
1774,3774,1,YZVM Ogrenci 1774,ogrenci1774@case.local,2.74,2024,approved,0
1775,3775,1,YZVM Ogrenci 1775,ogrenci1775@case.local,2.72,2023,approved,0
1776,3776,1,YZVM Ogrenci 1776,ogrenci1776@case.local,2.70,2024,approved,0
1777,3777,1,YZVM Ogrenci 1777,ogrenci1777@case.local,2.68,2023,approved,0
1778,3778,1,YZVM Ogrenci 1778,ogrenci1778@case.local,2.66,2024,approved,0
1779,3779,1,YZVM Ogrenci 1779,ogrenci1779@case.local,2.64,2023,approved,0
1780,3780,1,YZVM Ogrenci 1780,ogrenci1780@case.local,2.62,2024,approved,0
1781,3781,1,YZVM Ogrenci 1781,ogrenci1781@case.local,2.60,2023,approved,0
1782,3782,1,YZVM Ogrenci 1782,ogrenci1782@case.local,2.58,2024,approved,0
1783,3783,1,YZVM Ogrenci 1783,ogrenci1783@case.local,2.56,2023,approved,0
1784,3784,1,YZVM Ogrenci 1784,ogrenci1784@case.local,2.54,2024,approved,0
1785,3785,1,YZVM Ogrenci 1785,ogrenci1785@case.local,2.52,2023,approved,0
1786,3786,1,YZVM Ogrenci 1786,ogrenci1786@case.local,2.50,2024,approved,0
1787,3787,1,YZVM Ogrenci 1787,ogrenci1787@case.local,2.48,2023,approved,0
1788,3788,1,YZVM Ogrenci 1788,ogrenci1788@case.local,2.46,2024,approved,0
1789,3789,1,YZVM Ogrenci 1789,ogrenci1789@case.local,2.44,2023,approved,0
1790,3790,1,YZVM Ogrenci 1790,ogrenci1790@case.local,2.42,2024,approved,0
1791,3791,1,YZVM Ogrenci 1791,ogrenci1791@case.local,2.40,2023,approved,0
1792,3792,1,YZVM Ogrenci 1792,ogrenci1792@case.local,2.38,2024,approved,0
1793,3793,1,YZVM Ogrenci 1793,ogrenci1793@case.local,2.36,2023,approved,0
1794,3794,1,YZVM Ogrenci 1794,ogrenci1794@case.local,2.34,2024,approved,0
1795,3795,1,YZVM Ogrenci 1795,ogrenci1795@case.local,2.32,2023,approved,0
1796,3796,1,YZVM Ogrenci 1796,ogrenci1796@case.local,2.30,2024,approved,0
1797,3797,1,YZVM Ogrenci 1797,ogrenci1797@case.local,2.28,2023,approved,0
1798,3798,1,YZVM Ogrenci 1798,ogrenci1798@case.local,2.26,2024,approved,0
1799,3799,1,YZVM Ogrenci 1799,ogrenci1799@case.local,2.24,2023,approved,0
1800,3800,1,YZVM Ogrenci 1800,ogrenci1800@case.local,2.22,2024,approved,0
1801,3801,1,YZVM Ogrenci 1801,ogrenci1801@case.local,4.00,2023,approved,0
1802,3802,1,YZVM Ogrenci 1802,ogrenci1802@case.local,3.98,2024,approved,0
1803,3803,1,YZVM Ogrenci 1803,ogrenci1803@case.local,3.96,2023,approved,0
1804,3804,1,YZVM Ogrenci 1804,ogrenci1804@case.local,3.94,2024,approved,0
1805,3805,1,YZVM Ogrenci 1805,ogrenci1805@case.local,3.92,2023,approved,0
1806,3806,1,YZVM Ogrenci 1806,ogrenci1806@case.local,3.90,2024,approved,0
1807,3807,1,YZVM Ogrenci 1807,ogrenci1807@case.local,3.88,2023,approved,0
1808,3808,1,YZVM Ogrenci 1808,ogrenci1808@case.local,3.86,2024,approved,0
1809,3809,1,YZVM Ogrenci 1809,ogrenci1809@case.local,3.84,2023,approved,0
1810,3810,1,YZVM Ogrenci 1810,ogrenci1810@case.local,3.82,2024,approved,0
1811,3811,1,YZVM Ogrenci 1811,ogrenci1811@case.local,3.80,2023,approved,0
1812,3812,1,YZVM Ogrenci 1812,ogrenci1812@case.local,3.78,2024,approved,0
1813,3813,1,YZVM Ogrenci 1813,ogrenci1813@case.local,3.76,2023,approved,0
1814,3814,1,YZVM Ogrenci 1814,ogrenci1814@case.local,3.74,2024,approved,0
1815,3815,1,YZVM Ogrenci 1815,ogrenci1815@case.local,3.72,2023,approved,0
1816,3816,1,YZVM Ogrenci 1816,ogrenci1816@case.local,3.70,2024,approved,0
1817,3817,1,YZVM Ogrenci 1817,ogrenci1817@case.local,3.68,2023,approved,0
1818,3818,1,YZVM Ogrenci 1818,ogrenci1818@case.local,3.66,2024,approved,0
1819,3819,1,YZVM Ogrenci 1819,ogrenci1819@case.local,3.64,2023,approved,0
1820,3820,1,YZVM Ogrenci 1820,ogrenci1820@case.local,3.62,2024,approved,0
1821,3821,1,YZVM Ogrenci 1821,ogrenci1821@case.local,3.60,2023,approved,0
1822,3822,1,YZVM Ogrenci 1822,ogrenci1822@case.local,3.58,2024,approved,0
1823,3823,1,YZVM Ogrenci 1823,ogrenci1823@case.local,3.56,2023,approved,0
1824,3824,1,YZVM Ogrenci 1824,ogrenci1824@case.local,3.54,2024,approved,0
1825,3825,1,YZVM Ogrenci 1825,ogrenci1825@case.local,3.52,2023,approved,0
1826,3826,1,YZVM Ogrenci 1826,ogrenci1826@case.local,3.50,2024,approved,0
1827,3827,1,YZVM Ogrenci 1827,ogrenci1827@case.local,3.48,2023,approved,0
1828,3828,1,YZVM Ogrenci 1828,ogrenci1828@case.local,3.46,2024,approved,0
1829,3829,1,YZVM Ogrenci 1829,ogrenci1829@case.local,3.44,2023,approved,0
1830,3830,1,YZVM Ogrenci 1830,ogrenci1830@case.local,3.42,2024,approved,0
1831,3831,1,YZVM Ogrenci 1831,ogrenci1831@case.local,3.40,2023,approved,0
1832,3832,1,YZVM Ogrenci 1832,ogrenci1832@case.local,3.38,2024,approved,0
1833,3833,1,YZVM Ogrenci 1833,ogrenci1833@case.local,3.36,2023,approved,0
1834,3834,1,YZVM Ogrenci 1834,ogrenci1834@case.local,3.34,2024,approved,0
1835,3835,1,YZVM Ogrenci 1835,ogrenci1835@case.local,3.32,2023,approved,0
1836,3836,1,YZVM Ogrenci 1836,ogrenci1836@case.local,3.30,2024,approved,0
1837,3837,1,YZVM Ogrenci 1837,ogrenci1837@case.local,3.28,2023,approved,0
1838,3838,1,YZVM Ogrenci 1838,ogrenci1838@case.local,3.26,2024,approved,0
1839,3839,1,YZVM Ogrenci 1839,ogrenci1839@case.local,3.24,2023,approved,0
1840,3840,1,YZVM Ogrenci 1840,ogrenci1840@case.local,3.22,2024,approved,0
1841,3841,1,YZVM Ogrenci 1841,ogrenci1841@case.local,3.20,2023,approved,0
1842,3842,1,YZVM Ogrenci 1842,ogrenci1842@case.local,3.18,2024,approved,0
1843,3843,1,YZVM Ogrenci 1843,ogrenci1843@case.local,3.16,2023,approved,0
1844,3844,1,YZVM Ogrenci 1844,ogrenci1844@case.local,3.14,2024,approved,0
1845,3845,1,YZVM Ogrenci 1845,ogrenci1845@case.local,3.12,2023,approved,0
1846,3846,1,YZVM Ogrenci 1846,ogrenci1846@case.local,3.10,2024,approved,0
1847,3847,1,YZVM Ogrenci 1847,ogrenci1847@case.local,3.08,2023,approved,0
1848,3848,1,YZVM Ogrenci 1848,ogrenci1848@case.local,3.06,2024,approved,0
1849,3849,1,YZVM Ogrenci 1849,ogrenci1849@case.local,3.04,2023,approved,0
1850,3850,1,YZVM Ogrenci 1850,ogrenci1850@case.local,3.02,2024,approved,0
1851,3851,1,YZVM Ogrenci 1851,ogrenci1851@case.local,3.00,2023,approved,0
1852,3852,1,YZVM Ogrenci 1852,ogrenci1852@case.local,2.98,2024,approved,0
1853,3853,1,YZVM Ogrenci 1853,ogrenci1853@case.local,2.96,2023,approved,0
1854,3854,1,YZVM Ogrenci 1854,ogrenci1854@case.local,2.94,2024,approved,0
1855,3855,1,YZVM Ogrenci 1855,ogrenci1855@case.local,2.92,2023,approved,0
1856,3856,1,YZVM Ogrenci 1856,ogrenci1856@case.local,2.90,2024,approved,0
1857,3857,1,YZVM Ogrenci 1857,ogrenci1857@case.local,2.88,2023,approved,0
1858,3858,1,YZVM Ogrenci 1858,ogrenci1858@case.local,2.86,2024,approved,0
1859,3859,1,YZVM Ogrenci 1859,ogrenci1859@case.local,2.84,2023,approved,0
1860,3860,1,YZVM Ogrenci 1860,ogrenci1860@case.local,2.82,2024,approved,0
1861,3861,1,YZVM Ogrenci 1861,ogrenci1861@case.local,2.80,2023,approved,0
1862,3862,1,YZVM Ogrenci 1862,ogrenci1862@case.local,2.78,2024,approved,0
1863,3863,1,YZVM Ogrenci 1863,ogrenci1863@case.local,2.76,2023,approved,0
1864,3864,1,YZVM Ogrenci 1864,ogrenci1864@case.local,2.74,2024,approved,0
1865,3865,1,YZVM Ogrenci 1865,ogrenci1865@case.local,2.72,2023,approved,0
1866,3866,1,YZVM Ogrenci 1866,ogrenci1866@case.local,2.70,2024,approved,0
1867,3867,1,YZVM Ogrenci 1867,ogrenci1867@case.local,2.68,2023,approved,0
1868,3868,1,YZVM Ogrenci 1868,ogrenci1868@case.local,2.66,2024,approved,0
1869,3869,1,YZVM Ogrenci 1869,ogrenci1869@case.local,2.64,2023,approved,0
1870,3870,1,YZVM Ogrenci 1870,ogrenci1870@case.local,2.62,2024,approved,0
1871,3871,1,YZVM Ogrenci 1871,ogrenci1871@case.local,2.60,2023,approved,0
1872,3872,1,YZVM Ogrenci 1872,ogrenci1872@case.local,2.58,2024,approved,0
1873,3873,1,YZVM Ogrenci 1873,ogrenci1873@case.local,2.56,2023,approved,0
1874,3874,1,YZVM Ogrenci 1874,ogrenci1874@case.local,2.54,2024,approved,0
1875,3875,1,YZVM Ogrenci 1875,ogrenci1875@case.local,2.52,2023,approved,0
1876,3876,1,YZVM Ogrenci 1876,ogrenci1876@case.local,2.50,2024,approved,0
1877,3877,1,YZVM Ogrenci 1877,ogrenci1877@case.local,2.48,2023,approved,0
1878,3878,1,YZVM Ogrenci 1878,ogrenci1878@case.local,2.46,2024,approved,0
1879,3879,1,YZVM Ogrenci 1879,ogrenci1879@case.local,2.44,2023,approved,0
1880,3880,1,YZVM Ogrenci 1880,ogrenci1880@case.local,2.42,2024,approved,0
1881,3881,1,YZVM Ogrenci 1881,ogrenci1881@case.local,2.40,2023,approved,0
1882,3882,1,YZVM Ogrenci 1882,ogrenci1882@case.local,2.38,2024,approved,0
1883,3883,1,YZVM Ogrenci 1883,ogrenci1883@case.local,2.36,2023,approved,0
1884,3884,1,YZVM Ogrenci 1884,ogrenci1884@case.local,2.34,2024,approved,0
1885,3885,1,YZVM Ogrenci 1885,ogrenci1885@case.local,2.32,2023,approved,0
1886,3886,1,YZVM Ogrenci 1886,ogrenci1886@case.local,2.30,2024,approved,0
1887,3887,1,YZVM Ogrenci 1887,ogrenci1887@case.local,2.28,2023,approved,0
1888,3888,1,YZVM Ogrenci 1888,ogrenci1888@case.local,2.26,2024,approved,0
1889,3889,1,YZVM Ogrenci 1889,ogrenci1889@case.local,2.24,2023,approved,0
1890,3890,1,YZVM Ogrenci 1890,ogrenci1890@case.local,2.22,2024,approved,0
1891,3891,1,YZVM Ogrenci 1891,ogrenci1891@case.local,4.00,2023,approved,0
1892,3892,1,YZVM Ogrenci 1892,ogrenci1892@case.local,3.98,2024,approved,0
1893,3893,1,YZVM Ogrenci 1893,ogrenci1893@case.local,3.96,2023,approved,0
1894,3894,1,YZVM Ogrenci 1894,ogrenci1894@case.local,3.94,2024,approved,0
1895,3895,1,YZVM Ogrenci 1895,ogrenci1895@case.local,3.92,2023,approved,0
1896,3896,1,YZVM Ogrenci 1896,ogrenci1896@case.local,3.90,2024,approved,0
1897,3897,1,YZVM Ogrenci 1897,ogrenci1897@case.local,3.88,2023,approved,0
1898,3898,1,YZVM Ogrenci 1898,ogrenci1898@case.local,3.86,2024,approved,0
1899,3899,1,YZVM Ogrenci 1899,ogrenci1899@case.local,3.84,2023,approved,0
1900,3900,1,YZVM Ogrenci 1900,ogrenci1900@case.local,3.82,2024,approved,0
1901,3901,1,YZVM Ogrenci 1901,ogrenci1901@case.local,3.80,2023,approved,0
1902,3902,1,YZVM Ogrenci 1902,ogrenci1902@case.local,3.78,2024,approved,0
1903,3903,1,YZVM Ogrenci 1903,ogrenci1903@case.local,3.76,2023,approved,0
1904,3904,1,YZVM Ogrenci 1904,ogrenci1904@case.local,3.74,2024,approved,0
1905,3905,1,YZVM Ogrenci 1905,ogrenci1905@case.local,3.72,2023,approved,0
1906,3906,1,YZVM Ogrenci 1906,ogrenci1906@case.local,3.70,2024,approved,0
1907,3907,1,YZVM Ogrenci 1907,ogrenci1907@case.local,3.68,2023,approved,0
1908,3908,1,YZVM Ogrenci 1908,ogrenci1908@case.local,3.66,2024,approved,0
1909,3909,1,YZVM Ogrenci 1909,ogrenci1909@case.local,3.64,2023,approved,0
1910,3910,1,YZVM Ogrenci 1910,ogrenci1910@case.local,3.62,2024,approved,0
1911,3911,1,YZVM Ogrenci 1911,ogrenci1911@case.local,3.60,2023,approved,0
1912,3912,1,YZVM Ogrenci 1912,ogrenci1912@case.local,3.58,2024,approved,0
1913,3913,1,YZVM Ogrenci 1913,ogrenci1913@case.local,3.56,2023,approved,0
1914,3914,1,YZVM Ogrenci 1914,ogrenci1914@case.local,3.54,2024,approved,0
1915,3915,1,YZVM Ogrenci 1915,ogrenci1915@case.local,3.52,2023,approved,0
1916,3916,1,YZVM Ogrenci 1916,ogrenci1916@case.local,3.50,2024,approved,0
1917,3917,1,YZVM Ogrenci 1917,ogrenci1917@case.local,3.48,2023,approved,0
1918,3918,1,YZVM Ogrenci 1918,ogrenci1918@case.local,3.46,2024,approved,0
1919,3919,1,YZVM Ogrenci 1919,ogrenci1919@case.local,3.44,2023,approved,0
1920,3920,1,YZVM Ogrenci 1920,ogrenci1920@case.local,3.42,2024,approved,0
1921,3921,1,YZVM Ogrenci 1921,ogrenci1921@case.local,3.40,2023,approved,0
1922,3922,1,YZVM Ogrenci 1922,ogrenci1922@case.local,3.38,2024,approved,0
1923,3923,1,YZVM Ogrenci 1923,ogrenci1923@case.local,3.36,2023,approved,0
1924,3924,1,YZVM Ogrenci 1924,ogrenci1924@case.local,3.34,2024,approved,0
1925,3925,1,YZVM Ogrenci 1925,ogrenci1925@case.local,3.32,2023,approved,0
1926,3926,1,YZVM Ogrenci 1926,ogrenci1926@case.local,3.30,2024,approved,0
1927,3927,1,YZVM Ogrenci 1927,ogrenci1927@case.local,3.28,2023,approved,0
1928,3928,1,YZVM Ogrenci 1928,ogrenci1928@case.local,3.26,2024,approved,0
1929,3929,1,YZVM Ogrenci 1929,ogrenci1929@case.local,3.24,2023,approved,0
1930,3930,1,YZVM Ogrenci 1930,ogrenci1930@case.local,3.22,2024,approved,0
1931,3931,1,YZVM Ogrenci 1931,ogrenci1931@case.local,3.20,2023,approved,0
1932,3932,1,YZVM Ogrenci 1932,ogrenci1932@case.local,3.18,2024,approved,0
1933,3933,1,YZVM Ogrenci 1933,ogrenci1933@case.local,3.16,2023,approved,0
1934,3934,1,YZVM Ogrenci 1934,ogrenci1934@case.local,3.14,2024,approved,0
1935,3935,1,YZVM Ogrenci 1935,ogrenci1935@case.local,3.12,2023,approved,0
1936,3936,1,YZVM Ogrenci 1936,ogrenci1936@case.local,3.10,2024,approved,0
1937,3937,1,YZVM Ogrenci 1937,ogrenci1937@case.local,3.08,2023,approved,0
1938,3938,1,YZVM Ogrenci 1938,ogrenci1938@case.local,3.06,2024,approved,0
1939,3939,1,YZVM Ogrenci 1939,ogrenci1939@case.local,3.04,2023,approved,0
1940,3940,1,YZVM Ogrenci 1940,ogrenci1940@case.local,3.02,2024,approved,0
1941,3941,1,YZVM Ogrenci 1941,ogrenci1941@case.local,3.00,2023,approved,0
1942,3942,1,YZVM Ogrenci 1942,ogrenci1942@case.local,2.98,2024,approved,0
1943,3943,1,YZVM Ogrenci 1943,ogrenci1943@case.local,2.96,2023,approved,0
1944,3944,1,YZVM Ogrenci 1944,ogrenci1944@case.local,2.94,2024,approved,0
1945,3945,1,YZVM Ogrenci 1945,ogrenci1945@case.local,2.92,2023,approved,0
1946,3946,1,YZVM Ogrenci 1946,ogrenci1946@case.local,2.90,2024,approved,0
1947,3947,1,YZVM Ogrenci 1947,ogrenci1947@case.local,2.88,2023,approved,0
1948,3948,1,YZVM Ogrenci 1948,ogrenci1948@case.local,2.86,2024,approved,0
1949,3949,1,YZVM Ogrenci 1949,ogrenci1949@case.local,2.84,2023,approved,0
1950,3950,1,YZVM Ogrenci 1950,ogrenci1950@case.local,2.82,2024,approved,0
1951,3951,1,YZVM Ogrenci 1951,ogrenci1951@case.local,2.80,2023,approved,0
1952,3952,1,YZVM Ogrenci 1952,ogrenci1952@case.local,2.78,2024,approved,0
1953,3953,1,YZVM Ogrenci 1953,ogrenci1953@case.local,2.76,2023,approved,0
1954,3954,1,YZVM Ogrenci 1954,ogrenci1954@case.local,2.74,2024,approved,0
1955,3955,1,YZVM Ogrenci 1955,ogrenci1955@case.local,2.72,2023,approved,0
1956,3956,1,YZVM Ogrenci 1956,ogrenci1956@case.local,2.70,2024,approved,0
1957,3957,1,YZVM Ogrenci 1957,ogrenci1957@case.local,2.68,2023,approved,0
1958,3958,1,YZVM Ogrenci 1958,ogrenci1958@case.local,2.66,2024,approved,0
1959,3959,1,YZVM Ogrenci 1959,ogrenci1959@case.local,2.64,2023,approved,0
1960,3960,1,YZVM Ogrenci 1960,ogrenci1960@case.local,2.62,2024,approved,0
1961,3961,1,YZVM Ogrenci 1961,ogrenci1961@case.local,2.60,2023,approved,0
1962,3962,1,YZVM Ogrenci 1962,ogrenci1962@case.local,2.58,2024,approved,0
1963,3963,1,YZVM Ogrenci 1963,ogrenci1963@case.local,2.56,2023,approved,0
1964,3964,1,YZVM Ogrenci 1964,ogrenci1964@case.local,2.54,2024,approved,0
1965,3965,1,YZVM Ogrenci 1965,ogrenci1965@case.local,2.52,2023,approved,0
1966,3966,1,YZVM Ogrenci 1966,ogrenci1966@case.local,2.50,2024,approved,0
1967,3967,1,YZVM Ogrenci 1967,ogrenci1967@case.local,2.48,2023,approved,0
1968,3968,1,YZVM Ogrenci 1968,ogrenci1968@case.local,2.46,2024,approved,0
1969,3969,1,YZVM Ogrenci 1969,ogrenci1969@case.local,2.44,2023,approved,0
1970,3970,1,YZVM Ogrenci 1970,ogrenci1970@case.local,2.42,2024,approved,0
1971,3971,1,YZVM Ogrenci 1971,ogrenci1971@case.local,2.40,2023,approved,0
1972,3972,1,YZVM Ogrenci 1972,ogrenci1972@case.local,2.38,2024,approved,0
1973,3973,1,YZVM Ogrenci 1973,ogrenci1973@case.local,2.36,2023,approved,0
1974,3974,1,YZVM Ogrenci 1974,ogrenci1974@case.local,2.34,2024,approved,0
1975,3975,1,YZVM Ogrenci 1975,ogrenci1975@case.local,2.32,2023,approved,0
1976,3976,1,YZVM Ogrenci 1976,ogrenci1976@case.local,2.30,2024,approved,0
1977,3977,1,YZVM Ogrenci 1977,ogrenci1977@case.local,2.28,2023,approved,0
1978,3978,1,YZVM Ogrenci 1978,ogrenci1978@case.local,2.26,2024,approved,0
1979,3979,1,YZVM Ogrenci 1979,ogrenci1979@case.local,2.24,2023,approved,0
1980,3980,1,YZVM Ogrenci 1980,ogrenci1980@case.local,2.22,2024,approved,0
1981,3981,1,YZVM Ogrenci 1981,ogrenci1981@case.local,4.00,2023,approved,0
1982,3982,1,YZVM Ogrenci 1982,ogrenci1982@case.local,3.98,2024,approved,0
1983,3983,1,YZVM Ogrenci 1983,ogrenci1983@case.local,3.96,2023,approved,0
1984,3984,1,YZVM Ogrenci 1984,ogrenci1984@case.local,3.94,2024,approved,0
1985,3985,1,YZVM Ogrenci 1985,ogrenci1985@case.local,3.92,2023,approved,0
1986,3986,1,YZVM Ogrenci 1986,ogrenci1986@case.local,3.90,2024,approved,0
1987,3987,1,YZVM Ogrenci 1987,ogrenci1987@case.local,3.88,2023,approved,0
1988,3988,1,YZVM Ogrenci 1988,ogrenci1988@case.local,3.86,2024,approved,0
1989,3989,1,YZVM Ogrenci 1989,ogrenci1989@case.local,3.84,2023,approved,0
1990,3990,1,YZVM Ogrenci 1990,ogrenci1990@case.local,3.82,2024,approved,0
1991,3991,1,YZVM Ogrenci 1991,ogrenci1991@case.local,3.80,2023,approved,0
1992,3992,1,YZVM Ogrenci 1992,ogrenci1992@case.local,3.78,2024,approved,0
1993,3993,1,YZVM Ogrenci 1993,ogrenci1993@case.local,3.76,2023,approved,0
1994,3994,1,YZVM Ogrenci 1994,ogrenci1994@case.local,3.74,2024,approved,0
1995,3995,1,YZVM Ogrenci 1995,ogrenci1995@case.local,3.72,2023,approved,0
1996,3996,1,YZVM Ogrenci 1996,ogrenci1996@case.local,3.70,2024,approved,0
1997,3997,1,YZVM Ogrenci 1997,ogrenci1997@case.local,3.68,2023,approved,0
1998,3998,1,YZVM Ogrenci 1998,ogrenci1998@case.local,3.66,2024,approved,0
1999,3999,1,YZVM Ogrenci 1999,ogrenci1999@case.local,3.64,2023,approved,0
2000,4000,1,YZVM Ogrenci 2000,ogrenci2000@case.local,3.62,2024,approved,0
2001,4001,1,YZVM Ogrenci 2001,ogrenci2001@case.local,3.60,2023,approved,0
2002,4002,1,YZVM Ogrenci 2002,ogrenci2002@case.local,3.58,2024,approved,0
2003,4003,1,YZVM Ogrenci 2003,ogrenci2003@case.local,3.56,2023,approved,0
2004,4004,1,YZVM Ogrenci 2004,ogrenci2004@case.local,3.54,2024,approved,0
2005,4005,1,YZVM Ogrenci 2005,ogrenci2005@case.local,3.52,2023,approved,0
2006,4006,1,YZVM Ogrenci 2006,ogrenci2006@case.local,3.50,2024,approved,0
2007,4007,1,YZVM Ogrenci 2007,ogrenci2007@case.local,3.48,2023,approved,0
2008,4008,1,YZVM Ogrenci 2008,ogrenci2008@case.local,3.46,2024,approved,0
2009,4009,1,YZVM Ogrenci 2009,ogrenci2009@case.local,3.44,2023,approved,0
2010,4010,1,YZVM Ogrenci 2010,ogrenci2010@case.local,3.42,2024,approved,0
2011,4011,1,YZVM Ogrenci 2011,ogrenci2011@case.local,3.40,2023,approved,0
2012,4012,1,YZVM Ogrenci 2012,ogrenci2012@case.local,3.38,2024,approved,0
2013,4013,1,YZVM Ogrenci 2013,ogrenci2013@case.local,3.36,2023,approved,0
2014,4014,1,YZVM Ogrenci 2014,ogrenci2014@case.local,3.34,2024,approved,0
2015,4015,1,YZVM Ogrenci 2015,ogrenci2015@case.local,3.32,2023,approved,0
2016,4016,1,YZVM Ogrenci 2016,ogrenci2016@case.local,3.30,2024,approved,0
2017,4017,1,YZVM Ogrenci 2017,ogrenci2017@case.local,3.28,2023,approved,0
2018,4018,1,YZVM Ogrenci 2018,ogrenci2018@case.local,3.26,2024,approved,0
2019,4019,1,YZVM Ogrenci 2019,ogrenci2019@case.local,3.24,2023,approved,0
2020,4020,1,YZVM Ogrenci 2020,ogrenci2020@case.local,3.22,2024,approved,0
2021,4021,1,YZVM Ogrenci 2021,ogrenci2021@case.local,3.20,2023,approved,0
2022,4022,1,YZVM Ogrenci 2022,ogrenci2022@case.local,3.18,2024,approved,0
2023,4023,1,YZVM Ogrenci 2023,ogrenci2023@case.local,3.16,2023,approved,0
2024,4024,1,YZVM Ogrenci 2024,ogrenci2024@case.local,3.14,2024,approved,0
2025,4025,1,YZVM Ogrenci 2025,ogrenci2025@case.local,3.12,2023,approved,0
2026,4026,1,YZVM Ogrenci 2026,ogrenci2026@case.local,3.10,2024,approved,0
2027,4027,1,YZVM Ogrenci 2027,ogrenci2027@case.local,3.08,2023,approved,0
2028,4028,1,YZVM Ogrenci 2028,ogrenci2028@case.local,3.06,2024,approved,0
2029,4029,1,YZVM Ogrenci 2029,ogrenci2029@case.local,3.04,2023,approved,0
2030,4030,1,YZVM Ogrenci 2030,ogrenci2030@case.local,3.02,2024,approved,0
2031,4031,1,YZVM Ogrenci 2031,ogrenci2031@case.local,3.00,2023,approved,0
2032,4032,1,YZVM Ogrenci 2032,ogrenci2032@case.local,2.98,2024,approved,0
2033,4033,1,YZVM Ogrenci 2033,ogrenci2033@case.local,2.96,2023,approved,0
2034,4034,1,YZVM Ogrenci 2034,ogrenci2034@case.local,2.94,2024,approved,0
2035,4035,1,YZVM Ogrenci 2035,ogrenci2035@case.local,2.92,2023,approved,0
2036,4036,1,YZVM Ogrenci 2036,ogrenci2036@case.local,2.90,2024,approved,0
2037,4037,1,YZVM Ogrenci 2037,ogrenci2037@case.local,2.88,2023,approved,0
2038,4038,1,YZVM Ogrenci 2038,ogrenci2038@case.local,2.86,2024,approved,0
2039,4039,1,YZVM Ogrenci 2039,ogrenci2039@case.local,2.84,2023,approved,0
2040,4040,1,YZVM Ogrenci 2040,ogrenci2040@case.local,2.82,2024,approved,0
2041,4041,1,YZVM Ogrenci 2041,ogrenci2041@case.local,2.80,2023,approved,0
2042,4042,1,YZVM Ogrenci 2042,ogrenci2042@case.local,2.78,2024,approved,0
2043,4043,1,YZVM Ogrenci 2043,ogrenci2043@case.local,2.76,2023,approved,0
2044,4044,1,YZVM Ogrenci 2044,ogrenci2044@case.local,2.74,2024,approved,0
2045,4045,1,YZVM Ogrenci 2045,ogrenci2045@case.local,2.72,2023,approved,0
2046,4046,1,YZVM Ogrenci 2046,ogrenci2046@case.local,2.70,2024,approved,0
2047,4047,1,YZVM Ogrenci 2047,ogrenci2047@case.local,2.68,2023,approved,0
2048,4048,1,YZVM Ogrenci 2048,ogrenci2048@case.local,2.66,2024,approved,0
2049,4049,1,YZVM Ogrenci 2049,ogrenci2049@case.local,2.64,2023,approved,0
2050,4050,1,YZVM Ogrenci 2050,ogrenci2050@case.local,2.62,2024,approved,0
2051,4051,1,YZVM Ogrenci 2051,ogrenci2051@case.local,2.60,2023,approved,0
2052,4052,1,YZVM Ogrenci 2052,ogrenci2052@case.local,2.58,2024,approved,0
2053,4053,1,YZVM Ogrenci 2053,ogrenci2053@case.local,2.56,2023,approved,0
2054,4054,1,YZVM Ogrenci 2054,ogrenci2054@case.local,2.54,2024,approved,0
2055,4055,1,YZVM Ogrenci 2055,ogrenci2055@case.local,2.52,2023,approved,0
2056,4056,1,YZVM Ogrenci 2056,ogrenci2056@case.local,2.50,2024,approved,0
2057,4057,1,YZVM Ogrenci 2057,ogrenci2057@case.local,2.48,2023,approved,0
2058,4058,1,YZVM Ogrenci 2058,ogrenci2058@case.local,2.46,2024,approved,0
2059,4059,1,YZVM Ogrenci 2059,ogrenci2059@case.local,2.44,2023,approved,0
2060,4060,1,YZVM Ogrenci 2060,ogrenci2060@case.local,2.42,2024,approved,0
2061,4061,1,YZVM Ogrenci 2061,ogrenci2061@case.local,2.40,2023,approved,0
2062,4062,1,YZVM Ogrenci 2062,ogrenci2062@case.local,2.38,2024,approved,0
2063,4063,1,YZVM Ogrenci 2063,ogrenci2063@case.local,2.36,2023,approved,0
2064,4064,1,YZVM Ogrenci 2064,ogrenci2064@case.local,2.34,2024,approved,0
2065,4065,1,YZVM Ogrenci 2065,ogrenci2065@case.local,2.32,2023,approved,0
2066,4066,1,YZVM Ogrenci 2066,ogrenci2066@case.local,2.30,2024,approved,0
2067,4067,1,YZVM Ogrenci 2067,ogrenci2067@case.local,2.28,2023,approved,0
2068,4068,1,YZVM Ogrenci 2068,ogrenci2068@case.local,2.26,2024,approved,0
2069,4069,1,YZVM Ogrenci 2069,ogrenci2069@case.local,2.24,2023,approved,0
2070,4070,1,YZVM Ogrenci 2070,ogrenci2070@case.local,2.22,2024,approved,0
2071,4071,1,YZVM Ogrenci 2071,ogrenci2071@case.local,4.00,2023,approved,0
2072,4072,1,YZVM Ogrenci 2072,ogrenci2072@case.local,3.98,2024,approved,0
2073,4073,1,YZVM Ogrenci 2073,ogrenci2073@case.local,3.96,2023,approved,0
2074,4074,1,YZVM Ogrenci 2074,ogrenci2074@case.local,3.94,2024,approved,0
2075,4075,1,YZVM Ogrenci 2075,ogrenci2075@case.local,3.92,2023,approved,0
2076,4076,1,YZVM Ogrenci 2076,ogrenci2076@case.local,3.90,2024,approved,0
2077,4077,1,YZVM Ogrenci 2077,ogrenci2077@case.local,3.88,2023,approved,0
2078,4078,1,YZVM Ogrenci 2078,ogrenci2078@case.local,3.86,2024,approved,0
2079,4079,1,YZVM Ogrenci 2079,ogrenci2079@case.local,3.84,2023,approved,0
2080,4080,1,YZVM Ogrenci 2080,ogrenci2080@case.local,3.82,2024,approved,0
2081,4081,1,YZVM Ogrenci 2081,ogrenci2081@case.local,3.80,2023,approved,0
2082,4082,1,YZVM Ogrenci 2082,ogrenci2082@case.local,3.78,2024,approved,0
2083,4083,1,YZVM Ogrenci 2083,ogrenci2083@case.local,3.76,2023,approved,0
2084,4084,1,YZVM Ogrenci 2084,ogrenci2084@case.local,3.74,2024,approved,0
2085,4085,1,YZVM Ogrenci 2085,ogrenci2085@case.local,3.72,2023,approved,0
2086,4086,1,YZVM Ogrenci 2086,ogrenci2086@case.local,3.70,2024,approved,0
2087,4087,1,YZVM Ogrenci 2087,ogrenci2087@case.local,3.68,2023,approved,0
2088,4088,1,YZVM Ogrenci 2088,ogrenci2088@case.local,3.66,2024,approved,0
2089,4089,1,YZVM Ogrenci 2089,ogrenci2089@case.local,3.64,2023,approved,0
2090,4090,1,YZVM Ogrenci 2090,ogrenci2090@case.local,3.62,2024,approved,0
2091,4091,1,YZVM Ogrenci 2091,ogrenci2091@case.local,3.60,2023,approved,0
2092,4092,1,YZVM Ogrenci 2092,ogrenci2092@case.local,3.58,2024,approved,0
2093,4093,1,YZVM Ogrenci 2093,ogrenci2093@case.local,3.56,2023,approved,0
2094,4094,1,YZVM Ogrenci 2094,ogrenci2094@case.local,3.54,2024,approved,0
2095,4095,1,YZVM Ogrenci 2095,ogrenci2095@case.local,3.52,2023,approved,0
2096,4096,1,YZVM Ogrenci 2096,ogrenci2096@case.local,3.50,2024,approved,0
2097,4097,1,YZVM Ogrenci 2097,ogrenci2097@case.local,3.48,2023,approved,0
2098,4098,1,YZVM Ogrenci 2098,ogrenci2098@case.local,3.46,2024,approved,0
2099,4099,1,YZVM Ogrenci 2099,ogrenci2099@case.local,3.44,2023,approved,0
2100,4100,1,YZVM Ogrenci 2100,ogrenci2100@case.local,3.42,2024,approved,0
2101,4101,1,YZVM Ogrenci 2101,ogrenci2101@case.local,3.40,2023,approved,0
2102,4102,1,YZVM Ogrenci 2102,ogrenci2102@case.local,3.38,2024,approved,0
2103,4103,1,YZVM Ogrenci 2103,ogrenci2103@case.local,3.36,2023,approved,0
2104,4104,1,YZVM Ogrenci 2104,ogrenci2104@case.local,3.34,2024,approved,0
2105,4105,1,YZVM Ogrenci 2105,ogrenci2105@case.local,3.32,2023,approved,0
2106,4106,1,YZVM Ogrenci 2106,ogrenci2106@case.local,3.30,2024,approved,0
2107,4107,1,YZVM Ogrenci 2107,ogrenci2107@case.local,3.28,2023,approved,0
2108,4108,1,YZVM Ogrenci 2108,ogrenci2108@case.local,3.26,2024,approved,0
2109,4109,1,YZVM Ogrenci 2109,ogrenci2109@case.local,3.24,2023,approved,0
2110,4110,1,YZVM Ogrenci 2110,ogrenci2110@case.local,3.22,2024,approved,0
2111,4111,1,YZVM Ogrenci 2111,ogrenci2111@case.local,3.20,2023,approved,0
2112,4112,1,YZVM Ogrenci 2112,ogrenci2112@case.local,3.18,2024,approved,0
2113,4113,1,YZVM Ogrenci 2113,ogrenci2113@case.local,3.16,2023,approved,0
2114,4114,1,YZVM Ogrenci 2114,ogrenci2114@case.local,3.14,2024,approved,0
2115,4115,1,YZVM Ogrenci 2115,ogrenci2115@case.local,3.12,2023,approved,0
2116,4116,1,YZVM Ogrenci 2116,ogrenci2116@case.local,3.10,2024,approved,0
2117,4117,1,YZVM Ogrenci 2117,ogrenci2117@case.local,3.08,2023,approved,0
2118,4118,1,YZVM Ogrenci 2118,ogrenci2118@case.local,3.06,2024,approved,0
2119,4119,1,YZVM Ogrenci 2119,ogrenci2119@case.local,3.04,2023,approved,0
2120,4120,1,YZVM Ogrenci 2120,ogrenci2120@case.local,3.02,2024,approved,0
2121,4121,1,YZVM Ogrenci 2121,ogrenci2121@case.local,3.00,2023,approved,0
2122,4122,1,YZVM Ogrenci 2122,ogrenci2122@case.local,2.98,2024,approved,0
2123,4123,1,YZVM Ogrenci 2123,ogrenci2123@case.local,2.96,2023,approved,0
2124,4124,1,YZVM Ogrenci 2124,ogrenci2124@case.local,2.94,2024,approved,0
2125,4125,1,YZVM Ogrenci 2125,ogrenci2125@case.local,2.92,2023,approved,0
2126,4126,1,YZVM Ogrenci 2126,ogrenci2126@case.local,2.90,2024,approved,0
2127,4127,1,YZVM Ogrenci 2127,ogrenci2127@case.local,2.88,2023,approved,0
2128,4128,1,YZVM Ogrenci 2128,ogrenci2128@case.local,2.86,2024,approved,0
2129,4129,1,YZVM Ogrenci 2129,ogrenci2129@case.local,2.84,2023,approved,0
2130,4130,1,YZVM Ogrenci 2130,ogrenci2130@case.local,2.82,2024,approved,0
2131,4131,1,YZVM Ogrenci 2131,ogrenci2131@case.local,2.80,2023,approved,0
2132,4132,1,YZVM Ogrenci 2132,ogrenci2132@case.local,2.78,2024,approved,0
2133,4133,1,YZVM Ogrenci 2133,ogrenci2133@case.local,2.76,2023,approved,0
2134,4134,1,YZVM Ogrenci 2134,ogrenci2134@case.local,2.74,2024,approved,0
2135,4135,1,YZVM Ogrenci 2135,ogrenci2135@case.local,2.72,2023,approved,0
2136,4136,1,YZVM Ogrenci 2136,ogrenci2136@case.local,2.70,2024,approved,0
2137,4137,1,YZVM Ogrenci 2137,ogrenci2137@case.local,2.68,2023,approved,0
2138,4138,1,YZVM Ogrenci 2138,ogrenci2138@case.local,2.66,2024,approved,0
2139,4139,1,YZVM Ogrenci 2139,ogrenci2139@case.local,2.64,2023,approved,0
2140,4140,1,YZVM Ogrenci 2140,ogrenci2140@case.local,2.62,2024,approved,0
2141,4141,1,YZVM Ogrenci 2141,ogrenci2141@case.local,2.60,2023,approved,0
2142,4142,1,YZVM Ogrenci 2142,ogrenci2142@case.local,2.58,2024,approved,0
2143,4143,1,YZVM Ogrenci 2143,ogrenci2143@case.local,2.56,2023,approved,0
2144,4144,1,YZVM Ogrenci 2144,ogrenci2144@case.local,2.54,2024,approved,0
2145,4145,1,YZVM Ogrenci 2145,ogrenci2145@case.local,2.52,2023,approved,0
2146,4146,1,YZVM Ogrenci 2146,ogrenci2146@case.local,2.50,2024,approved,0
2147,4147,1,YZVM Ogrenci 2147,ogrenci2147@case.local,2.48,2023,approved,0
2148,4148,1,YZVM Ogrenci 2148,ogrenci2148@case.local,2.46,2024,approved,0
2149,4149,1,YZVM Ogrenci 2149,ogrenci2149@case.local,2.44,2023,approved,0
2150,4150,1,YZVM Ogrenci 2150,ogrenci2150@case.local,2.42,2024,approved,0
2151,4151,1,YZVM Ogrenci 2151,ogrenci2151@case.local,2.40,2023,approved,0
2152,4152,1,YZVM Ogrenci 2152,ogrenci2152@case.local,2.38,2024,approved,0
2153,4153,1,YZVM Ogrenci 2153,ogrenci2153@case.local,2.36,2023,approved,0
2154,4154,1,YZVM Ogrenci 2154,ogrenci2154@case.local,2.34,2024,approved,0
2155,4155,1,YZVM Ogrenci 2155,ogrenci2155@case.local,2.32,2023,approved,0
2156,4156,1,YZVM Ogrenci 2156,ogrenci2156@case.local,2.30,2024,approved,0
2157,4157,1,YZVM Ogrenci 2157,ogrenci2157@case.local,2.28,2023,approved,0
2158,4158,1,YZVM Ogrenci 2158,ogrenci2158@case.local,2.26,2024,approved,0
2159,4159,1,YZVM Ogrenci 2159,ogrenci2159@case.local,2.24,2023,approved,0
2160,4160,1,YZVM Ogrenci 2160,ogrenci2160@case.local,2.22,2024,approved,0
2161,4161,1,YZVM Ogrenci 2161,ogrenci2161@case.local,4.00,2023,approved,0
2162,4162,1,YZVM Ogrenci 2162,ogrenci2162@case.local,3.98,2024,approved,0
2163,4163,1,YZVM Ogrenci 2163,ogrenci2163@case.local,3.96,2023,approved,0
2164,4164,1,YZVM Ogrenci 2164,ogrenci2164@case.local,3.94,2024,approved,0
2165,4165,1,YZVM Ogrenci 2165,ogrenci2165@case.local,3.92,2023,approved,0
2166,4166,1,YZVM Ogrenci 2166,ogrenci2166@case.local,3.90,2024,approved,0
2167,4167,1,YZVM Ogrenci 2167,ogrenci2167@case.local,3.88,2023,approved,0
2168,4168,1,YZVM Ogrenci 2168,ogrenci2168@case.local,3.86,2024,approved,0
2169,4169,1,YZVM Ogrenci 2169,ogrenci2169@case.local,3.84,2023,approved,0
2170,4170,1,YZVM Ogrenci 2170,ogrenci2170@case.local,3.82,2024,approved,0
2171,4171,1,YZVM Ogrenci 2171,ogrenci2171@case.local,3.80,2023,approved,0
2172,4172,1,YZVM Ogrenci 2172,ogrenci2172@case.local,3.78,2024,approved,0
2173,4173,1,YZVM Ogrenci 2173,ogrenci2173@case.local,3.76,2023,approved,0
2174,4174,1,YZVM Ogrenci 2174,ogrenci2174@case.local,3.74,2024,approved,0
2175,4175,1,YZVM Ogrenci 2175,ogrenci2175@case.local,3.72,2023,approved,0
2176,4176,1,YZVM Ogrenci 2176,ogrenci2176@case.local,3.70,2024,approved,0
2177,4177,1,YZVM Ogrenci 2177,ogrenci2177@case.local,3.68,2023,approved,0
2178,4178,1,YZVM Ogrenci 2178,ogrenci2178@case.local,3.66,2024,approved,0
2179,4179,1,YZVM Ogrenci 2179,ogrenci2179@case.local,3.64,2023,approved,0
2180,4180,1,YZVM Ogrenci 2180,ogrenci2180@case.local,3.62,2024,approved,0
2181,4181,1,YZVM Ogrenci 2181,ogrenci2181@case.local,3.60,2023,approved,0
2182,4182,1,YZVM Ogrenci 2182,ogrenci2182@case.local,3.58,2024,approved,0
2183,4183,1,YZVM Ogrenci 2183,ogrenci2183@case.local,3.56,2023,approved,0
2184,4184,1,YZVM Ogrenci 2184,ogrenci2184@case.local,3.54,2024,approved,0
2185,4185,1,YZVM Ogrenci 2185,ogrenci2185@case.local,3.52,2023,approved,0
2186,4186,1,YZVM Ogrenci 2186,ogrenci2186@case.local,3.50,2024,approved,0
2187,4187,1,YZVM Ogrenci 2187,ogrenci2187@case.local,3.48,2023,approved,0
2188,4188,1,YZVM Ogrenci 2188,ogrenci2188@case.local,3.46,2024,approved,0
2189,4189,1,YZVM Ogrenci 2189,ogrenci2189@case.local,3.44,2023,approved,0
2190,4190,1,YZVM Ogrenci 2190,ogrenci2190@case.local,3.42,2024,approved,0
2191,4191,1,YZVM Ogrenci 2191,ogrenci2191@case.local,3.40,2023,approved,0
2192,4192,1,YZVM Ogrenci 2192,ogrenci2192@case.local,3.38,2024,approved,0
2193,4193,1,YZVM Ogrenci 2193,ogrenci2193@case.local,3.36,2023,approved,0
2194,4194,1,YZVM Ogrenci 2194,ogrenci2194@case.local,3.34,2024,approved,0
2195,4195,1,YZVM Ogrenci 2195,ogrenci2195@case.local,3.32,2023,approved,0
2196,4196,1,YZVM Ogrenci 2196,ogrenci2196@case.local,3.30,2024,approved,0
2197,4197,1,YZVM Ogrenci 2197,ogrenci2197@case.local,3.28,2023,approved,0
2198,4198,1,YZVM Ogrenci 2198,ogrenci2198@case.local,3.26,2024,approved,0
2199,4199,1,YZVM Ogrenci 2199,ogrenci2199@case.local,3.24,2023,approved,0
2200,4200,1,YZVM Ogrenci 2200,ogrenci2200@case.local,3.22,2024,approved,0
2201,4201,1,YZVM Ogrenci 2201,ogrenci2201@case.local,3.20,2023,approved,0
2202,4202,1,YZVM Ogrenci 2202,ogrenci2202@case.local,3.18,2024,approved,0
2203,4203,1,YZVM Ogrenci 2203,ogrenci2203@case.local,3.16,2023,approved,0
2204,4204,1,YZVM Ogrenci 2204,ogrenci2204@case.local,3.14,2024,approved,0
2205,4205,1,YZVM Ogrenci 2205,ogrenci2205@case.local,3.12,2023,approved,0
2206,4206,1,YZVM Ogrenci 2206,ogrenci2206@case.local,3.10,2024,approved,0
2207,4207,1,YZVM Ogrenci 2207,ogrenci2207@case.local,3.08,2023,approved,0
2208,4208,1,YZVM Ogrenci 2208,ogrenci2208@case.local,3.06,2024,approved,0
2209,4209,1,YZVM Ogrenci 2209,ogrenci2209@case.local,3.04,2023,approved,0
2210,4210,1,YZVM Ogrenci 2210,ogrenci2210@case.local,3.02,2024,approved,0
2211,4211,1,YZVM Ogrenci 2211,ogrenci2211@case.local,3.00,2023,approved,0
2212,4212,1,YZVM Ogrenci 2212,ogrenci2212@case.local,2.98,2024,approved,0
2213,4213,1,YZVM Ogrenci 2213,ogrenci2213@case.local,2.96,2023,approved,0
2214,4214,1,YZVM Ogrenci 2214,ogrenci2214@case.local,2.94,2024,approved,0
2215,4215,1,YZVM Ogrenci 2215,ogrenci2215@case.local,2.92,2023,approved,0
2216,4216,1,YZVM Ogrenci 2216,ogrenci2216@case.local,2.90,2024,approved,0
2217,4217,1,YZVM Ogrenci 2217,ogrenci2217@case.local,2.88,2023,approved,0
2218,4218,1,YZVM Ogrenci 2218,ogrenci2218@case.local,2.86,2024,approved,0
2219,4219,1,YZVM Ogrenci 2219,ogrenci2219@case.local,2.84,2023,approved,0
2220,4220,1,YZVM Ogrenci 2220,ogrenci2220@case.local,2.82,2024,approved,0
2221,4221,1,YZVM Ogrenci 2221,ogrenci2221@case.local,2.80,2023,approved,0
2222,4222,1,YZVM Ogrenci 2222,ogrenci2222@case.local,2.78,2024,approved,0
2223,4223,1,YZVM Ogrenci 2223,ogrenci2223@case.local,2.76,2023,approved,0
2224,4224,1,YZVM Ogrenci 2224,ogrenci2224@case.local,2.74,2024,approved,0
2225,4225,1,YZVM Ogrenci 2225,ogrenci2225@case.local,2.72,2023,approved,0
2226,4226,1,YZVM Ogrenci 2226,ogrenci2226@case.local,2.70,2024,approved,0
2227,4227,1,YZVM Ogrenci 2227,ogrenci2227@case.local,2.68,2023,approved,0
2228,4228,1,YZVM Ogrenci 2228,ogrenci2228@case.local,2.66,2024,approved,0
2229,4229,1,YZVM Ogrenci 2229,ogrenci2229@case.local,2.64,2023,approved,0
2230,4230,1,YZVM Ogrenci 2230,ogrenci2230@case.local,2.62,2024,approved,0
2231,4231,1,YZVM Ogrenci 2231,ogrenci2231@case.local,2.60,2023,approved,0
2232,4232,1,YZVM Ogrenci 2232,ogrenci2232@case.local,2.58,2024,approved,0
2233,4233,1,YZVM Ogrenci 2233,ogrenci2233@case.local,2.56,2023,approved,0
2234,4234,1,YZVM Ogrenci 2234,ogrenci2234@case.local,2.54,2024,approved,0
2235,4235,1,YZVM Ogrenci 2235,ogrenci2235@case.local,2.52,2023,approved,0
2236,4236,1,YZVM Ogrenci 2236,ogrenci2236@case.local,2.50,2024,approved,0
2237,4237,1,YZVM Ogrenci 2237,ogrenci2237@case.local,2.48,2023,approved,0
2238,4238,1,YZVM Ogrenci 2238,ogrenci2238@case.local,2.46,2024,approved,0
2239,4239,1,YZVM Ogrenci 2239,ogrenci2239@case.local,2.44,2023,approved,0
2240,4240,1,YZVM Ogrenci 2240,ogrenci2240@case.local,2.42,2024,approved,0
2241,4241,1,YZVM Ogrenci 2241,ogrenci2241@case.local,2.40,2023,approved,0
2242,4242,1,YZVM Ogrenci 2242,ogrenci2242@case.local,2.38,2024,approved,0
2243,4243,1,YZVM Ogrenci 2243,ogrenci2243@case.local,2.36,2023,approved,0
2244,4244,1,YZVM Ogrenci 2244,ogrenci2244@case.local,2.34,2024,approved,0
2245,4245,1,YZVM Ogrenci 2245,ogrenci2245@case.local,2.32,2023,approved,0
2246,4246,1,YZVM Ogrenci 2246,ogrenci2246@case.local,2.30,2024,approved,0
2247,4247,1,YZVM Ogrenci 2247,ogrenci2247@case.local,2.28,2023,approved,0
2248,4248,1,YZVM Ogrenci 2248,ogrenci2248@case.local,2.26,2024,approved,0
2249,4249,1,YZVM Ogrenci 2249,ogrenci2249@case.local,2.24,2023,approved,0
2250,4250,1,YZVM Ogrenci 2250,ogrenci2250@case.local,2.22,2024,approved,0
2251,4251,1,YZVM Ogrenci 2251,ogrenci2251@case.local,4.00,2023,approved,0
2252,4252,1,YZVM Ogrenci 2252,ogrenci2252@case.local,3.98,2024,approved,0
2253,4253,1,YZVM Ogrenci 2253,ogrenci2253@case.local,3.96,2023,approved,0
2254,4254,1,YZVM Ogrenci 2254,ogrenci2254@case.local,3.94,2024,approved,0
2255,4255,1,YZVM Ogrenci 2255,ogrenci2255@case.local,3.92,2023,approved,0
2256,4256,1,YZVM Ogrenci 2256,ogrenci2256@case.local,3.90,2024,approved,0
2257,4257,1,YZVM Ogrenci 2257,ogrenci2257@case.local,3.88,2023,approved,0
2258,4258,1,YZVM Ogrenci 2258,ogrenci2258@case.local,3.86,2024,approved,0
2259,4259,1,YZVM Ogrenci 2259,ogrenci2259@case.local,3.84,2023,approved,0
2260,4260,1,YZVM Ogrenci 2260,ogrenci2260@case.local,3.82,2024,approved,0
2261,4261,1,YZVM Ogrenci 2261,ogrenci2261@case.local,3.80,2023,approved,0
2262,4262,1,YZVM Ogrenci 2262,ogrenci2262@case.local,3.78,2024,approved,0
2263,4263,1,YZVM Ogrenci 2263,ogrenci2263@case.local,3.76,2023,approved,0
2264,4264,1,YZVM Ogrenci 2264,ogrenci2264@case.local,3.74,2024,approved,0
2265,4265,1,YZVM Ogrenci 2265,ogrenci2265@case.local,3.72,2023,approved,0
2266,4266,1,YZVM Ogrenci 2266,ogrenci2266@case.local,3.70,2024,approved,0
2267,4267,1,YZVM Ogrenci 2267,ogrenci2267@case.local,3.68,2023,approved,0
2268,4268,1,YZVM Ogrenci 2268,ogrenci2268@case.local,3.66,2024,approved,0
2269,4269,1,YZVM Ogrenci 2269,ogrenci2269@case.local,3.64,2023,approved,0
2270,4270,1,YZVM Ogrenci 2270,ogrenci2270@case.local,3.62,2024,approved,0
2271,4271,1,YZVM Ogrenci 2271,ogrenci2271@case.local,3.60,2023,approved,0
2272,4272,1,YZVM Ogrenci 2272,ogrenci2272@case.local,3.58,2024,approved,0
2273,4273,1,YZVM Ogrenci 2273,ogrenci2273@case.local,3.56,2023,approved,0
2274,4274,1,YZVM Ogrenci 2274,ogrenci2274@case.local,3.54,2024,approved,0
2275,4275,1,YZVM Ogrenci 2275,ogrenci2275@case.local,3.52,2023,approved,0
2276,4276,1,YZVM Ogrenci 2276,ogrenci2276@case.local,3.50,2024,approved,0
2277,4277,1,YZVM Ogrenci 2277,ogrenci2277@case.local,3.48,2023,approved,0
2278,4278,1,YZVM Ogrenci 2278,ogrenci2278@case.local,3.46,2024,approved,0
2279,4279,1,YZVM Ogrenci 2279,ogrenci2279@case.local,3.44,2023,approved,0
2280,4280,1,YZVM Ogrenci 2280,ogrenci2280@case.local,3.42,2024,approved,0
2281,4281,1,YZVM Ogrenci 2281,ogrenci2281@case.local,3.40,2023,approved,0
2282,4282,1,YZVM Ogrenci 2282,ogrenci2282@case.local,3.38,2024,approved,0
2283,4283,1,YZVM Ogrenci 2283,ogrenci2283@case.local,3.36,2023,approved,0
2284,4284,1,YZVM Ogrenci 2284,ogrenci2284@case.local,3.34,2024,approved,0
2285,4285,1,YZVM Ogrenci 2285,ogrenci2285@case.local,3.32,2023,approved,0
2286,4286,1,YZVM Ogrenci 2286,ogrenci2286@case.local,3.30,2024,approved,0
2287,4287,1,YZVM Ogrenci 2287,ogrenci2287@case.local,3.28,2023,approved,0
2288,4288,1,YZVM Ogrenci 2288,ogrenci2288@case.local,3.26,2024,approved,0
2289,4289,1,YZVM Ogrenci 2289,ogrenci2289@case.local,3.24,2023,approved,0
2290,4290,1,YZVM Ogrenci 2290,ogrenci2290@case.local,3.22,2024,approved,0
2291,4291,1,YZVM Ogrenci 2291,ogrenci2291@case.local,3.20,2023,approved,0
2292,4292,1,YZVM Ogrenci 2292,ogrenci2292@case.local,3.18,2024,approved,0
2293,4293,1,YZVM Ogrenci 2293,ogrenci2293@case.local,3.16,2023,approved,0
2294,4294,1,YZVM Ogrenci 2294,ogrenci2294@case.local,3.14,2024,approved,0
2295,4295,1,YZVM Ogrenci 2295,ogrenci2295@case.local,3.12,2023,approved,0
2296,4296,1,YZVM Ogrenci 2296,ogrenci2296@case.local,3.10,2024,approved,0
2297,4297,1,YZVM Ogrenci 2297,ogrenci2297@case.local,3.08,2023,approved,0
2298,4298,1,YZVM Ogrenci 2298,ogrenci2298@case.local,3.06,2024,approved,0
2299,4299,1,YZVM Ogrenci 2299,ogrenci2299@case.local,3.04,2023,approved,0
2300,4300,1,YZVM Ogrenci 2300,ogrenci2300@case.local,3.02,2024,approved,0
2301,4301,1,YZVM Ogrenci 2301,ogrenci2301@case.local,3.00,2023,approved,0
2302,4302,1,YZVM Ogrenci 2302,ogrenci2302@case.local,2.98,2024,approved,0
2303,4303,1,YZVM Ogrenci 2303,ogrenci2303@case.local,2.96,2023,approved,0
2304,4304,1,YZVM Ogrenci 2304,ogrenci2304@case.local,2.94,2024,approved,0
2305,4305,1,YZVM Ogrenci 2305,ogrenci2305@case.local,2.92,2023,approved,0
2306,4306,1,YZVM Ogrenci 2306,ogrenci2306@case.local,2.90,2024,approved,0
2307,4307,1,YZVM Ogrenci 2307,ogrenci2307@case.local,2.88,2023,approved,0
2308,4308,1,YZVM Ogrenci 2308,ogrenci2308@case.local,2.86,2024,approved,0
2309,4309,1,YZVM Ogrenci 2309,ogrenci2309@case.local,2.84,2023,approved,0
2310,4310,1,YZVM Ogrenci 2310,ogrenci2310@case.local,2.82,2024,approved,0
2311,4311,1,YZVM Ogrenci 2311,ogrenci2311@case.local,2.80,2023,approved,0
2312,4312,1,YZVM Ogrenci 2312,ogrenci2312@case.local,2.78,2024,approved,0
2313,4313,1,YZVM Ogrenci 2313,ogrenci2313@case.local,2.76,2023,approved,0
2314,4314,1,YZVM Ogrenci 2314,ogrenci2314@case.local,2.74,2024,approved,0
2315,4315,1,YZVM Ogrenci 2315,ogrenci2315@case.local,2.72,2023,approved,0
2316,4316,1,YZVM Ogrenci 2316,ogrenci2316@case.local,2.70,2024,approved,0
2317,4317,1,YZVM Ogrenci 2317,ogrenci2317@case.local,2.68,2023,approved,0
2318,4318,1,YZVM Ogrenci 2318,ogrenci2318@case.local,2.66,2024,approved,0
2319,4319,1,YZVM Ogrenci 2319,ogrenci2319@case.local,2.64,2023,approved,0
2320,4320,1,YZVM Ogrenci 2320,ogrenci2320@case.local,2.62,2024,approved,0
2321,4321,1,YZVM Ogrenci 2321,ogrenci2321@case.local,2.60,2023,approved,0
2322,4322,1,YZVM Ogrenci 2322,ogrenci2322@case.local,2.58,2024,approved,0
2323,4323,1,YZVM Ogrenci 2323,ogrenci2323@case.local,2.56,2023,approved,0
2324,4324,1,YZVM Ogrenci 2324,ogrenci2324@case.local,2.54,2024,approved,0
2325,4325,1,YZVM Ogrenci 2325,ogrenci2325@case.local,2.52,2023,approved,0
2326,4326,1,YZVM Ogrenci 2326,ogrenci2326@case.local,2.50,2024,approved,0
2327,4327,1,YZVM Ogrenci 2327,ogrenci2327@case.local,2.48,2023,approved,0
2328,4328,1,YZVM Ogrenci 2328,ogrenci2328@case.local,2.46,2024,approved,0
2329,4329,1,YZVM Ogrenci 2329,ogrenci2329@case.local,2.44,2023,approved,0
2330,4330,1,YZVM Ogrenci 2330,ogrenci2330@case.local,2.42,2024,approved,0
2331,4331,1,YZVM Ogrenci 2331,ogrenci2331@case.local,2.40,2023,approved,0
2332,4332,1,YZVM Ogrenci 2332,ogrenci2332@case.local,2.38,2024,approved,0
2333,4333,1,YZVM Ogrenci 2333,ogrenci2333@case.local,2.36,2023,approved,0
2334,4334,1,YZVM Ogrenci 2334,ogrenci2334@case.local,2.34,2024,approved,0
2335,4335,1,YZVM Ogrenci 2335,ogrenci2335@case.local,2.32,2023,approved,0
2336,4336,1,YZVM Ogrenci 2336,ogrenci2336@case.local,2.30,2024,approved,0
2337,4337,1,YZVM Ogrenci 2337,ogrenci2337@case.local,2.28,2023,approved,0
2338,4338,1,YZVM Ogrenci 2338,ogrenci2338@case.local,2.26,2024,approved,0
2339,4339,1,YZVM Ogrenci 2339,ogrenci2339@case.local,2.24,2023,approved,0
2340,4340,1,YZVM Ogrenci 2340,ogrenci2340@case.local,2.22,2024,approved,0
2341,4341,1,YZVM Ogrenci 2341,ogrenci2341@case.local,4.00,2023,approved,0
2342,4342,1,YZVM Ogrenci 2342,ogrenci2342@case.local,3.98,2024,approved,0
2343,4343,1,YZVM Ogrenci 2343,ogrenci2343@case.local,3.96,2023,approved,0
2344,4344,1,YZVM Ogrenci 2344,ogrenci2344@case.local,3.94,2024,approved,0
2345,4345,1,YZVM Ogrenci 2345,ogrenci2345@case.local,3.92,2023,approved,0
2346,4346,1,YZVM Ogrenci 2346,ogrenci2346@case.local,3.90,2024,approved,0
2347,4347,1,YZVM Ogrenci 2347,ogrenci2347@case.local,3.88,2023,approved,0
2348,4348,1,YZVM Ogrenci 2348,ogrenci2348@case.local,3.86,2024,approved,0
2349,4349,1,YZVM Ogrenci 2349,ogrenci2349@case.local,3.84,2023,approved,0
2350,4350,1,YZVM Ogrenci 2350,ogrenci2350@case.local,3.82,2024,approved,0
2351,4351,1,YZVM Ogrenci 2351,ogrenci2351@case.local,3.80,2023,approved,0
2352,4352,1,YZVM Ogrenci 2352,ogrenci2352@case.local,3.78,2024,approved,0
2353,4353,1,YZVM Ogrenci 2353,ogrenci2353@case.local,3.76,2023,approved,0
2354,4354,1,YZVM Ogrenci 2354,ogrenci2354@case.local,3.74,2024,approved,0
2355,4355,1,YZVM Ogrenci 2355,ogrenci2355@case.local,3.72,2023,approved,0
2356,4356,1,YZVM Ogrenci 2356,ogrenci2356@case.local,3.70,2024,approved,0
2357,4357,1,YZVM Ogrenci 2357,ogrenci2357@case.local,3.68,2023,approved,0
2358,4358,1,YZVM Ogrenci 2358,ogrenci2358@case.local,3.66,2024,approved,0
2359,4359,1,YZVM Ogrenci 2359,ogrenci2359@case.local,3.64,2023,approved,0
2360,4360,1,YZVM Ogrenci 2360,ogrenci2360@case.local,3.62,2024,approved,0
2361,4361,1,YZVM Ogrenci 2361,ogrenci2361@case.local,3.60,2023,approved,0
2362,4362,1,YZVM Ogrenci 2362,ogrenci2362@case.local,3.58,2024,approved,0
2363,4363,1,YZVM Ogrenci 2363,ogrenci2363@case.local,3.56,2023,approved,0
2364,4364,1,YZVM Ogrenci 2364,ogrenci2364@case.local,3.54,2024,approved,0
2365,4365,1,YZVM Ogrenci 2365,ogrenci2365@case.local,3.52,2023,approved,0
2366,4366,1,YZVM Ogrenci 2366,ogrenci2366@case.local,3.50,2024,approved,0
2367,4367,1,YZVM Ogrenci 2367,ogrenci2367@case.local,3.48,2023,approved,0
2368,4368,1,YZVM Ogrenci 2368,ogrenci2368@case.local,3.46,2024,approved,0
2369,4369,1,YZVM Ogrenci 2369,ogrenci2369@case.local,3.44,2023,approved,0
2370,4370,1,YZVM Ogrenci 2370,ogrenci2370@case.local,3.42,2024,approved,0
2371,4371,1,YZVM Ogrenci 2371,ogrenci2371@case.local,3.40,2023,approved,0
2372,4372,1,YZVM Ogrenci 2372,ogrenci2372@case.local,3.38,2024,approved,0
2373,4373,1,YZVM Ogrenci 2373,ogrenci2373@case.local,3.36,2023,approved,0
2374,4374,1,YZVM Ogrenci 2374,ogrenci2374@case.local,3.34,2024,approved,0
2375,4375,1,YZVM Ogrenci 2375,ogrenci2375@case.local,3.32,2023,approved,0
2376,4376,1,YZVM Ogrenci 2376,ogrenci2376@case.local,3.30,2024,approved,0
2377,4377,1,YZVM Ogrenci 2377,ogrenci2377@case.local,3.28,2023,approved,0
2378,4378,1,YZVM Ogrenci 2378,ogrenci2378@case.local,3.26,2024,approved,0
2379,4379,1,YZVM Ogrenci 2379,ogrenci2379@case.local,3.24,2023,approved,0
2380,4380,1,YZVM Ogrenci 2380,ogrenci2380@case.local,3.22,2024,approved,0
2381,4381,1,YZVM Ogrenci 2381,ogrenci2381@case.local,3.20,2023,approved,0
2382,4382,1,YZVM Ogrenci 2382,ogrenci2382@case.local,3.18,2024,approved,0
2383,4383,1,YZVM Ogrenci 2383,ogrenci2383@case.local,3.16,2023,approved,0
2384,4384,1,YZVM Ogrenci 2384,ogrenci2384@case.local,3.14,2024,approved,0
2385,4385,1,YZVM Ogrenci 2385,ogrenci2385@case.local,3.12,2023,approved,0
2386,4386,1,YZVM Ogrenci 2386,ogrenci2386@case.local,3.10,2024,approved,0
2387,4387,1,YZVM Ogrenci 2387,ogrenci2387@case.local,3.08,2023,approved,0
2388,4388,1,YZVM Ogrenci 2388,ogrenci2388@case.local,3.06,2024,approved,0
2389,4389,1,YZVM Ogrenci 2389,ogrenci2389@case.local,3.04,2023,approved,0
2390,4390,1,YZVM Ogrenci 2390,ogrenci2390@case.local,3.02,2024,approved,0
2391,4391,1,YZVM Ogrenci 2391,ogrenci2391@case.local,3.00,2023,approved,0
2392,4392,1,YZVM Ogrenci 2392,ogrenci2392@case.local,2.98,2024,approved,0
2393,4393,1,YZVM Ogrenci 2393,ogrenci2393@case.local,2.96,2023,approved,0
2394,4394,1,YZVM Ogrenci 2394,ogrenci2394@case.local,2.94,2024,approved,0
2395,4395,1,YZVM Ogrenci 2395,ogrenci2395@case.local,2.92,2023,approved,0
2396,4396,1,YZVM Ogrenci 2396,ogrenci2396@case.local,2.90,2024,approved,0
2397,4397,1,YZVM Ogrenci 2397,ogrenci2397@case.local,2.88,2023,approved,0
2398,4398,1,YZVM Ogrenci 2398,ogrenci2398@case.local,2.86,2024,approved,0
2399,4399,1,YZVM Ogrenci 2399,ogrenci2399@case.local,2.84,2023,approved,0
2400,4400,1,YZVM Ogrenci 2400,ogrenci2400@case.local,2.82,2024,approved,0
2401,4401,1,YZVM Ogrenci 2401,ogrenci2401@case.local,2.80,2023,approved,0
2402,4402,1,YZVM Ogrenci 2402,ogrenci2402@case.local,2.78,2024,approved,0
2403,4403,1,YZVM Ogrenci 2403,ogrenci2403@case.local,2.76,2023,approved,0
2404,4404,1,YZVM Ogrenci 2404,ogrenci2404@case.local,2.74,2024,approved,0
2405,4405,1,YZVM Ogrenci 2405,ogrenci2405@case.local,2.72,2023,approved,0
2406,4406,1,YZVM Ogrenci 2406,ogrenci2406@case.local,2.70,2024,approved,0
2407,4407,1,YZVM Ogrenci 2407,ogrenci2407@case.local,2.68,2023,approved,0
2408,4408,1,YZVM Ogrenci 2408,ogrenci2408@case.local,2.66,2024,approved,0
2409,4409,1,YZVM Ogrenci 2409,ogrenci2409@case.local,2.64,2023,approved,0
2410,4410,1,YZVM Ogrenci 2410,ogrenci2410@case.local,2.62,2024,approved,0
2411,4411,1,YZVM Ogrenci 2411,ogrenci2411@case.local,2.60,2023,approved,0
2412,4412,1,YZVM Ogrenci 2412,ogrenci2412@case.local,2.58,2024,approved,0
2413,4413,1,YZVM Ogrenci 2413,ogrenci2413@case.local,2.56,2023,approved,0
2414,4414,1,YZVM Ogrenci 2414,ogrenci2414@case.local,2.54,2024,approved,0
2415,4415,1,YZVM Ogrenci 2415,ogrenci2415@case.local,2.52,2023,approved,0
2416,4416,1,YZVM Ogrenci 2416,ogrenci2416@case.local,2.50,2024,approved,0
2417,4417,1,YZVM Ogrenci 2417,ogrenci2417@case.local,2.48,2023,approved,0
2418,4418,1,YZVM Ogrenci 2418,ogrenci2418@case.local,2.46,2024,approved,0
2419,4419,1,YZVM Ogrenci 2419,ogrenci2419@case.local,2.44,2023,approved,0
2420,4420,1,YZVM Ogrenci 2420,ogrenci2420@case.local,2.42,2024,approved,0
2421,4421,1,YZVM Ogrenci 2421,ogrenci2421@case.local,2.40,2023,approved,0
2422,4422,1,YZVM Ogrenci 2422,ogrenci2422@case.local,2.38,2024,approved,0
2423,4423,1,YZVM Ogrenci 2423,ogrenci2423@case.local,2.36,2023,approved,0
2424,4424,1,YZVM Ogrenci 2424,ogrenci2424@case.local,2.34,2024,approved,0
2425,4425,1,YZVM Ogrenci 2425,ogrenci2425@case.local,2.32,2023,approved,0
2426,4426,1,YZVM Ogrenci 2426,ogrenci2426@case.local,2.30,2024,approved,0
2427,4427,1,YZVM Ogrenci 2427,ogrenci2427@case.local,2.28,2023,approved,0
2428,4428,1,YZVM Ogrenci 2428,ogrenci2428@case.local,2.26,2024,approved,0
2429,4429,1,YZVM Ogrenci 2429,ogrenci2429@case.local,2.24,2023,approved,0
2430,4430,1,YZVM Ogrenci 2430,ogrenci2430@case.local,2.22,2024,approved,0
2431,4431,1,YZVM Ogrenci 2431,ogrenci2431@case.local,4.00,2023,approved,0
2432,4432,1,YZVM Ogrenci 2432,ogrenci2432@case.local,3.98,2024,approved,0
2433,4433,1,YZVM Ogrenci 2433,ogrenci2433@case.local,3.96,2023,approved,0
2434,4434,1,YZVM Ogrenci 2434,ogrenci2434@case.local,3.94,2024,approved,0
2435,4435,1,YZVM Ogrenci 2435,ogrenci2435@case.local,3.92,2023,approved,0
2436,4436,1,YZVM Ogrenci 2436,ogrenci2436@case.local,3.90,2024,approved,0
2437,4437,1,YZVM Ogrenci 2437,ogrenci2437@case.local,3.88,2023,approved,0
2438,4438,1,YZVM Ogrenci 2438,ogrenci2438@case.local,3.86,2024,approved,0
2439,4439,1,YZVM Ogrenci 2439,ogrenci2439@case.local,3.84,2023,approved,0
2440,4440,1,YZVM Ogrenci 2440,ogrenci2440@case.local,3.82,2024,approved,0
2441,4441,1,YZVM Ogrenci 2441,ogrenci2441@case.local,3.80,2023,approved,0
2442,4442,1,YZVM Ogrenci 2442,ogrenci2442@case.local,3.78,2024,approved,0
2443,4443,1,YZVM Ogrenci 2443,ogrenci2443@case.local,3.76,2023,approved,0
2444,4444,1,YZVM Ogrenci 2444,ogrenci2444@case.local,3.74,2024,approved,0
2445,4445,1,YZVM Ogrenci 2445,ogrenci2445@case.local,3.72,2023,approved,0
2446,4446,1,YZVM Ogrenci 2446,ogrenci2446@case.local,3.70,2024,approved,0
2447,4447,1,YZVM Ogrenci 2447,ogrenci2447@case.local,3.68,2023,approved,0
2448,4448,1,YZVM Ogrenci 2448,ogrenci2448@case.local,3.66,2024,approved,0
2449,4449,1,YZVM Ogrenci 2449,ogrenci2449@case.local,3.64,2023,approved,0
2450,4450,1,YZVM Ogrenci 2450,ogrenci2450@case.local,3.62,2024,approved,0
2451,4451,1,YZVM Ogrenci 2451,ogrenci2451@case.local,3.60,2023,approved,0
2452,4452,1,YZVM Ogrenci 2452,ogrenci2452@case.local,3.58,2024,approved,0
2453,4453,1,YZVM Ogrenci 2453,ogrenci2453@case.local,3.56,2023,approved,0
2454,4454,1,YZVM Ogrenci 2454,ogrenci2454@case.local,3.54,2024,approved,0
2455,4455,1,YZVM Ogrenci 2455,ogrenci2455@case.local,3.52,2023,approved,0
2456,4456,1,YZVM Ogrenci 2456,ogrenci2456@case.local,3.50,2024,approved,0
2457,4457,1,YZVM Ogrenci 2457,ogrenci2457@case.local,3.48,2023,approved,0
2458,4458,1,YZVM Ogrenci 2458,ogrenci2458@case.local,3.46,2024,approved,0
2459,4459,1,YZVM Ogrenci 2459,ogrenci2459@case.local,3.44,2023,approved,0
2460,4460,1,YZVM Ogrenci 2460,ogrenci2460@case.local,3.42,2024,approved,0
2461,4461,1,YZVM Ogrenci 2461,ogrenci2461@case.local,3.40,2023,approved,0
2462,4462,1,YZVM Ogrenci 2462,ogrenci2462@case.local,3.38,2024,approved,0
2463,4463,1,YZVM Ogrenci 2463,ogrenci2463@case.local,3.36,2023,approved,0
2464,4464,1,YZVM Ogrenci 2464,ogrenci2464@case.local,3.34,2024,approved,0
2465,4465,1,YZVM Ogrenci 2465,ogrenci2465@case.local,3.32,2023,approved,0
2466,4466,1,YZVM Ogrenci 2466,ogrenci2466@case.local,3.30,2024,approved,0
2467,4467,1,YZVM Ogrenci 2467,ogrenci2467@case.local,3.28,2023,approved,0
2468,4468,1,YZVM Ogrenci 2468,ogrenci2468@case.local,3.26,2024,approved,0
2469,4469,1,YZVM Ogrenci 2469,ogrenci2469@case.local,3.24,2023,approved,0
2470,4470,1,YZVM Ogrenci 2470,ogrenci2470@case.local,3.22,2024,approved,0
2471,4471,1,YZVM Ogrenci 2471,ogrenci2471@case.local,3.20,2023,approved,0
2472,4472,1,YZVM Ogrenci 2472,ogrenci2472@case.local,3.18,2024,approved,0
2473,4473,1,YZVM Ogrenci 2473,ogrenci2473@case.local,3.16,2023,approved,0
2474,4474,1,YZVM Ogrenci 2474,ogrenci2474@case.local,3.14,2024,approved,0
2475,4475,1,YZVM Ogrenci 2475,ogrenci2475@case.local,3.12,2023,approved,0
2476,4476,1,YZVM Ogrenci 2476,ogrenci2476@case.local,3.10,2024,approved,0
2477,4477,1,YZVM Ogrenci 2477,ogrenci2477@case.local,3.08,2023,approved,0
2478,4478,1,YZVM Ogrenci 2478,ogrenci2478@case.local,3.06,2024,approved,0
2479,4479,1,YZVM Ogrenci 2479,ogrenci2479@case.local,3.04,2023,approved,0
2480,4480,1,YZVM Ogrenci 2480,ogrenci2480@case.local,3.02,2024,approved,0
2481,4481,1,YZVM Ogrenci 2481,ogrenci2481@case.local,3.00,2023,approved,0
2482,4482,1,YZVM Ogrenci 2482,ogrenci2482@case.local,2.98,2024,approved,0
2483,4483,1,YZVM Ogrenci 2483,ogrenci2483@case.local,2.96,2023,approved,0
2484,4484,1,YZVM Ogrenci 2484,ogrenci2484@case.local,2.94,2024,approved,0
2485,4485,1,YZVM Ogrenci 2485,ogrenci2485@case.local,2.92,2023,approved,0
2486,4486,1,YZVM Ogrenci 2486,ogrenci2486@case.local,2.90,2024,approved,0
2487,4487,1,YZVM Ogrenci 2487,ogrenci2487@case.local,2.88,2023,approved,0
2488,4488,1,YZVM Ogrenci 2488,ogrenci2488@case.local,2.86,2024,approved,0
2489,4489,1,YZVM Ogrenci 2489,ogrenci2489@case.local,2.84,2023,approved,0
2490,4490,1,YZVM Ogrenci 2490,ogrenci2490@case.local,2.82,2024,approved,0
2491,4491,1,YZVM Ogrenci 2491,ogrenci2491@case.local,2.80,2023,approved,0
2492,4492,1,YZVM Ogrenci 2492,ogrenci2492@case.local,2.78,2024,approved,0
2493,4493,1,YZVM Ogrenci 2493,ogrenci2493@case.local,2.76,2023,approved,0
2494,4494,1,YZVM Ogrenci 2494,ogrenci2494@case.local,2.74,2024,approved,0
2495,4495,1,YZVM Ogrenci 2495,ogrenci2495@case.local,2.72,2023,approved,0
2496,4496,1,YZVM Ogrenci 2496,ogrenci2496@case.local,2.70,2024,approved,0
2497,4497,1,YZVM Ogrenci 2497,ogrenci2497@case.local,2.68,2023,approved,0
2498,4498,1,YZVM Ogrenci 2498,ogrenci2498@case.local,2.66,2024,approved,0
2499,4499,1,YZVM Ogrenci 2499,ogrenci2499@case.local,2.64,2023,approved,0
2500,4500,1,YZVM Ogrenci 2500,ogrenci2500@case.local,2.62,2024,approved,0
2501,4501,1,YZVM Ogrenci 2501,ogrenci2501@case.local,2.60,2023,approved,0
2502,4502,1,YZVM Ogrenci 2502,ogrenci2502@case.local,2.58,2024,approved,0
2503,4503,1,YZVM Ogrenci 2503,ogrenci2503@case.local,2.56,2023,approved,0
2504,4504,1,YZVM Ogrenci 2504,ogrenci2504@case.local,2.54,2024,approved,0
2505,4505,1,YZVM Ogrenci 2505,ogrenci2505@case.local,2.52,2023,approved,0
2506,4506,1,YZVM Ogrenci 2506,ogrenci2506@case.local,2.50,2024,approved,0
2507,4507,1,YZVM Ogrenci 2507,ogrenci2507@case.local,2.48,2023,approved,0
2508,4508,1,YZVM Ogrenci 2508,ogrenci2508@case.local,2.46,2024,approved,0
2509,4509,1,YZVM Ogrenci 2509,ogrenci2509@case.local,2.44,2023,approved,0
2510,4510,1,YZVM Ogrenci 2510,ogrenci2510@case.local,2.42,2024,approved,0
2511,4511,1,YZVM Ogrenci 2511,ogrenci2511@case.local,2.40,2023,approved,0
2512,4512,1,YZVM Ogrenci 2512,ogrenci2512@case.local,2.38,2024,approved,0
2513,4513,1,YZVM Ogrenci 2513,ogrenci2513@case.local,2.36,2023,approved,0
2514,4514,1,YZVM Ogrenci 2514,ogrenci2514@case.local,2.34,2024,approved,0
2515,4515,1,YZVM Ogrenci 2515,ogrenci2515@case.local,2.32,2023,approved,0
2516,4516,1,YZVM Ogrenci 2516,ogrenci2516@case.local,2.30,2024,approved,0
2517,4517,1,YZVM Ogrenci 2517,ogrenci2517@case.local,2.28,2023,approved,0
2518,4518,1,YZVM Ogrenci 2518,ogrenci2518@case.local,2.26,2024,approved,0
2519,4519,1,YZVM Ogrenci 2519,ogrenci2519@case.local,2.24,2023,approved,0
2520,4520,1,YZVM Ogrenci 2520,ogrenci2520@case.local,2.22,2024,approved,0
2521,4521,1,YZVM Ogrenci 2521,ogrenci2521@case.local,4.00,2023,approved,0
2522,4522,1,YZVM Ogrenci 2522,ogrenci2522@case.local,3.98,2024,approved,0
2523,4523,1,YZVM Ogrenci 2523,ogrenci2523@case.local,3.96,2023,approved,0
2524,4524,1,YZVM Ogrenci 2524,ogrenci2524@case.local,3.94,2024,approved,0
2525,4525,1,YZVM Ogrenci 2525,ogrenci2525@case.local,3.92,2023,approved,0
2526,4526,1,YZVM Ogrenci 2526,ogrenci2526@case.local,3.90,2024,approved,0
2527,4527,1,YZVM Ogrenci 2527,ogrenci2527@case.local,3.88,2023,approved,0
2528,4528,1,YZVM Ogrenci 2528,ogrenci2528@case.local,3.86,2024,approved,0
2529,4529,1,YZVM Ogrenci 2529,ogrenci2529@case.local,3.84,2023,approved,0
2530,4530,1,YZVM Ogrenci 2530,ogrenci2530@case.local,3.82,2024,approved,0
2531,4531,1,YZVM Ogrenci 2531,ogrenci2531@case.local,3.80,2023,approved,0
2532,4532,1,YZVM Ogrenci 2532,ogrenci2532@case.local,3.78,2024,approved,0
2533,4533,1,YZVM Ogrenci 2533,ogrenci2533@case.local,3.76,2023,approved,0
2534,4534,1,YZVM Ogrenci 2534,ogrenci2534@case.local,3.74,2024,approved,0
2535,4535,1,YZVM Ogrenci 2535,ogrenci2535@case.local,3.72,2023,approved,0
2536,4536,1,YZVM Ogrenci 2536,ogrenci2536@case.local,3.70,2024,approved,0
2537,4537,1,YZVM Ogrenci 2537,ogrenci2537@case.local,3.68,2023,approved,0
2538,4538,1,YZVM Ogrenci 2538,ogrenci2538@case.local,3.66,2024,approved,0
2539,4539,1,YZVM Ogrenci 2539,ogrenci2539@case.local,3.64,2023,approved,0
2540,4540,1,YZVM Ogrenci 2540,ogrenci2540@case.local,3.62,2024,approved,0
2541,4541,1,YZVM Ogrenci 2541,ogrenci2541@case.local,3.60,2023,approved,0
2542,4542,1,YZVM Ogrenci 2542,ogrenci2542@case.local,3.58,2024,approved,0
2543,4543,1,YZVM Ogrenci 2543,ogrenci2543@case.local,3.56,2023,approved,0
2544,4544,1,YZVM Ogrenci 2544,ogrenci2544@case.local,3.54,2024,approved,0
2545,4545,1,YZVM Ogrenci 2545,ogrenci2545@case.local,3.52,2023,approved,0
2546,4546,1,YZVM Ogrenci 2546,ogrenci2546@case.local,3.50,2024,approved,0
2547,4547,1,YZVM Ogrenci 2547,ogrenci2547@case.local,3.48,2023,approved,0
2548,4548,1,YZVM Ogrenci 2548,ogrenci2548@case.local,3.46,2024,approved,0
2549,4549,1,YZVM Ogrenci 2549,ogrenci2549@case.local,3.44,2023,approved,0
2550,4550,1,YZVM Ogrenci 2550,ogrenci2550@case.local,3.42,2024,approved,0
2551,4551,1,YZVM Ogrenci 2551,ogrenci2551@case.local,3.40,2023,approved,0
2552,4552,1,YZVM Ogrenci 2552,ogrenci2552@case.local,3.38,2024,approved,0
2553,4553,1,YZVM Ogrenci 2553,ogrenci2553@case.local,3.36,2023,approved,0
2554,4554,1,YZVM Ogrenci 2554,ogrenci2554@case.local,3.34,2024,approved,0
2555,4555,1,YZVM Ogrenci 2555,ogrenci2555@case.local,3.32,2023,approved,0
2556,4556,1,YZVM Ogrenci 2556,ogrenci2556@case.local,3.30,2024,approved,0
2557,4557,1,YZVM Ogrenci 2557,ogrenci2557@case.local,3.28,2023,approved,0
2558,4558,1,YZVM Ogrenci 2558,ogrenci2558@case.local,3.26,2024,approved,0
2559,4559,1,YZVM Ogrenci 2559,ogrenci2559@case.local,3.24,2023,approved,0
2560,4560,1,YZVM Ogrenci 2560,ogrenci2560@case.local,3.22,2024,approved,0
2561,4561,1,YZVM Ogrenci 2561,ogrenci2561@case.local,3.20,2023,approved,0
2562,4562,1,YZVM Ogrenci 2562,ogrenci2562@case.local,3.18,2024,approved,0
2563,4563,1,YZVM Ogrenci 2563,ogrenci2563@case.local,3.16,2023,approved,0
2564,4564,1,YZVM Ogrenci 2564,ogrenci2564@case.local,3.14,2024,approved,0
2565,4565,1,YZVM Ogrenci 2565,ogrenci2565@case.local,3.12,2023,approved,0
2566,4566,1,YZVM Ogrenci 2566,ogrenci2566@case.local,3.10,2024,approved,0
2567,4567,1,YZVM Ogrenci 2567,ogrenci2567@case.local,3.08,2023,approved,0
2568,4568,1,YZVM Ogrenci 2568,ogrenci2568@case.local,3.06,2024,approved,0
2569,4569,1,YZVM Ogrenci 2569,ogrenci2569@case.local,3.04,2023,approved,0
2570,4570,1,YZVM Ogrenci 2570,ogrenci2570@case.local,3.02,2024,approved,0
2571,4571,1,YZVM Ogrenci 2571,ogrenci2571@case.local,3.00,2023,approved,0
2572,4572,1,YZVM Ogrenci 2572,ogrenci2572@case.local,2.98,2024,approved,0
2573,4573,1,YZVM Ogrenci 2573,ogrenci2573@case.local,2.96,2023,approved,0
2574,4574,1,YZVM Ogrenci 2574,ogrenci2574@case.local,2.94,2024,approved,0
2575,4575,1,YZVM Ogrenci 2575,ogrenci2575@case.local,2.92,2023,approved,0
2576,4576,1,YZVM Ogrenci 2576,ogrenci2576@case.local,2.90,2024,approved,0
2577,4577,1,YZVM Ogrenci 2577,ogrenci2577@case.local,2.88,2023,approved,0
2578,4578,1,YZVM Ogrenci 2578,ogrenci2578@case.local,2.86,2024,approved,0
2579,4579,1,YZVM Ogrenci 2579,ogrenci2579@case.local,2.84,2023,approved,0
2580,4580,1,YZVM Ogrenci 2580,ogrenci2580@case.local,2.82,2024,approved,0
2581,4581,1,YZVM Ogrenci 2581,ogrenci2581@case.local,2.80,2023,approved,0
2582,4582,1,YZVM Ogrenci 2582,ogrenci2582@case.local,2.78,2024,approved,0
2583,4583,1,YZVM Ogrenci 2583,ogrenci2583@case.local,2.76,2023,approved,0
2584,4584,1,YZVM Ogrenci 2584,ogrenci2584@case.local,2.74,2024,approved,0
2585,4585,1,YZVM Ogrenci 2585,ogrenci2585@case.local,2.72,2023,approved,0
2586,4586,1,YZVM Ogrenci 2586,ogrenci2586@case.local,2.70,2024,approved,0
2587,4587,1,YZVM Ogrenci 2587,ogrenci2587@case.local,2.68,2023,approved,0
2588,4588,1,YZVM Ogrenci 2588,ogrenci2588@case.local,2.66,2024,approved,0
2589,4589,1,YZVM Ogrenci 2589,ogrenci2589@case.local,2.64,2023,approved,0
2590,4590,1,YZVM Ogrenci 2590,ogrenci2590@case.local,2.62,2024,approved,0
2591,4591,1,YZVM Ogrenci 2591,ogrenci2591@case.local,2.60,2023,approved,0
2592,4592,1,YZVM Ogrenci 2592,ogrenci2592@case.local,2.58,2024,approved,0
2593,4593,1,YZVM Ogrenci 2593,ogrenci2593@case.local,2.56,2023,approved,0
2594,4594,1,YZVM Ogrenci 2594,ogrenci2594@case.local,2.54,2024,approved,0
2595,4595,1,YZVM Ogrenci 2595,ogrenci2595@case.local,2.52,2023,approved,0
2596,4596,1,YZVM Ogrenci 2596,ogrenci2596@case.local,2.50,2024,approved,0
2597,4597,1,YZVM Ogrenci 2597,ogrenci2597@case.local,2.48,2023,approved,0
2598,4598,1,YZVM Ogrenci 2598,ogrenci2598@case.local,2.46,2024,approved,0
2599,4599,1,YZVM Ogrenci 2599,ogrenci2599@case.local,2.44,2023,approved,0
2600,4600,1,YZVM Ogrenci 2600,ogrenci2600@case.local,2.42,2024,approved,0
2601,4601,1,YZVM Ogrenci 2601,ogrenci2601@case.local,2.40,2023,approved,0
2602,4602,1,YZVM Ogrenci 2602,ogrenci2602@case.local,2.38,2024,approved,0
2603,4603,1,YZVM Ogrenci 2603,ogrenci2603@case.local,2.36,2023,approved,0
2604,4604,1,YZVM Ogrenci 2604,ogrenci2604@case.local,2.34,2024,approved,0
2605,4605,1,YZVM Ogrenci 2605,ogrenci2605@case.local,2.32,2023,approved,0
2606,4606,1,YZVM Ogrenci 2606,ogrenci2606@case.local,2.30,2024,approved,0
2607,4607,1,YZVM Ogrenci 2607,ogrenci2607@case.local,2.28,2023,approved,0
2608,4608,1,YZVM Ogrenci 2608,ogrenci2608@case.local,2.26,2024,approved,0
2609,4609,1,YZVM Ogrenci 2609,ogrenci2609@case.local,2.24,2023,approved,0
2610,4610,1,YZVM Ogrenci 2610,ogrenci2610@case.local,2.22,2024,approved,0
2611,4611,1,YZVM Ogrenci 2611,ogrenci2611@case.local,4.00,2023,approved,0
2612,4612,1,YZVM Ogrenci 2612,ogrenci2612@case.local,3.98,2024,approved,0
2613,4613,1,YZVM Ogrenci 2613,ogrenci2613@case.local,3.96,2023,approved,0
2614,4614,1,YZVM Ogrenci 2614,ogrenci2614@case.local,3.94,2024,approved,0
2615,4615,1,YZVM Ogrenci 2615,ogrenci2615@case.local,3.92,2023,approved,0
2616,4616,1,YZVM Ogrenci 2616,ogrenci2616@case.local,3.90,2024,approved,0
2617,4617,1,YZVM Ogrenci 2617,ogrenci2617@case.local,3.88,2023,approved,0
2618,4618,1,YZVM Ogrenci 2618,ogrenci2618@case.local,3.86,2024,approved,0
2619,4619,1,YZVM Ogrenci 2619,ogrenci2619@case.local,3.84,2023,approved,0
2620,4620,1,YZVM Ogrenci 2620,ogrenci2620@case.local,3.82,2024,approved,0
2621,4621,1,YZVM Ogrenci 2621,ogrenci2621@case.local,3.80,2023,approved,0
2622,4622,1,YZVM Ogrenci 2622,ogrenci2622@case.local,3.78,2024,approved,0
2623,4623,1,YZVM Ogrenci 2623,ogrenci2623@case.local,3.76,2023,approved,0
2624,4624,1,YZVM Ogrenci 2624,ogrenci2624@case.local,3.74,2024,approved,0
2625,4625,1,YZVM Ogrenci 2625,ogrenci2625@case.local,3.72,2023,approved,0
2626,4626,1,YZVM Ogrenci 2626,ogrenci2626@case.local,3.70,2024,approved,0
2627,4627,1,YZVM Ogrenci 2627,ogrenci2627@case.local,3.68,2023,approved,0
2628,4628,1,YZVM Ogrenci 2628,ogrenci2628@case.local,3.66,2024,approved,0
2629,4629,1,YZVM Ogrenci 2629,ogrenci2629@case.local,3.64,2023,approved,0
2630,4630,1,YZVM Ogrenci 2630,ogrenci2630@case.local,3.62,2024,approved,0
2631,4631,1,YZVM Ogrenci 2631,ogrenci2631@case.local,3.60,2023,approved,0
2632,4632,1,YZVM Ogrenci 2632,ogrenci2632@case.local,3.58,2024,approved,0
2633,4633,1,YZVM Ogrenci 2633,ogrenci2633@case.local,3.56,2023,approved,0
2634,4634,1,YZVM Ogrenci 2634,ogrenci2634@case.local,3.54,2024,approved,0
2635,4635,1,YZVM Ogrenci 2635,ogrenci2635@case.local,3.52,2023,approved,0
2636,4636,1,YZVM Ogrenci 2636,ogrenci2636@case.local,3.50,2024,approved,0
2637,4637,1,YZVM Ogrenci 2637,ogrenci2637@case.local,3.48,2023,approved,0
2638,4638,1,YZVM Ogrenci 2638,ogrenci2638@case.local,3.46,2024,approved,0
2639,4639,1,YZVM Ogrenci 2639,ogrenci2639@case.local,3.44,2023,approved,0
2640,4640,1,YZVM Ogrenci 2640,ogrenci2640@case.local,3.42,2024,approved,0
2641,4641,1,YZVM Ogrenci 2641,ogrenci2641@case.local,3.40,2023,approved,0
2642,4642,1,YZVM Ogrenci 2642,ogrenci2642@case.local,3.38,2024,approved,0
2643,4643,1,YZVM Ogrenci 2643,ogrenci2643@case.local,3.36,2023,approved,0
2644,4644,1,YZVM Ogrenci 2644,ogrenci2644@case.local,3.34,2024,approved,0
2645,4645,1,YZVM Ogrenci 2645,ogrenci2645@case.local,3.32,2023,approved,0
2646,4646,1,YZVM Ogrenci 2646,ogrenci2646@case.local,3.30,2024,approved,0
2647,4647,1,YZVM Ogrenci 2647,ogrenci2647@case.local,3.28,2023,approved,0
2648,4648,1,YZVM Ogrenci 2648,ogrenci2648@case.local,3.26,2024,approved,0
2649,4649,1,YZVM Ogrenci 2649,ogrenci2649@case.local,3.24,2023,approved,0
2650,4650,1,YZVM Ogrenci 2650,ogrenci2650@case.local,3.22,2024,approved,0
2651,4651,1,YZVM Ogrenci 2651,ogrenci2651@case.local,3.20,2023,approved,0
2652,4652,1,YZVM Ogrenci 2652,ogrenci2652@case.local,3.18,2024,approved,0
2653,4653,1,YZVM Ogrenci 2653,ogrenci2653@case.local,3.16,2023,approved,0
2654,4654,1,YZVM Ogrenci 2654,ogrenci2654@case.local,3.14,2024,approved,0
2655,4655,1,YZVM Ogrenci 2655,ogrenci2655@case.local,3.12,2023,approved,0
2656,4656,1,YZVM Ogrenci 2656,ogrenci2656@case.local,3.10,2024,approved,0
2657,4657,1,YZVM Ogrenci 2657,ogrenci2657@case.local,3.08,2023,approved,0
2658,4658,1,YZVM Ogrenci 2658,ogrenci2658@case.local,3.06,2024,approved,0
2659,4659,1,YZVM Ogrenci 2659,ogrenci2659@case.local,3.04,2023,approved,0
2660,4660,1,YZVM Ogrenci 2660,ogrenci2660@case.local,3.02,2024,approved,0
2661,4661,1,YZVM Ogrenci 2661,ogrenci2661@case.local,3.00,2023,approved,0
2662,4662,1,YZVM Ogrenci 2662,ogrenci2662@case.local,2.98,2024,approved,0
2663,4663,1,YZVM Ogrenci 2663,ogrenci2663@case.local,2.96,2023,approved,0
2664,4664,1,YZVM Ogrenci 2664,ogrenci2664@case.local,2.94,2024,approved,0
2665,4665,1,YZVM Ogrenci 2665,ogrenci2665@case.local,2.92,2023,approved,0
2666,4666,1,YZVM Ogrenci 2666,ogrenci2666@case.local,2.90,2024,approved,0
2667,4667,1,YZVM Ogrenci 2667,ogrenci2667@case.local,2.88,2023,approved,0
2668,4668,1,YZVM Ogrenci 2668,ogrenci2668@case.local,2.86,2024,approved,0
2669,4669,1,YZVM Ogrenci 2669,ogrenci2669@case.local,2.84,2023,approved,0
2670,4670,1,YZVM Ogrenci 2670,ogrenci2670@case.local,2.82,2024,approved,0
2671,4671,1,YZVM Ogrenci 2671,ogrenci2671@case.local,2.80,2023,approved,0
2672,4672,1,YZVM Ogrenci 2672,ogrenci2672@case.local,2.78,2024,approved,0
2673,4673,1,YZVM Ogrenci 2673,ogrenci2673@case.local,2.76,2023,approved,0
2674,4674,1,YZVM Ogrenci 2674,ogrenci2674@case.local,2.74,2024,approved,0
2675,4675,1,YZVM Ogrenci 2675,ogrenci2675@case.local,2.72,2023,approved,0
2676,4676,1,YZVM Ogrenci 2676,ogrenci2676@case.local,2.70,2024,approved,0
2677,4677,1,YZVM Ogrenci 2677,ogrenci2677@case.local,2.68,2023,approved,0
2678,4678,1,YZVM Ogrenci 2678,ogrenci2678@case.local,2.66,2024,approved,0
2679,4679,1,YZVM Ogrenci 2679,ogrenci2679@case.local,2.64,2023,approved,0
2680,4680,1,YZVM Ogrenci 2680,ogrenci2680@case.local,2.62,2024,approved,0
2681,4681,1,YZVM Ogrenci 2681,ogrenci2681@case.local,2.60,2023,approved,0
2682,4682,1,YZVM Ogrenci 2682,ogrenci2682@case.local,2.58,2024,approved,0
2683,4683,1,YZVM Ogrenci 2683,ogrenci2683@case.local,2.56,2023,approved,0
2684,4684,1,YZVM Ogrenci 2684,ogrenci2684@case.local,2.54,2024,approved,0
2685,4685,1,YZVM Ogrenci 2685,ogrenci2685@case.local,2.52,2023,approved,0
2686,4686,1,YZVM Ogrenci 2686,ogrenci2686@case.local,2.50,2024,approved,0
2687,4687,1,YZVM Ogrenci 2687,ogrenci2687@case.local,2.48,2023,approved,0
2688,4688,1,YZVM Ogrenci 2688,ogrenci2688@case.local,2.46,2024,approved,0
2689,4689,1,YZVM Ogrenci 2689,ogrenci2689@case.local,2.44,2023,approved,0
2690,4690,1,YZVM Ogrenci 2690,ogrenci2690@case.local,2.42,2024,approved,0
2691,4691,1,YZVM Ogrenci 2691,ogrenci2691@case.local,2.40,2023,approved,0
2692,4692,1,YZVM Ogrenci 2692,ogrenci2692@case.local,2.38,2024,approved,0
2693,4693,1,YZVM Ogrenci 2693,ogrenci2693@case.local,2.36,2023,approved,0
2694,4694,1,YZVM Ogrenci 2694,ogrenci2694@case.local,2.34,2024,approved,0
2695,4695,1,YZVM Ogrenci 2695,ogrenci2695@case.local,2.32,2023,approved,0
2696,4696,1,YZVM Ogrenci 2696,ogrenci2696@case.local,2.30,2024,approved,0
2697,4697,1,YZVM Ogrenci 2697,ogrenci2697@case.local,2.28,2023,approved,0
2698,4698,1,YZVM Ogrenci 2698,ogrenci2698@case.local,2.26,2024,approved,0
2699,4699,1,YZVM Ogrenci 2699,ogrenci2699@case.local,2.24,2023,approved,0
2700,4700,1,YZVM Ogrenci 2700,ogrenci2700@case.local,2.22,2024,approved,0
2701,4701,1,YZVM Ogrenci 2701,ogrenci2701@case.local,4.00,2023,approved,0
2702,4702,1,YZVM Ogrenci 2702,ogrenci2702@case.local,3.98,2024,approved,0
2703,4703,1,YZVM Ogrenci 2703,ogrenci2703@case.local,3.96,2023,approved,0
2704,4704,1,YZVM Ogrenci 2704,ogrenci2704@case.local,3.94,2024,approved,0
2705,4705,1,YZVM Ogrenci 2705,ogrenci2705@case.local,3.92,2023,approved,0
2706,4706,1,YZVM Ogrenci 2706,ogrenci2706@case.local,3.90,2024,approved,0
2707,4707,1,YZVM Ogrenci 2707,ogrenci2707@case.local,3.88,2023,approved,0
2708,4708,1,YZVM Ogrenci 2708,ogrenci2708@case.local,3.86,2024,approved,0
2709,4709,1,YZVM Ogrenci 2709,ogrenci2709@case.local,3.84,2023,approved,0
2710,4710,1,YZVM Ogrenci 2710,ogrenci2710@case.local,3.82,2024,approved,0
2711,4711,1,YZVM Ogrenci 2711,ogrenci2711@case.local,3.80,2023,approved,0
2712,4712,1,YZVM Ogrenci 2712,ogrenci2712@case.local,3.78,2024,approved,0
2713,4713,1,YZVM Ogrenci 2713,ogrenci2713@case.local,3.76,2023,approved,0
2714,4714,1,YZVM Ogrenci 2714,ogrenci2714@case.local,3.74,2024,approved,0
2715,4715,1,YZVM Ogrenci 2715,ogrenci2715@case.local,3.72,2023,approved,0
2716,4716,1,YZVM Ogrenci 2716,ogrenci2716@case.local,3.70,2024,approved,0
2717,4717,1,YZVM Ogrenci 2717,ogrenci2717@case.local,3.68,2023,approved,0
2718,4718,1,YZVM Ogrenci 2718,ogrenci2718@case.local,3.66,2024,approved,0
2719,4719,1,YZVM Ogrenci 2719,ogrenci2719@case.local,3.64,2023,approved,0
2720,4720,1,YZVM Ogrenci 2720,ogrenci2720@case.local,3.62,2024,approved,0
2721,4721,1,YZVM Ogrenci 2721,ogrenci2721@case.local,3.60,2023,approved,0
2722,4722,1,YZVM Ogrenci 2722,ogrenci2722@case.local,3.58,2024,approved,0
2723,4723,1,YZVM Ogrenci 2723,ogrenci2723@case.local,3.56,2023,approved,0
2724,4724,1,YZVM Ogrenci 2724,ogrenci2724@case.local,3.54,2024,approved,0
2725,4725,1,YZVM Ogrenci 2725,ogrenci2725@case.local,3.52,2023,approved,0
2726,4726,1,YZVM Ogrenci 2726,ogrenci2726@case.local,3.50,2024,approved,0
2727,4727,1,YZVM Ogrenci 2727,ogrenci2727@case.local,3.48,2023,approved,0
2728,4728,1,YZVM Ogrenci 2728,ogrenci2728@case.local,3.46,2024,approved,0
2729,4729,1,YZVM Ogrenci 2729,ogrenci2729@case.local,3.44,2023,approved,0
2730,4730,1,YZVM Ogrenci 2730,ogrenci2730@case.local,3.42,2024,approved,0
2731,4731,1,YZVM Ogrenci 2731,ogrenci2731@case.local,3.40,2023,approved,0
2732,4732,1,YZVM Ogrenci 2732,ogrenci2732@case.local,3.38,2024,approved,0
2733,4733,1,YZVM Ogrenci 2733,ogrenci2733@case.local,3.36,2023,approved,0
2734,4734,1,YZVM Ogrenci 2734,ogrenci2734@case.local,3.34,2024,approved,0
2735,4735,1,YZVM Ogrenci 2735,ogrenci2735@case.local,3.32,2023,approved,0
2736,4736,1,YZVM Ogrenci 2736,ogrenci2736@case.local,3.30,2024,approved,0
2737,4737,1,YZVM Ogrenci 2737,ogrenci2737@case.local,3.28,2023,approved,0
2738,4738,1,YZVM Ogrenci 2738,ogrenci2738@case.local,3.26,2024,approved,0
2739,4739,1,YZVM Ogrenci 2739,ogrenci2739@case.local,3.24,2023,approved,0
2740,4740,1,YZVM Ogrenci 2740,ogrenci2740@case.local,3.22,2024,approved,0
2741,4741,1,YZVM Ogrenci 2741,ogrenci2741@case.local,3.20,2023,approved,0
2742,4742,1,YZVM Ogrenci 2742,ogrenci2742@case.local,3.18,2024,approved,0
2743,4743,1,YZVM Ogrenci 2743,ogrenci2743@case.local,3.16,2023,approved,0
2744,4744,1,YZVM Ogrenci 2744,ogrenci2744@case.local,3.14,2024,approved,0
2745,4745,1,YZVM Ogrenci 2745,ogrenci2745@case.local,3.12,2023,approved,0
2746,4746,1,YZVM Ogrenci 2746,ogrenci2746@case.local,3.10,2024,approved,0
2747,4747,1,YZVM Ogrenci 2747,ogrenci2747@case.local,3.08,2023,approved,0
2748,4748,1,YZVM Ogrenci 2748,ogrenci2748@case.local,3.06,2024,approved,0
2749,4749,1,YZVM Ogrenci 2749,ogrenci2749@case.local,3.04,2023,approved,0
2750,4750,1,YZVM Ogrenci 2750,ogrenci2750@case.local,3.02,2024,approved,0
2751,4751,1,YZVM Ogrenci 2751,ogrenci2751@case.local,3.00,2023,approved,0
2752,4752,1,YZVM Ogrenci 2752,ogrenci2752@case.local,2.98,2024,approved,0
2753,4753,1,YZVM Ogrenci 2753,ogrenci2753@case.local,2.96,2023,approved,0
2754,4754,1,YZVM Ogrenci 2754,ogrenci2754@case.local,2.94,2024,approved,0
2755,4755,1,YZVM Ogrenci 2755,ogrenci2755@case.local,2.92,2023,approved,0
2756,4756,1,YZVM Ogrenci 2756,ogrenci2756@case.local,2.90,2024,approved,0
2757,4757,1,YZVM Ogrenci 2757,ogrenci2757@case.local,2.88,2023,approved,0
2758,4758,1,YZVM Ogrenci 2758,ogrenci2758@case.local,2.86,2024,approved,0
2759,4759,1,YZVM Ogrenci 2759,ogrenci2759@case.local,2.84,2023,approved,0
2760,4760,1,YZVM Ogrenci 2760,ogrenci2760@case.local,2.82,2024,approved,0
2761,4761,1,YZVM Ogrenci 2761,ogrenci2761@case.local,2.80,2023,approved,0
2762,4762,1,YZVM Ogrenci 2762,ogrenci2762@case.local,2.78,2024,approved,0
2763,4763,1,YZVM Ogrenci 2763,ogrenci2763@case.local,2.76,2023,approved,0
2764,4764,1,YZVM Ogrenci 2764,ogrenci2764@case.local,2.74,2024,approved,0
2765,4765,1,YZVM Ogrenci 2765,ogrenci2765@case.local,2.72,2023,approved,0
2766,4766,1,YZVM Ogrenci 2766,ogrenci2766@case.local,2.70,2024,approved,0
2767,4767,1,YZVM Ogrenci 2767,ogrenci2767@case.local,2.68,2023,approved,0
2768,4768,1,YZVM Ogrenci 2768,ogrenci2768@case.local,2.66,2024,approved,0
2769,4769,1,YZVM Ogrenci 2769,ogrenci2769@case.local,2.64,2023,approved,0
2770,4770,1,YZVM Ogrenci 2770,ogrenci2770@case.local,2.62,2024,approved,0
2771,4771,1,YZVM Ogrenci 2771,ogrenci2771@case.local,2.60,2023,approved,0
2772,4772,1,YZVM Ogrenci 2772,ogrenci2772@case.local,2.58,2024,approved,0
2773,4773,1,YZVM Ogrenci 2773,ogrenci2773@case.local,2.56,2023,approved,0
2774,4774,1,YZVM Ogrenci 2774,ogrenci2774@case.local,2.54,2024,approved,0
2775,4775,1,YZVM Ogrenci 2775,ogrenci2775@case.local,2.52,2023,approved,0
2776,4776,1,YZVM Ogrenci 2776,ogrenci2776@case.local,2.50,2024,approved,0
2777,4777,1,YZVM Ogrenci 2777,ogrenci2777@case.local,2.48,2023,approved,0
2778,4778,1,YZVM Ogrenci 2778,ogrenci2778@case.local,2.46,2024,approved,0
2779,4779,1,YZVM Ogrenci 2779,ogrenci2779@case.local,2.44,2023,approved,0
2780,4780,1,YZVM Ogrenci 2780,ogrenci2780@case.local,2.42,2024,approved,0
2781,4781,1,YZVM Ogrenci 2781,ogrenci2781@case.local,2.40,2023,approved,0
2782,4782,1,YZVM Ogrenci 2782,ogrenci2782@case.local,2.38,2024,approved,0
2783,4783,1,YZVM Ogrenci 2783,ogrenci2783@case.local,2.36,2023,approved,0
2784,4784,1,YZVM Ogrenci 2784,ogrenci2784@case.local,2.34,2024,approved,0
2785,4785,1,YZVM Ogrenci 2785,ogrenci2785@case.local,2.32,2023,approved,0
2786,4786,1,YZVM Ogrenci 2786,ogrenci2786@case.local,2.30,2024,approved,0
2787,4787,1,YZVM Ogrenci 2787,ogrenci2787@case.local,2.28,2023,approved,0
2788,4788,1,YZVM Ogrenci 2788,ogrenci2788@case.local,2.26,2024,approved,0
2789,4789,1,YZVM Ogrenci 2789,ogrenci2789@case.local,2.24,2023,approved,0
2790,4790,1,YZVM Ogrenci 2790,ogrenci2790@case.local,2.22,2024,approved,0
2791,4791,1,YZVM Ogrenci 2791,ogrenci2791@case.local,4.00,2023,approved,0
2792,4792,1,YZVM Ogrenci 2792,ogrenci2792@case.local,3.98,2024,approved,0
2793,4793,1,YZVM Ogrenci 2793,ogrenci2793@case.local,3.96,2023,approved,0
2794,4794,1,YZVM Ogrenci 2794,ogrenci2794@case.local,3.94,2024,approved,0
2795,4795,1,YZVM Ogrenci 2795,ogrenci2795@case.local,3.92,2023,approved,0
2796,4796,1,YZVM Ogrenci 2796,ogrenci2796@case.local,3.90,2024,approved,0
2797,4797,1,YZVM Ogrenci 2797,ogrenci2797@case.local,3.88,2023,approved,0
2798,4798,1,YZVM Ogrenci 2798,ogrenci2798@case.local,3.86,2024,approved,0
2799,4799,1,YZVM Ogrenci 2799,ogrenci2799@case.local,3.84,2023,approved,0
2800,4800,1,YZVM Ogrenci 2800,ogrenci2800@case.local,3.82,2024,approved,0
2801,4801,1,YZVM Ogrenci 2801,ogrenci2801@case.local,3.80,2023,approved,0
2802,4802,1,YZVM Ogrenci 2802,ogrenci2802@case.local,3.78,2024,approved,0
2803,4803,1,YZVM Ogrenci 2803,ogrenci2803@case.local,3.76,2023,approved,0
2804,4804,1,YZVM Ogrenci 2804,ogrenci2804@case.local,3.74,2024,approved,0
2805,4805,1,YZVM Ogrenci 2805,ogrenci2805@case.local,3.72,2023,approved,0
2806,4806,1,YZVM Ogrenci 2806,ogrenci2806@case.local,3.70,2024,approved,0
2807,4807,1,YZVM Ogrenci 2807,ogrenci2807@case.local,3.68,2023,approved,0
2808,4808,1,YZVM Ogrenci 2808,ogrenci2808@case.local,3.66,2024,approved,0
2809,4809,1,YZVM Ogrenci 2809,ogrenci2809@case.local,3.64,2023,approved,0
2810,4810,1,YZVM Ogrenci 2810,ogrenci2810@case.local,3.62,2024,approved,0
2811,4811,1,YZVM Ogrenci 2811,ogrenci2811@case.local,3.60,2023,approved,0
2812,4812,1,YZVM Ogrenci 2812,ogrenci2812@case.local,3.58,2024,approved,0
2813,4813,1,YZVM Ogrenci 2813,ogrenci2813@case.local,3.56,2023,approved,0
2814,4814,1,YZVM Ogrenci 2814,ogrenci2814@case.local,3.54,2024,approved,0
2815,4815,1,YZVM Ogrenci 2815,ogrenci2815@case.local,3.52,2023,approved,0
2816,4816,1,YZVM Ogrenci 2816,ogrenci2816@case.local,3.50,2024,approved,0
2817,4817,1,YZVM Ogrenci 2817,ogrenci2817@case.local,3.48,2023,approved,0
2818,4818,1,YZVM Ogrenci 2818,ogrenci2818@case.local,3.46,2024,approved,0
2819,4819,1,YZVM Ogrenci 2819,ogrenci2819@case.local,3.44,2023,approved,0
2820,4820,1,YZVM Ogrenci 2820,ogrenci2820@case.local,3.42,2024,approved,0
2821,4821,1,YZVM Ogrenci 2821,ogrenci2821@case.local,3.40,2023,approved,0
2822,4822,1,YZVM Ogrenci 2822,ogrenci2822@case.local,3.38,2024,approved,0
2823,4823,1,YZVM Ogrenci 2823,ogrenci2823@case.local,3.36,2023,approved,0
2824,4824,1,YZVM Ogrenci 2824,ogrenci2824@case.local,3.34,2024,approved,0
2825,4825,1,YZVM Ogrenci 2825,ogrenci2825@case.local,3.32,2023,approved,0
2826,4826,1,YZVM Ogrenci 2826,ogrenci2826@case.local,3.30,2024,approved,0
2827,4827,1,YZVM Ogrenci 2827,ogrenci2827@case.local,3.28,2023,approved,0
2828,4828,1,YZVM Ogrenci 2828,ogrenci2828@case.local,3.26,2024,approved,0
2829,4829,1,YZVM Ogrenci 2829,ogrenci2829@case.local,3.24,2023,approved,0
2830,4830,1,YZVM Ogrenci 2830,ogrenci2830@case.local,3.22,2024,approved,0
2831,4831,1,YZVM Ogrenci 2831,ogrenci2831@case.local,3.20,2023,approved,0
2832,4832,1,YZVM Ogrenci 2832,ogrenci2832@case.local,3.18,2024,approved,0
2833,4833,1,YZVM Ogrenci 2833,ogrenci2833@case.local,3.16,2023,approved,0
2834,4834,1,YZVM Ogrenci 2834,ogrenci2834@case.local,3.14,2024,approved,0
2835,4835,1,YZVM Ogrenci 2835,ogrenci2835@case.local,3.12,2023,approved,0
2836,4836,1,YZVM Ogrenci 2836,ogrenci2836@case.local,3.10,2024,approved,0
2837,4837,1,YZVM Ogrenci 2837,ogrenci2837@case.local,3.08,2023,approved,0
2838,4838,1,YZVM Ogrenci 2838,ogrenci2838@case.local,3.06,2024,approved,0
2839,4839,1,YZVM Ogrenci 2839,ogrenci2839@case.local,3.04,2023,approved,0
2840,4840,1,YZVM Ogrenci 2840,ogrenci2840@case.local,3.02,2024,approved,0
2841,4841,1,YZVM Ogrenci 2841,ogrenci2841@case.local,3.00,2023,approved,0
2842,4842,1,YZVM Ogrenci 2842,ogrenci2842@case.local,2.98,2024,approved,0
2843,4843,1,YZVM Ogrenci 2843,ogrenci2843@case.local,2.96,2023,approved,0
2844,4844,1,YZVM Ogrenci 2844,ogrenci2844@case.local,2.94,2024,approved,0
2845,4845,1,YZVM Ogrenci 2845,ogrenci2845@case.local,2.92,2023,approved,0
2846,4846,1,YZVM Ogrenci 2846,ogrenci2846@case.local,2.90,2024,approved,0
2847,4847,1,YZVM Ogrenci 2847,ogrenci2847@case.local,2.88,2023,approved,0
2848,4848,1,YZVM Ogrenci 2848,ogrenci2848@case.local,2.86,2024,approved,0
2849,4849,1,YZVM Ogrenci 2849,ogrenci2849@case.local,2.84,2023,approved,0
2850,4850,1,YZVM Ogrenci 2850,ogrenci2850@case.local,2.82,2024,approved,0
2851,4851,1,YZVM Ogrenci 2851,ogrenci2851@case.local,2.80,2023,approved,0
2852,4852,1,YZVM Ogrenci 2852,ogrenci2852@case.local,2.78,2024,approved,0
2853,4853,1,YZVM Ogrenci 2853,ogrenci2853@case.local,2.76,2023,approved,0
2854,4854,1,YZVM Ogrenci 2854,ogrenci2854@case.local,2.74,2024,approved,0
2855,4855,1,YZVM Ogrenci 2855,ogrenci2855@case.local,2.72,2023,approved,0
2856,4856,1,YZVM Ogrenci 2856,ogrenci2856@case.local,2.70,2024,approved,0
2857,4857,1,YZVM Ogrenci 2857,ogrenci2857@case.local,2.68,2023,approved,0
2858,4858,1,YZVM Ogrenci 2858,ogrenci2858@case.local,2.66,2024,approved,0
2859,4859,1,YZVM Ogrenci 2859,ogrenci2859@case.local,2.64,2023,approved,0
2860,4860,1,YZVM Ogrenci 2860,ogrenci2860@case.local,2.62,2024,approved,0
2861,4861,1,YZVM Ogrenci 2861,ogrenci2861@case.local,2.60,2023,approved,0
2862,4862,1,YZVM Ogrenci 2862,ogrenci2862@case.local,2.58,2024,approved,0
2863,4863,1,YZVM Ogrenci 2863,ogrenci2863@case.local,2.56,2023,approved,0
2864,4864,1,YZVM Ogrenci 2864,ogrenci2864@case.local,2.54,2024,approved,0
2865,4865,1,YZVM Ogrenci 2865,ogrenci2865@case.local,2.52,2023,approved,0
2866,4866,1,YZVM Ogrenci 2866,ogrenci2866@case.local,2.50,2024,approved,0
2867,4867,1,YZVM Ogrenci 2867,ogrenci2867@case.local,2.48,2023,approved,0
2868,4868,1,YZVM Ogrenci 2868,ogrenci2868@case.local,2.46,2024,approved,0
2869,4869,1,YZVM Ogrenci 2869,ogrenci2869@case.local,2.44,2023,approved,0
2870,4870,1,YZVM Ogrenci 2870,ogrenci2870@case.local,2.42,2024,approved,0
2871,4871,1,YZVM Ogrenci 2871,ogrenci2871@case.local,2.40,2023,approved,0
2872,4872,1,YZVM Ogrenci 2872,ogrenci2872@case.local,2.38,2024,approved,0
2873,4873,1,YZVM Ogrenci 2873,ogrenci2873@case.local,2.36,2023,approved,0
2874,4874,1,YZVM Ogrenci 2874,ogrenci2874@case.local,2.34,2024,approved,0
2875,4875,1,YZVM Ogrenci 2875,ogrenci2875@case.local,2.32,2023,approved,0
2876,4876,1,YZVM Ogrenci 2876,ogrenci2876@case.local,2.30,2024,approved,0
2877,4877,1,YZVM Ogrenci 2877,ogrenci2877@case.local,2.28,2023,approved,0
2878,4878,1,YZVM Ogrenci 2878,ogrenci2878@case.local,2.26,2024,approved,0
2879,4879,1,YZVM Ogrenci 2879,ogrenci2879@case.local,2.24,2023,approved,0
2880,4880,1,YZVM Ogrenci 2880,ogrenci2880@case.local,2.22,2024,approved,0
2881,4881,1,YZVM Ogrenci 2881,ogrenci2881@case.local,4.00,2023,approved,0
2882,4882,1,YZVM Ogrenci 2882,ogrenci2882@case.local,3.98,2024,approved,0
2883,4883,1,YZVM Ogrenci 2883,ogrenci2883@case.local,3.96,2023,approved,0
2884,4884,1,YZVM Ogrenci 2884,ogrenci2884@case.local,3.94,2024,approved,0
2885,4885,1,YZVM Ogrenci 2885,ogrenci2885@case.local,3.92,2023,approved,0
2886,4886,1,YZVM Ogrenci 2886,ogrenci2886@case.local,3.90,2024,approved,0
2887,4887,1,YZVM Ogrenci 2887,ogrenci2887@case.local,3.88,2023,approved,0
2888,4888,1,YZVM Ogrenci 2888,ogrenci2888@case.local,3.86,2024,approved,0
2889,4889,1,YZVM Ogrenci 2889,ogrenci2889@case.local,3.84,2023,approved,0
2890,4890,1,YZVM Ogrenci 2890,ogrenci2890@case.local,3.82,2024,approved,0
2891,4891,1,YZVM Ogrenci 2891,ogrenci2891@case.local,3.80,2023,approved,0
2892,4892,1,YZVM Ogrenci 2892,ogrenci2892@case.local,3.78,2024,approved,0
2893,4893,1,YZVM Ogrenci 2893,ogrenci2893@case.local,3.76,2023,approved,0
2894,4894,1,YZVM Ogrenci 2894,ogrenci2894@case.local,3.74,2024,approved,0
2895,4895,1,YZVM Ogrenci 2895,ogrenci2895@case.local,3.72,2023,approved,0
2896,4896,1,YZVM Ogrenci 2896,ogrenci2896@case.local,3.70,2024,approved,0
2897,4897,1,YZVM Ogrenci 2897,ogrenci2897@case.local,3.68,2023,approved,0
2898,4898,1,YZVM Ogrenci 2898,ogrenci2898@case.local,3.66,2024,approved,0
2899,4899,1,YZVM Ogrenci 2899,ogrenci2899@case.local,3.64,2023,approved,0
2900,4900,1,YZVM Ogrenci 2900,ogrenci2900@case.local,3.62,2024,approved,0
2901,4901,1,YZVM Ogrenci 2901,ogrenci2901@case.local,3.60,2023,approved,0
2902,4902,1,YZVM Ogrenci 2902,ogrenci2902@case.local,3.58,2024,approved,0
2903,4903,1,YZVM Ogrenci 2903,ogrenci2903@case.local,3.56,2023,approved,0
2904,4904,1,YZVM Ogrenci 2904,ogrenci2904@case.local,3.54,2024,approved,0
2905,4905,1,YZVM Ogrenci 2905,ogrenci2905@case.local,3.52,2023,approved,0
2906,4906,1,YZVM Ogrenci 2906,ogrenci2906@case.local,3.50,2024,approved,0
2907,4907,1,YZVM Ogrenci 2907,ogrenci2907@case.local,3.48,2023,approved,0
2908,4908,1,YZVM Ogrenci 2908,ogrenci2908@case.local,3.46,2024,approved,0
2909,4909,1,YZVM Ogrenci 2909,ogrenci2909@case.local,3.44,2023,approved,0
2910,4910,1,YZVM Ogrenci 2910,ogrenci2910@case.local,3.42,2024,approved,0
2911,4911,1,YZVM Ogrenci 2911,ogrenci2911@case.local,3.40,2023,approved,0
2912,4912,1,YZVM Ogrenci 2912,ogrenci2912@case.local,3.38,2024,approved,0
2913,4913,1,YZVM Ogrenci 2913,ogrenci2913@case.local,3.36,2023,approved,0
2914,4914,1,YZVM Ogrenci 2914,ogrenci2914@case.local,3.34,2024,approved,0
2915,4915,1,YZVM Ogrenci 2915,ogrenci2915@case.local,3.32,2023,approved,0
2916,4916,1,YZVM Ogrenci 2916,ogrenci2916@case.local,3.30,2024,approved,0
2917,4917,1,YZVM Ogrenci 2917,ogrenci2917@case.local,3.28,2023,approved,0
2918,4918,1,YZVM Ogrenci 2918,ogrenci2918@case.local,3.26,2024,approved,0
2919,4919,1,YZVM Ogrenci 2919,ogrenci2919@case.local,3.24,2023,approved,0
2920,4920,1,YZVM Ogrenci 2920,ogrenci2920@case.local,3.22,2024,approved,0
2921,4921,1,YZVM Ogrenci 2921,ogrenci2921@case.local,3.20,2023,approved,0
2922,4922,1,YZVM Ogrenci 2922,ogrenci2922@case.local,3.18,2024,approved,0
2923,4923,1,YZVM Ogrenci 2923,ogrenci2923@case.local,3.16,2023,approved,0
2924,4924,1,YZVM Ogrenci 2924,ogrenci2924@case.local,3.14,2024,approved,0
2925,4925,1,YZVM Ogrenci 2925,ogrenci2925@case.local,3.12,2023,approved,0
2926,4926,1,YZVM Ogrenci 2926,ogrenci2926@case.local,3.10,2024,approved,0
2927,4927,1,YZVM Ogrenci 2927,ogrenci2927@case.local,3.08,2023,approved,0
2928,4928,1,YZVM Ogrenci 2928,ogrenci2928@case.local,3.06,2024,approved,0
2929,4929,1,YZVM Ogrenci 2929,ogrenci2929@case.local,3.04,2023,approved,0
2930,4930,1,YZVM Ogrenci 2930,ogrenci2930@case.local,3.02,2024,approved,0
2931,4931,1,YZVM Ogrenci 2931,ogrenci2931@case.local,3.00,2023,approved,0
2932,4932,1,YZVM Ogrenci 2932,ogrenci2932@case.local,2.98,2024,approved,0
2933,4933,1,YZVM Ogrenci 2933,ogrenci2933@case.local,2.96,2023,approved,0
2934,4934,1,YZVM Ogrenci 2934,ogrenci2934@case.local,2.94,2024,approved,0
2935,4935,1,YZVM Ogrenci 2935,ogrenci2935@case.local,2.92,2023,approved,0
2936,4936,1,YZVM Ogrenci 2936,ogrenci2936@case.local,2.90,2024,approved,0
2937,4937,1,YZVM Ogrenci 2937,ogrenci2937@case.local,2.88,2023,approved,0
2938,4938,1,YZVM Ogrenci 2938,ogrenci2938@case.local,2.86,2024,approved,0
2939,4939,1,YZVM Ogrenci 2939,ogrenci2939@case.local,2.84,2023,approved,0
2940,4940,1,YZVM Ogrenci 2940,ogrenci2940@case.local,2.82,2024,approved,0
2941,4941,1,YZVM Ogrenci 2941,ogrenci2941@case.local,2.80,2023,approved,0
2942,4942,1,YZVM Ogrenci 2942,ogrenci2942@case.local,2.78,2024,approved,0
2943,4943,1,YZVM Ogrenci 2943,ogrenci2943@case.local,2.76,2023,approved,0
2944,4944,1,YZVM Ogrenci 2944,ogrenci2944@case.local,2.74,2024,approved,0
2945,4945,1,YZVM Ogrenci 2945,ogrenci2945@case.local,2.72,2023,approved,0
2946,4946,1,YZVM Ogrenci 2946,ogrenci2946@case.local,2.70,2024,approved,0
2947,4947,1,YZVM Ogrenci 2947,ogrenci2947@case.local,2.68,2023,approved,0
2948,4948,1,YZVM Ogrenci 2948,ogrenci2948@case.local,2.66,2024,approved,0
2949,4949,1,YZVM Ogrenci 2949,ogrenci2949@case.local,2.64,2023,approved,0
2950,4950,1,YZVM Ogrenci 2950,ogrenci2950@case.local,2.62,2024,approved,0
2951,4951,1,YZVM Ogrenci 2951,ogrenci2951@case.local,2.60,2023,approved,0
2952,4952,1,YZVM Ogrenci 2952,ogrenci2952@case.local,2.58,2024,approved,0
2953,4953,1,YZVM Ogrenci 2953,ogrenci2953@case.local,2.56,2023,approved,0
2954,4954,1,YZVM Ogrenci 2954,ogrenci2954@case.local,2.54,2024,approved,0
2955,4955,1,YZVM Ogrenci 2955,ogrenci2955@case.local,2.52,2023,approved,0
2956,4956,1,YZVM Ogrenci 2956,ogrenci2956@case.local,2.50,2024,approved,0
2957,4957,1,YZVM Ogrenci 2957,ogrenci2957@case.local,2.48,2023,approved,0
2958,4958,1,YZVM Ogrenci 2958,ogrenci2958@case.local,2.46,2024,approved,0
2959,4959,1,YZVM Ogrenci 2959,ogrenci2959@case.local,2.44,2023,approved,0
2960,4960,1,YZVM Ogrenci 2960,ogrenci2960@case.local,2.42,2024,approved,0
2961,4961,1,YZVM Ogrenci 2961,ogrenci2961@case.local,2.40,2023,approved,0
2962,4962,1,YZVM Ogrenci 2962,ogrenci2962@case.local,2.38,2024,approved,0
2963,4963,1,YZVM Ogrenci 2963,ogrenci2963@case.local,2.36,2023,approved,0
2964,4964,1,YZVM Ogrenci 2964,ogrenci2964@case.local,2.34,2024,approved,0
2965,4965,1,YZVM Ogrenci 2965,ogrenci2965@case.local,2.32,2023,approved,0
2966,4966,1,YZVM Ogrenci 2966,ogrenci2966@case.local,2.30,2024,approved,0
2967,4967,1,YZVM Ogrenci 2967,ogrenci2967@case.local,2.28,2023,approved,0
2968,4968,1,YZVM Ogrenci 2968,ogrenci2968@case.local,2.26,2024,approved,0
2969,4969,1,YZVM Ogrenci 2969,ogrenci2969@case.local,2.24,2023,approved,0
2970,4970,1,YZVM Ogrenci 2970,ogrenci2970@case.local,2.22,2024,approved,0
2971,4971,1,YZVM Ogrenci 2971,ogrenci2971@case.local,4.00,2023,approved,0
2972,4972,1,YZVM Ogrenci 2972,ogrenci2972@case.local,3.98,2024,approved,0
2973,4973,1,YZVM Ogrenci 2973,ogrenci2973@case.local,3.96,2023,approved,0
2974,4974,1,YZVM Ogrenci 2974,ogrenci2974@case.local,3.94,2024,approved,0
2975,4975,1,YZVM Ogrenci 2975,ogrenci2975@case.local,3.92,2023,approved,0
2976,4976,1,YZVM Ogrenci 2976,ogrenci2976@case.local,3.90,2024,approved,0
2977,4977,1,YZVM Ogrenci 2977,ogrenci2977@case.local,3.88,2023,approved,0
2978,4978,1,YZVM Ogrenci 2978,ogrenci2978@case.local,3.86,2024,approved,0
2979,4979,1,YZVM Ogrenci 2979,ogrenci2979@case.local,3.84,2023,approved,0
2980,4980,1,YZVM Ogrenci 2980,ogrenci2980@case.local,3.82,2024,approved,0
2981,4981,1,YZVM Ogrenci 2981,ogrenci2981@case.local,3.80,2023,approved,0
2982,4982,1,YZVM Ogrenci 2982,ogrenci2982@case.local,3.78,2024,approved,0
2983,4983,1,YZVM Ogrenci 2983,ogrenci2983@case.local,3.76,2023,approved,0
2984,4984,1,YZVM Ogrenci 2984,ogrenci2984@case.local,3.74,2024,approved,0
2985,4985,1,YZVM Ogrenci 2985,ogrenci2985@case.local,3.72,2023,approved,0
2986,4986,1,YZVM Ogrenci 2986,ogrenci2986@case.local,3.70,2024,approved,0
2987,4987,1,YZVM Ogrenci 2987,ogrenci2987@case.local,3.68,2023,approved,0
2988,4988,1,YZVM Ogrenci 2988,ogrenci2988@case.local,3.66,2024,approved,0
2989,4989,1,YZVM Ogrenci 2989,ogrenci2989@case.local,3.64,2023,approved,0
2990,4990,1,YZVM Ogrenci 2990,ogrenci2990@case.local,3.62,2024,approved,0
2991,4991,1,YZVM Ogrenci 2991,ogrenci2991@case.local,3.60,2023,approved,0
2992,4992,1,YZVM Ogrenci 2992,ogrenci2992@case.local,3.58,2024,approved,0
2993,4993,1,YZVM Ogrenci 2993,ogrenci2993@case.local,3.56,2023,approved,0
2994,4994,1,YZVM Ogrenci 2994,ogrenci2994@case.local,3.54,2024,approved,0
2995,4995,1,YZVM Ogrenci 2995,ogrenci2995@case.local,3.52,2023,approved,0
2996,4996,1,YZVM Ogrenci 2996,ogrenci2996@case.local,3.50,2024,approved,0
2997,4997,1,YZVM Ogrenci 2997,ogrenci2997@case.local,3.48,2023,approved,0
2998,4998,1,YZVM Ogrenci 2998,ogrenci2998@case.local,3.46,2024,approved,0
2999,4999,1,YZVM Ogrenci 2999,ogrenci2999@case.local,3.44,2023,approved,0
3000,5000,1,YZVM Ogrenci 3000,ogrenci3000@case.local,3.42,2024,approved,0
3001,5001,1,YZVM Ogrenci 3001,ogrenci3001@case.local,3.40,2023,approved,0
3002,5002,1,YZVM Ogrenci 3002,ogrenci3002@case.local,3.38,2024,approved,0
3003,5003,1,YZVM Ogrenci 3003,ogrenci3003@case.local,3.36,2023,approved,0
3004,5004,1,YZVM Ogrenci 3004,ogrenci3004@case.local,3.34,2024,approved,0
3005,5005,1,YZVM Ogrenci 3005,ogrenci3005@case.local,3.32,2023,approved,0
3006,5006,1,YZVM Ogrenci 3006,ogrenci3006@case.local,3.30,2024,approved,0
3007,5007,1,YZVM Ogrenci 3007,ogrenci3007@case.local,3.28,2023,approved,0
3008,5008,1,YZVM Ogrenci 3008,ogrenci3008@case.local,3.26,2024,approved,0
3009,5009,1,YZVM Ogrenci 3009,ogrenci3009@case.local,3.24,2023,approved,0
3010,5010,1,YZVM Ogrenci 3010,ogrenci3010@case.local,3.22,2024,approved,0
3011,5011,1,YZVM Ogrenci 3011,ogrenci3011@case.local,3.20,2023,approved,0
3012,5012,1,YZVM Ogrenci 3012,ogrenci3012@case.local,3.18,2024,approved,0
3013,5013,1,YZVM Ogrenci 3013,ogrenci3013@case.local,3.16,2023,approved,0
3014,5014,1,YZVM Ogrenci 3014,ogrenci3014@case.local,3.14,2024,approved,0
3015,5015,1,YZVM Ogrenci 3015,ogrenci3015@case.local,3.12,2023,approved,0
3016,5016,1,YZVM Ogrenci 3016,ogrenci3016@case.local,3.10,2024,approved,0
3017,5017,1,YZVM Ogrenci 3017,ogrenci3017@case.local,3.08,2023,approved,0
3018,5018,1,YZVM Ogrenci 3018,ogrenci3018@case.local,3.06,2024,approved,0
3019,5019,1,YZVM Ogrenci 3019,ogrenci3019@case.local,3.04,2023,approved,0
3020,5020,1,YZVM Ogrenci 3020,ogrenci3020@case.local,3.02,2024,approved,0
3021,5021,1,YZVM Ogrenci 3021,ogrenci3021@case.local,3.00,2023,approved,0
3022,5022,1,YZVM Ogrenci 3022,ogrenci3022@case.local,2.98,2024,approved,0
3023,5023,1,YZVM Ogrenci 3023,ogrenci3023@case.local,2.96,2023,approved,0
3024,5024,1,YZVM Ogrenci 3024,ogrenci3024@case.local,2.94,2024,approved,0
3025,5025,1,YZVM Ogrenci 3025,ogrenci3025@case.local,2.92,2023,approved,0
3026,5026,1,YZVM Ogrenci 3026,ogrenci3026@case.local,2.90,2024,approved,0
3027,5027,1,YZVM Ogrenci 3027,ogrenci3027@case.local,2.88,2023,approved,0
3028,5028,1,YZVM Ogrenci 3028,ogrenci3028@case.local,2.86,2024,approved,0
3029,5029,1,YZVM Ogrenci 3029,ogrenci3029@case.local,2.84,2023,approved,0
3030,5030,1,YZVM Ogrenci 3030,ogrenci3030@case.local,2.82,2024,approved,0
3031,5031,1,YZVM Ogrenci 3031,ogrenci3031@case.local,2.80,2023,approved,0
3032,5032,1,YZVM Ogrenci 3032,ogrenci3032@case.local,2.78,2024,approved,0
3033,5033,1,YZVM Ogrenci 3033,ogrenci3033@case.local,2.76,2023,approved,0
3034,5034,1,YZVM Ogrenci 3034,ogrenci3034@case.local,2.74,2024,approved,0
3035,5035,1,YZVM Ogrenci 3035,ogrenci3035@case.local,2.72,2023,approved,0
3036,5036,1,YZVM Ogrenci 3036,ogrenci3036@case.local,2.70,2024,approved,0
3037,5037,1,YZVM Ogrenci 3037,ogrenci3037@case.local,2.68,2023,approved,0
3038,5038,1,YZVM Ogrenci 3038,ogrenci3038@case.local,2.66,2024,approved,0
3039,5039,1,YZVM Ogrenci 3039,ogrenci3039@case.local,2.64,2023,approved,0
3040,5040,1,YZVM Ogrenci 3040,ogrenci3040@case.local,2.62,2024,approved,0
3041,5041,1,YZVM Ogrenci 3041,ogrenci3041@case.local,2.60,2023,approved,0
3042,5042,1,YZVM Ogrenci 3042,ogrenci3042@case.local,2.58,2024,approved,0
3043,5043,1,YZVM Ogrenci 3043,ogrenci3043@case.local,2.56,2023,approved,0
3044,5044,1,YZVM Ogrenci 3044,ogrenci3044@case.local,2.54,2024,approved,0
3045,5045,1,YZVM Ogrenci 3045,ogrenci3045@case.local,2.52,2023,approved,0
3046,5046,1,YZVM Ogrenci 3046,ogrenci3046@case.local,2.50,2024,approved,0
3047,5047,1,YZVM Ogrenci 3047,ogrenci3047@case.local,2.48,2023,approved,0
3048,5048,1,YZVM Ogrenci 3048,ogrenci3048@case.local,2.46,2024,approved,0
3049,5049,1,YZVM Ogrenci 3049,ogrenci3049@case.local,2.44,2023,approved,0
3050,5050,1,YZVM Ogrenci 3050,ogrenci3050@case.local,2.42,2024,approved,0
3051,5051,1,YZVM Ogrenci 3051,ogrenci3051@case.local,2.40,2023,approved,0
3052,5052,1,YZVM Ogrenci 3052,ogrenci3052@case.local,2.38,2024,approved,0
3053,5053,1,YZVM Ogrenci 3053,ogrenci3053@case.local,2.36,2023,approved,0
3054,5054,1,YZVM Ogrenci 3054,ogrenci3054@case.local,2.34,2024,approved,0
3055,5055,1,YZVM Ogrenci 3055,ogrenci3055@case.local,2.32,2023,approved,0
3056,5056,1,YZVM Ogrenci 3056,ogrenci3056@case.local,2.30,2024,approved,0
3057,5057,1,YZVM Ogrenci 3057,ogrenci3057@case.local,2.28,2023,approved,0
3058,5058,1,YZVM Ogrenci 3058,ogrenci3058@case.local,2.26,2024,approved,0
3059,5059,1,YZVM Ogrenci 3059,ogrenci3059@case.local,2.24,2023,approved,0
3060,5060,1,YZVM Ogrenci 3060,ogrenci3060@case.local,2.22,2024,approved,0
3061,5061,1,YZVM Ogrenci 3061,ogrenci3061@case.local,4.00,2023,approved,0
3062,5062,1,YZVM Ogrenci 3062,ogrenci3062@case.local,3.98,2024,approved,0
3063,5063,1,YZVM Ogrenci 3063,ogrenci3063@case.local,3.96,2023,approved,0
3064,5064,1,YZVM Ogrenci 3064,ogrenci3064@case.local,3.94,2024,approved,0
3065,5065,1,YZVM Ogrenci 3065,ogrenci3065@case.local,3.92,2023,approved,0
3066,5066,1,YZVM Ogrenci 3066,ogrenci3066@case.local,3.90,2024,approved,0
3067,5067,1,YZVM Ogrenci 3067,ogrenci3067@case.local,3.88,2023,approved,0
3068,5068,1,YZVM Ogrenci 3068,ogrenci3068@case.local,3.86,2024,approved,0
3069,5069,1,YZVM Ogrenci 3069,ogrenci3069@case.local,3.84,2023,approved,0
3070,5070,1,YZVM Ogrenci 3070,ogrenci3070@case.local,3.82,2024,approved,0
3071,5071,1,YZVM Ogrenci 3071,ogrenci3071@case.local,3.80,2023,approved,0
3072,5072,1,YZVM Ogrenci 3072,ogrenci3072@case.local,3.78,2024,approved,0
3073,5073,1,YZVM Ogrenci 3073,ogrenci3073@case.local,3.76,2023,approved,0
3074,5074,1,YZVM Ogrenci 3074,ogrenci3074@case.local,3.74,2024,approved,0
3075,5075,1,YZVM Ogrenci 3075,ogrenci3075@case.local,3.72,2023,approved,0
3076,5076,1,YZVM Ogrenci 3076,ogrenci3076@case.local,3.70,2024,approved,0
3077,5077,1,YZVM Ogrenci 3077,ogrenci3077@case.local,3.68,2023,approved,0
3078,5078,1,YZVM Ogrenci 3078,ogrenci3078@case.local,3.66,2024,approved,0
3079,5079,1,YZVM Ogrenci 3079,ogrenci3079@case.local,3.64,2023,approved,0
3080,5080,1,YZVM Ogrenci 3080,ogrenci3080@case.local,3.62,2024,approved,0
3081,5081,1,YZVM Ogrenci 3081,ogrenci3081@case.local,3.60,2023,approved,0
3082,5082,1,YZVM Ogrenci 3082,ogrenci3082@case.local,3.58,2024,approved,0
3083,5083,1,YZVM Ogrenci 3083,ogrenci3083@case.local,3.56,2023,approved,0
3084,5084,1,YZVM Ogrenci 3084,ogrenci3084@case.local,3.54,2024,approved,0
3085,5085,1,YZVM Ogrenci 3085,ogrenci3085@case.local,3.52,2023,approved,0
3086,5086,1,YZVM Ogrenci 3086,ogrenci3086@case.local,3.50,2024,approved,0
3087,5087,1,YZVM Ogrenci 3087,ogrenci3087@case.local,3.48,2023,approved,0
3088,5088,1,YZVM Ogrenci 3088,ogrenci3088@case.local,3.46,2024,approved,0
3089,5089,1,YZVM Ogrenci 3089,ogrenci3089@case.local,3.44,2023,approved,0
3090,5090,1,YZVM Ogrenci 3090,ogrenci3090@case.local,3.42,2024,approved,0
3091,5091,1,YZVM Ogrenci 3091,ogrenci3091@case.local,3.40,2023,approved,0
3092,5092,1,YZVM Ogrenci 3092,ogrenci3092@case.local,3.38,2024,approved,0
3093,5093,1,YZVM Ogrenci 3093,ogrenci3093@case.local,3.36,2023,approved,0
3094,5094,1,YZVM Ogrenci 3094,ogrenci3094@case.local,3.34,2024,approved,0
3095,5095,1,YZVM Ogrenci 3095,ogrenci3095@case.local,3.32,2023,approved,0
3096,5096,1,YZVM Ogrenci 3096,ogrenci3096@case.local,3.30,2024,approved,0
3097,5097,1,YZVM Ogrenci 3097,ogrenci3097@case.local,3.28,2023,approved,0
3098,5098,1,YZVM Ogrenci 3098,ogrenci3098@case.local,3.26,2024,approved,0
3099,5099,1,YZVM Ogrenci 3099,ogrenci3099@case.local,3.24,2023,approved,0
3100,5100,1,YZVM Ogrenci 3100,ogrenci3100@case.local,3.22,2024,approved,0
3101,5101,1,YZVM Ogrenci 3101,ogrenci3101@case.local,3.20,2023,approved,0
3102,5102,1,YZVM Ogrenci 3102,ogrenci3102@case.local,3.18,2024,approved,0
3103,5103,1,YZVM Ogrenci 3103,ogrenci3103@case.local,3.16,2023,approved,0
3104,5104,1,YZVM Ogrenci 3104,ogrenci3104@case.local,3.14,2024,approved,0
3105,5105,1,YZVM Ogrenci 3105,ogrenci3105@case.local,3.12,2023,approved,0
3106,5106,1,YZVM Ogrenci 3106,ogrenci3106@case.local,3.10,2024,approved,0
3107,5107,1,YZVM Ogrenci 3107,ogrenci3107@case.local,3.08,2023,approved,0
3108,5108,1,YZVM Ogrenci 3108,ogrenci3108@case.local,3.06,2024,approved,0
3109,5109,1,YZVM Ogrenci 3109,ogrenci3109@case.local,3.04,2023,approved,0
3110,5110,1,YZVM Ogrenci 3110,ogrenci3110@case.local,3.02,2024,approved,0
3111,5111,1,YZVM Ogrenci 3111,ogrenci3111@case.local,3.00,2023,approved,0
3112,5112,1,YZVM Ogrenci 3112,ogrenci3112@case.local,2.98,2024,approved,0
3113,5113,1,YZVM Ogrenci 3113,ogrenci3113@case.local,2.96,2023,approved,0
3114,5114,1,YZVM Ogrenci 3114,ogrenci3114@case.local,2.94,2024,approved,0
3115,5115,1,YZVM Ogrenci 3115,ogrenci3115@case.local,2.92,2023,approved,0
3116,5116,1,YZVM Ogrenci 3116,ogrenci3116@case.local,2.90,2024,approved,0
3117,5117,1,YZVM Ogrenci 3117,ogrenci3117@case.local,2.88,2023,approved,0
3118,5118,1,YZVM Ogrenci 3118,ogrenci3118@case.local,2.86,2024,approved,0
3119,5119,1,YZVM Ogrenci 3119,ogrenci3119@case.local,2.84,2023,approved,0
3120,5120,1,YZVM Ogrenci 3120,ogrenci3120@case.local,2.82,2024,approved,0
3121,5121,1,YZVM Ogrenci 3121,ogrenci3121@case.local,2.80,2023,approved,0
3122,5122,1,YZVM Ogrenci 3122,ogrenci3122@case.local,2.78,2024,approved,0
3123,5123,1,YZVM Ogrenci 3123,ogrenci3123@case.local,2.76,2023,approved,0
3124,5124,1,YZVM Ogrenci 3124,ogrenci3124@case.local,2.74,2024,approved,0
3125,5125,1,YZVM Ogrenci 3125,ogrenci3125@case.local,2.72,2023,approved,0
3126,5126,1,YZVM Ogrenci 3126,ogrenci3126@case.local,2.70,2024,approved,0
3127,5127,1,YZVM Ogrenci 3127,ogrenci3127@case.local,2.68,2023,approved,0
3128,5128,1,YZVM Ogrenci 3128,ogrenci3128@case.local,2.66,2024,approved,0
3129,5129,1,YZVM Ogrenci 3129,ogrenci3129@case.local,2.64,2023,approved,0
3130,5130,1,YZVM Ogrenci 3130,ogrenci3130@case.local,2.62,2024,approved,0
3131,5131,1,YZVM Ogrenci 3131,ogrenci3131@case.local,2.60,2023,approved,0
3132,5132,1,YZVM Ogrenci 3132,ogrenci3132@case.local,2.58,2024,approved,0
3133,5133,1,YZVM Ogrenci 3133,ogrenci3133@case.local,2.56,2023,approved,0
3134,5134,1,YZVM Ogrenci 3134,ogrenci3134@case.local,2.54,2024,approved,0
3135,5135,1,YZVM Ogrenci 3135,ogrenci3135@case.local,2.52,2023,approved,0
3136,5136,1,YZVM Ogrenci 3136,ogrenci3136@case.local,2.50,2024,approved,0
3137,5137,1,YZVM Ogrenci 3137,ogrenci3137@case.local,2.48,2023,approved,0
3138,5138,1,YZVM Ogrenci 3138,ogrenci3138@case.local,2.46,2024,approved,0
3139,5139,1,YZVM Ogrenci 3139,ogrenci3139@case.local,2.44,2023,approved,0
3140,5140,1,YZVM Ogrenci 3140,ogrenci3140@case.local,2.42,2024,approved,0
3141,5141,1,YZVM Ogrenci 3141,ogrenci3141@case.local,2.40,2023,approved,0
3142,5142,1,YZVM Ogrenci 3142,ogrenci3142@case.local,2.38,2024,approved,0
3143,5143,1,YZVM Ogrenci 3143,ogrenci3143@case.local,2.36,2023,approved,0
3144,5144,1,YZVM Ogrenci 3144,ogrenci3144@case.local,2.34,2024,approved,0
3145,5145,1,YZVM Ogrenci 3145,ogrenci3145@case.local,2.32,2023,approved,0
3146,5146,1,YZVM Ogrenci 3146,ogrenci3146@case.local,2.30,2024,approved,0
3147,5147,1,YZVM Ogrenci 3147,ogrenci3147@case.local,2.28,2023,approved,0
3148,5148,1,YZVM Ogrenci 3148,ogrenci3148@case.local,2.26,2024,approved,0
3149,5149,1,YZVM Ogrenci 3149,ogrenci3149@case.local,2.24,2023,approved,0
3150,5150,1,YZVM Ogrenci 3150,ogrenci3150@case.local,2.22,2024,approved,0
3151,5151,1,YZVM Ogrenci 3151,ogrenci3151@case.local,4.00,2023,approved,0
3152,5152,1,YZVM Ogrenci 3152,ogrenci3152@case.local,3.98,2024,approved,0
3153,5153,1,YZVM Ogrenci 3153,ogrenci3153@case.local,3.96,2023,approved,0
3154,5154,1,YZVM Ogrenci 3154,ogrenci3154@case.local,3.94,2024,approved,0
3155,5155,1,YZVM Ogrenci 3155,ogrenci3155@case.local,3.92,2023,approved,0
3156,5156,1,YZVM Ogrenci 3156,ogrenci3156@case.local,3.90,2024,approved,0
3157,5157,1,YZVM Ogrenci 3157,ogrenci3157@case.local,3.88,2023,approved,0
3158,5158,1,YZVM Ogrenci 3158,ogrenci3158@case.local,3.86,2024,approved,0
3159,5159,1,YZVM Ogrenci 3159,ogrenci3159@case.local,3.84,2023,approved,0
3160,5160,1,YZVM Ogrenci 3160,ogrenci3160@case.local,3.82,2024,approved,0
3161,5161,1,YZVM Ogrenci 3161,ogrenci3161@case.local,3.80,2023,approved,0
3162,5162,1,YZVM Ogrenci 3162,ogrenci3162@case.local,3.78,2024,approved,0
3163,5163,1,YZVM Ogrenci 3163,ogrenci3163@case.local,3.76,2023,approved,0
3164,5164,1,YZVM Ogrenci 3164,ogrenci3164@case.local,3.74,2024,approved,0
3165,5165,1,YZVM Ogrenci 3165,ogrenci3165@case.local,3.72,2023,approved,0
3166,5166,1,YZVM Ogrenci 3166,ogrenci3166@case.local,3.70,2024,approved,0
3167,5167,1,YZVM Ogrenci 3167,ogrenci3167@case.local,3.68,2023,approved,0
3168,5168,1,YZVM Ogrenci 3168,ogrenci3168@case.local,3.66,2024,approved,0
3169,5169,1,YZVM Ogrenci 3169,ogrenci3169@case.local,3.64,2023,approved,0
3170,5170,1,YZVM Ogrenci 3170,ogrenci3170@case.local,3.62,2024,approved,0
3171,5171,1,YZVM Ogrenci 3171,ogrenci3171@case.local,3.60,2023,approved,0
3172,5172,1,YZVM Ogrenci 3172,ogrenci3172@case.local,3.58,2024,approved,0
3173,5173,1,YZVM Ogrenci 3173,ogrenci3173@case.local,3.56,2023,approved,0
3174,5174,1,YZVM Ogrenci 3174,ogrenci3174@case.local,3.54,2024,approved,0
3175,5175,1,YZVM Ogrenci 3175,ogrenci3175@case.local,3.52,2023,approved,0
3176,5176,1,YZVM Ogrenci 3176,ogrenci3176@case.local,3.50,2024,approved,0
3177,5177,1,YZVM Ogrenci 3177,ogrenci3177@case.local,3.48,2023,approved,0
3178,5178,1,YZVM Ogrenci 3178,ogrenci3178@case.local,3.46,2024,approved,0
3179,5179,1,YZVM Ogrenci 3179,ogrenci3179@case.local,3.44,2023,approved,0
3180,5180,1,YZVM Ogrenci 3180,ogrenci3180@case.local,3.42,2024,approved,0
3181,5181,1,YZVM Ogrenci 3181,ogrenci3181@case.local,3.40,2023,approved,0
3182,5182,1,YZVM Ogrenci 3182,ogrenci3182@case.local,3.38,2024,approved,0
3183,5183,1,YZVM Ogrenci 3183,ogrenci3183@case.local,3.36,2023,approved,0
3184,5184,1,YZVM Ogrenci 3184,ogrenci3184@case.local,3.34,2024,approved,0
3185,5185,1,YZVM Ogrenci 3185,ogrenci3185@case.local,3.32,2023,approved,0
3186,5186,1,YZVM Ogrenci 3186,ogrenci3186@case.local,3.30,2024,approved,0
3187,5187,1,YZVM Ogrenci 3187,ogrenci3187@case.local,3.28,2023,approved,0
3188,5188,1,YZVM Ogrenci 3188,ogrenci3188@case.local,3.26,2024,approved,0
3189,5189,1,YZVM Ogrenci 3189,ogrenci3189@case.local,3.24,2023,approved,0
3190,5190,1,YZVM Ogrenci 3190,ogrenci3190@case.local,3.22,2024,approved,0
3191,5191,1,YZVM Ogrenci 3191,ogrenci3191@case.local,3.20,2023,approved,0
3192,5192,1,YZVM Ogrenci 3192,ogrenci3192@case.local,3.18,2024,approved,0
3193,5193,1,YZVM Ogrenci 3193,ogrenci3193@case.local,3.16,2023,approved,0
3194,5194,1,YZVM Ogrenci 3194,ogrenci3194@case.local,3.14,2024,approved,0
3195,5195,1,YZVM Ogrenci 3195,ogrenci3195@case.local,3.12,2023,approved,0
3196,5196,1,YZVM Ogrenci 3196,ogrenci3196@case.local,3.10,2024,approved,0
3197,5197,1,YZVM Ogrenci 3197,ogrenci3197@case.local,3.08,2023,approved,0
3198,5198,1,YZVM Ogrenci 3198,ogrenci3198@case.local,3.06,2024,approved,0
3199,5199,1,YZVM Ogrenci 3199,ogrenci3199@case.local,3.04,2023,approved,0
3200,5200,1,YZVM Ogrenci 3200,ogrenci3200@case.local,3.02,2024,approved,0
3201,5201,1,YZVM Ogrenci 3201,ogrenci3201@case.local,3.00,2023,approved,0
3202,5202,1,YZVM Ogrenci 3202,ogrenci3202@case.local,2.98,2024,approved,0
3203,5203,1,YZVM Ogrenci 3203,ogrenci3203@case.local,2.96,2023,approved,0
3204,5204,1,YZVM Ogrenci 3204,ogrenci3204@case.local,2.94,2024,approved,0
3205,5205,1,YZVM Ogrenci 3205,ogrenci3205@case.local,2.92,2023,approved,0
3206,5206,1,YZVM Ogrenci 3206,ogrenci3206@case.local,2.90,2024,approved,0
3207,5207,1,YZVM Ogrenci 3207,ogrenci3207@case.local,2.88,2023,approved,0
3208,5208,1,YZVM Ogrenci 3208,ogrenci3208@case.local,2.86,2024,approved,0
3209,5209,1,YZVM Ogrenci 3209,ogrenci3209@case.local,2.84,2023,approved,0
3210,5210,1,YZVM Ogrenci 3210,ogrenci3210@case.local,2.82,2024,approved,0
3211,5211,1,YZVM Ogrenci 3211,ogrenci3211@case.local,2.80,2023,approved,0
3212,5212,1,YZVM Ogrenci 3212,ogrenci3212@case.local,2.78,2024,approved,0
3213,5213,1,YZVM Ogrenci 3213,ogrenci3213@case.local,2.76,2023,approved,0
3214,5214,1,YZVM Ogrenci 3214,ogrenci3214@case.local,2.74,2024,approved,0
3215,5215,1,YZVM Ogrenci 3215,ogrenci3215@case.local,2.72,2023,approved,0
3216,5216,1,YZVM Ogrenci 3216,ogrenci3216@case.local,2.70,2024,approved,0
3217,5217,1,YZVM Ogrenci 3217,ogrenci3217@case.local,2.68,2023,approved,0
3218,5218,1,YZVM Ogrenci 3218,ogrenci3218@case.local,2.66,2024,approved,0
3219,5219,1,YZVM Ogrenci 3219,ogrenci3219@case.local,2.64,2023,approved,0
3220,5220,1,YZVM Ogrenci 3220,ogrenci3220@case.local,2.62,2024,approved,0
3221,5221,1,YZVM Ogrenci 3221,ogrenci3221@case.local,2.60,2023,approved,0
3222,5222,1,YZVM Ogrenci 3222,ogrenci3222@case.local,2.58,2024,approved,0
3223,5223,1,YZVM Ogrenci 3223,ogrenci3223@case.local,2.56,2023,approved,0
3224,5224,1,YZVM Ogrenci 3224,ogrenci3224@case.local,2.54,2024,approved,0
3225,5225,1,YZVM Ogrenci 3225,ogrenci3225@case.local,2.52,2023,approved,0
3226,5226,1,YZVM Ogrenci 3226,ogrenci3226@case.local,2.50,2024,approved,0
3227,5227,1,YZVM Ogrenci 3227,ogrenci3227@case.local,2.48,2023,approved,0
3228,5228,1,YZVM Ogrenci 3228,ogrenci3228@case.local,2.46,2024,approved,0
3229,5229,1,YZVM Ogrenci 3229,ogrenci3229@case.local,2.44,2023,approved,0
3230,5230,1,YZVM Ogrenci 3230,ogrenci3230@case.local,2.42,2024,approved,0
3231,5231,1,YZVM Ogrenci 3231,ogrenci3231@case.local,2.40,2023,approved,0
3232,5232,1,YZVM Ogrenci 3232,ogrenci3232@case.local,2.38,2024,approved,0
3233,5233,1,YZVM Ogrenci 3233,ogrenci3233@case.local,2.36,2023,approved,0
3234,5234,1,YZVM Ogrenci 3234,ogrenci3234@case.local,2.34,2024,approved,0
3235,5235,1,YZVM Ogrenci 3235,ogrenci3235@case.local,2.32,2023,approved,0
3236,5236,1,YZVM Ogrenci 3236,ogrenci3236@case.local,2.30,2024,approved,0
3237,5237,1,YZVM Ogrenci 3237,ogrenci3237@case.local,2.28,2023,approved,0
3238,5238,1,YZVM Ogrenci 3238,ogrenci3238@case.local,2.26,2024,approved,0
3239,5239,1,YZVM Ogrenci 3239,ogrenci3239@case.local,2.24,2023,approved,0
3240,5240,1,YZVM Ogrenci 3240,ogrenci3240@case.local,2.22,2024,approved,0
3241,5241,1,YZVM Ogrenci 3241,ogrenci3241@case.local,4.00,2023,approved,0
3242,5242,1,YZVM Ogrenci 3242,ogrenci3242@case.local,3.98,2024,approved,0
3243,5243,1,YZVM Ogrenci 3243,ogrenci3243@case.local,3.96,2023,approved,0
3244,5244,1,YZVM Ogrenci 3244,ogrenci3244@case.local,3.94,2024,approved,0
3245,5245,1,YZVM Ogrenci 3245,ogrenci3245@case.local,3.92,2023,approved,0
3246,5246,1,YZVM Ogrenci 3246,ogrenci3246@case.local,3.90,2024,approved,0
3247,5247,1,YZVM Ogrenci 3247,ogrenci3247@case.local,3.88,2023,approved,0
3248,5248,1,YZVM Ogrenci 3248,ogrenci3248@case.local,3.86,2024,approved,0
3249,5249,1,YZVM Ogrenci 3249,ogrenci3249@case.local,3.84,2023,approved,0
3250,5250,1,YZVM Ogrenci 3250,ogrenci3250@case.local,3.82,2024,approved,0
3251,5251,1,YZVM Ogrenci 3251,ogrenci3251@case.local,3.80,2023,approved,0
3252,5252,1,YZVM Ogrenci 3252,ogrenci3252@case.local,3.78,2024,approved,0
3253,5253,1,YZVM Ogrenci 3253,ogrenci3253@case.local,3.76,2023,approved,0
3254,5254,1,YZVM Ogrenci 3254,ogrenci3254@case.local,3.74,2024,approved,0
3255,5255,1,YZVM Ogrenci 3255,ogrenci3255@case.local,3.72,2023,approved,0
3256,5256,1,YZVM Ogrenci 3256,ogrenci3256@case.local,3.70,2024,approved,0
3257,5257,1,YZVM Ogrenci 3257,ogrenci3257@case.local,3.68,2023,approved,0
3258,5258,1,YZVM Ogrenci 3258,ogrenci3258@case.local,3.66,2024,approved,0
3259,5259,1,YZVM Ogrenci 3259,ogrenci3259@case.local,3.64,2023,approved,0
3260,5260,1,YZVM Ogrenci 3260,ogrenci3260@case.local,3.62,2024,approved,0
3261,5261,1,YZVM Ogrenci 3261,ogrenci3261@case.local,3.60,2023,approved,0
3262,5262,1,YZVM Ogrenci 3262,ogrenci3262@case.local,3.58,2024,approved,0
3263,5263,1,YZVM Ogrenci 3263,ogrenci3263@case.local,3.56,2023,approved,0
3264,5264,1,YZVM Ogrenci 3264,ogrenci3264@case.local,3.54,2024,approved,0
3265,5265,1,YZVM Ogrenci 3265,ogrenci3265@case.local,3.52,2023,approved,0
3266,5266,1,YZVM Ogrenci 3266,ogrenci3266@case.local,3.50,2024,approved,0
3267,5267,1,YZVM Ogrenci 3267,ogrenci3267@case.local,3.48,2023,approved,0
3268,5268,1,YZVM Ogrenci 3268,ogrenci3268@case.local,3.46,2024,approved,0
3269,5269,1,YZVM Ogrenci 3269,ogrenci3269@case.local,3.44,2023,approved,0
3270,5270,1,YZVM Ogrenci 3270,ogrenci3270@case.local,3.42,2024,approved,0
3271,5271,1,YZVM Ogrenci 3271,ogrenci3271@case.local,3.40,2023,approved,0
3272,5272,1,YZVM Ogrenci 3272,ogrenci3272@case.local,3.38,2024,approved,0
3273,5273,1,YZVM Ogrenci 3273,ogrenci3273@case.local,3.36,2023,approved,0
3274,5274,1,YZVM Ogrenci 3274,ogrenci3274@case.local,3.34,2024,approved,0
3275,5275,1,YZVM Ogrenci 3275,ogrenci3275@case.local,3.32,2023,approved,0
3276,5276,1,YZVM Ogrenci 3276,ogrenci3276@case.local,3.30,2024,approved,0
3277,5277,1,YZVM Ogrenci 3277,ogrenci3277@case.local,3.28,2023,approved,0
3278,5278,1,YZVM Ogrenci 3278,ogrenci3278@case.local,3.26,2024,approved,0
3279,5279,1,YZVM Ogrenci 3279,ogrenci3279@case.local,3.24,2023,approved,0
3280,5280,1,YZVM Ogrenci 3280,ogrenci3280@case.local,3.22,2024,approved,0
3281,5281,1,YZVM Ogrenci 3281,ogrenci3281@case.local,3.20,2023,approved,0
3282,5282,1,YZVM Ogrenci 3282,ogrenci3282@case.local,3.18,2024,approved,0
3283,5283,1,YZVM Ogrenci 3283,ogrenci3283@case.local,3.16,2023,approved,0
3284,5284,1,YZVM Ogrenci 3284,ogrenci3284@case.local,3.14,2024,approved,0
3285,5285,1,YZVM Ogrenci 3285,ogrenci3285@case.local,3.12,2023,approved,0
3286,5286,1,YZVM Ogrenci 3286,ogrenci3286@case.local,3.10,2024,approved,0
3287,5287,1,YZVM Ogrenci 3287,ogrenci3287@case.local,3.08,2023,approved,0
3288,5288,1,YZVM Ogrenci 3288,ogrenci3288@case.local,3.06,2024,approved,0
3289,5289,1,YZVM Ogrenci 3289,ogrenci3289@case.local,3.04,2023,approved,0
3290,5290,1,YZVM Ogrenci 3290,ogrenci3290@case.local,3.02,2024,approved,0
3291,5291,1,YZVM Ogrenci 3291,ogrenci3291@case.local,3.00,2023,approved,0
3292,5292,1,YZVM Ogrenci 3292,ogrenci3292@case.local,2.98,2024,approved,0
3293,5293,1,YZVM Ogrenci 3293,ogrenci3293@case.local,2.96,2023,approved,0
3294,5294,1,YZVM Ogrenci 3294,ogrenci3294@case.local,2.94,2024,approved,0
3295,5295,1,YZVM Ogrenci 3295,ogrenci3295@case.local,2.92,2023,approved,0
3296,5296,1,YZVM Ogrenci 3296,ogrenci3296@case.local,2.90,2024,approved,0
3297,5297,1,YZVM Ogrenci 3297,ogrenci3297@case.local,2.88,2023,approved,0
3298,5298,1,YZVM Ogrenci 3298,ogrenci3298@case.local,2.86,2024,approved,0
3299,5299,1,YZVM Ogrenci 3299,ogrenci3299@case.local,2.84,2023,approved,0
3300,5300,1,YZVM Ogrenci 3300,ogrenci3300@case.local,2.82,2024,approved,0
3301,5301,1,YZVM Ogrenci 3301,ogrenci3301@case.local,2.80,2023,approved,0
3302,5302,1,YZVM Ogrenci 3302,ogrenci3302@case.local,2.78,2024,approved,0
3303,5303,1,YZVM Ogrenci 3303,ogrenci3303@case.local,2.76,2023,approved,0
3304,5304,1,YZVM Ogrenci 3304,ogrenci3304@case.local,2.74,2024,approved,0
3305,5305,1,YZVM Ogrenci 3305,ogrenci3305@case.local,2.72,2023,approved,0
3306,5306,1,YZVM Ogrenci 3306,ogrenci3306@case.local,2.70,2024,approved,0
3307,5307,1,YZVM Ogrenci 3307,ogrenci3307@case.local,2.68,2023,approved,0
3308,5308,1,YZVM Ogrenci 3308,ogrenci3308@case.local,2.66,2024,approved,0
3309,5309,1,YZVM Ogrenci 3309,ogrenci3309@case.local,2.64,2023,approved,0
3310,5310,1,YZVM Ogrenci 3310,ogrenci3310@case.local,2.62,2024,approved,0
3311,5311,1,YZVM Ogrenci 3311,ogrenci3311@case.local,2.60,2023,approved,0
3312,5312,1,YZVM Ogrenci 3312,ogrenci3312@case.local,2.58,2024,approved,0
3313,5313,1,YZVM Ogrenci 3313,ogrenci3313@case.local,2.56,2023,approved,0
3314,5314,1,YZVM Ogrenci 3314,ogrenci3314@case.local,2.54,2024,approved,0
3315,5315,1,YZVM Ogrenci 3315,ogrenci3315@case.local,2.52,2023,approved,0
3316,5316,1,YZVM Ogrenci 3316,ogrenci3316@case.local,2.50,2024,approved,0
3317,5317,1,YZVM Ogrenci 3317,ogrenci3317@case.local,2.48,2023,approved,0
3318,5318,1,YZVM Ogrenci 3318,ogrenci3318@case.local,2.46,2024,approved,0
3319,5319,1,YZVM Ogrenci 3319,ogrenci3319@case.local,2.44,2023,approved,0
3320,5320,1,YZVM Ogrenci 3320,ogrenci3320@case.local,2.42,2024,approved,0
3321,5321,1,YZVM Ogrenci 3321,ogrenci3321@case.local,2.40,2023,approved,0
3322,5322,1,YZVM Ogrenci 3322,ogrenci3322@case.local,2.38,2024,approved,0
3323,5323,1,YZVM Ogrenci 3323,ogrenci3323@case.local,2.36,2023,approved,0
3324,5324,1,YZVM Ogrenci 3324,ogrenci3324@case.local,2.34,2024,approved,0
3325,5325,1,YZVM Ogrenci 3325,ogrenci3325@case.local,2.32,2023,approved,0
3326,5326,1,YZVM Ogrenci 3326,ogrenci3326@case.local,2.30,2024,approved,0
3327,5327,1,YZVM Ogrenci 3327,ogrenci3327@case.local,2.28,2023,approved,0
3328,5328,1,YZVM Ogrenci 3328,ogrenci3328@case.local,2.26,2024,approved,0
3329,5329,1,YZVM Ogrenci 3329,ogrenci3329@case.local,2.24,2023,approved,0
3330,5330,1,YZVM Ogrenci 3330,ogrenci3330@case.local,2.22,2024,approved,0
3331,5331,1,YZVM Ogrenci 3331,ogrenci3331@case.local,4.00,2023,approved,0
3332,5332,1,YZVM Ogrenci 3332,ogrenci3332@case.local,3.98,2024,approved,0
3333,5333,1,YZVM Ogrenci 3333,ogrenci3333@case.local,3.96,2023,approved,0
3334,5334,1,YZVM Ogrenci 3334,ogrenci3334@case.local,3.94,2024,approved,0
3335,5335,1,YZVM Ogrenci 3335,ogrenci3335@case.local,3.92,2023,approved,0
3336,5336,1,YZVM Ogrenci 3336,ogrenci3336@case.local,3.90,2024,approved,0
3337,5337,1,YZVM Ogrenci 3337,ogrenci3337@case.local,3.88,2023,approved,0
3338,5338,1,YZVM Ogrenci 3338,ogrenci3338@case.local,3.86,2024,approved,0
3339,5339,1,YZVM Ogrenci 3339,ogrenci3339@case.local,3.84,2023,approved,0
3340,5340,1,YZVM Ogrenci 3340,ogrenci3340@case.local,3.82,2024,approved,0
3341,5341,1,YZVM Ogrenci 3341,ogrenci3341@case.local,3.80,2023,approved,0
3342,5342,1,YZVM Ogrenci 3342,ogrenci3342@case.local,3.78,2024,approved,0
3343,5343,1,YZVM Ogrenci 3343,ogrenci3343@case.local,3.76,2023,approved,0
3344,5344,1,YZVM Ogrenci 3344,ogrenci3344@case.local,3.74,2024,approved,0
3345,5345,1,YZVM Ogrenci 3345,ogrenci3345@case.local,3.72,2023,approved,0
3346,5346,1,YZVM Ogrenci 3346,ogrenci3346@case.local,3.70,2024,approved,0
3347,5347,1,YZVM Ogrenci 3347,ogrenci3347@case.local,3.68,2023,approved,0
3348,5348,1,YZVM Ogrenci 3348,ogrenci3348@case.local,3.66,2024,approved,0
3349,5349,1,YZVM Ogrenci 3349,ogrenci3349@case.local,3.64,2023,approved,0
3350,5350,1,YZVM Ogrenci 3350,ogrenci3350@case.local,3.62,2024,approved,0
3351,5351,1,YZVM Ogrenci 3351,ogrenci3351@case.local,3.60,2023,approved,0
3352,5352,1,YZVM Ogrenci 3352,ogrenci3352@case.local,3.58,2024,approved,0
3353,5353,1,YZVM Ogrenci 3353,ogrenci3353@case.local,3.56,2023,approved,0
3354,5354,1,YZVM Ogrenci 3354,ogrenci3354@case.local,3.54,2024,approved,0
3355,5355,1,YZVM Ogrenci 3355,ogrenci3355@case.local,3.52,2023,approved,0
3356,5356,1,YZVM Ogrenci 3356,ogrenci3356@case.local,3.50,2024,approved,0
3357,5357,1,YZVM Ogrenci 3357,ogrenci3357@case.local,3.48,2023,approved,0
3358,5358,1,YZVM Ogrenci 3358,ogrenci3358@case.local,3.46,2024,approved,0
3359,5359,1,YZVM Ogrenci 3359,ogrenci3359@case.local,3.44,2023,approved,0
3360,5360,1,YZVM Ogrenci 3360,ogrenci3360@case.local,3.42,2024,approved,0
3361,5361,1,YZVM Ogrenci 3361,ogrenci3361@case.local,3.40,2023,approved,0
3362,5362,1,YZVM Ogrenci 3362,ogrenci3362@case.local,3.38,2024,approved,0
3363,5363,1,YZVM Ogrenci 3363,ogrenci3363@case.local,3.36,2023,approved,0
3364,5364,1,YZVM Ogrenci 3364,ogrenci3364@case.local,3.34,2024,approved,0
3365,5365,1,YZVM Ogrenci 3365,ogrenci3365@case.local,3.32,2023,approved,0
3366,5366,1,YZVM Ogrenci 3366,ogrenci3366@case.local,3.30,2024,approved,0
3367,5367,1,YZVM Ogrenci 3367,ogrenci3367@case.local,3.28,2023,approved,0
3368,5368,1,YZVM Ogrenci 3368,ogrenci3368@case.local,3.26,2024,approved,0
3369,5369,1,YZVM Ogrenci 3369,ogrenci3369@case.local,3.24,2023,approved,0
3370,5370,1,YZVM Ogrenci 3370,ogrenci3370@case.local,3.22,2024,approved,0
3371,5371,1,YZVM Ogrenci 3371,ogrenci3371@case.local,3.20,2023,approved,0
3372,5372,1,YZVM Ogrenci 3372,ogrenci3372@case.local,3.18,2024,approved,0
3373,5373,1,YZVM Ogrenci 3373,ogrenci3373@case.local,3.16,2023,approved,0
3374,5374,1,YZVM Ogrenci 3374,ogrenci3374@case.local,3.14,2024,approved,0
3375,5375,1,YZVM Ogrenci 3375,ogrenci3375@case.local,3.12,2023,approved,0
3376,5376,1,YZVM Ogrenci 3376,ogrenci3376@case.local,3.10,2024,approved,0
3377,5377,1,YZVM Ogrenci 3377,ogrenci3377@case.local,3.08,2023,approved,0
3378,5378,1,YZVM Ogrenci 3378,ogrenci3378@case.local,3.06,2024,approved,0
3379,5379,1,YZVM Ogrenci 3379,ogrenci3379@case.local,3.04,2023,approved,0
3380,5380,1,YZVM Ogrenci 3380,ogrenci3380@case.local,3.02,2024,approved,0
3381,5381,1,YZVM Ogrenci 3381,ogrenci3381@case.local,3.00,2023,approved,0
3382,5382,1,YZVM Ogrenci 3382,ogrenci3382@case.local,2.98,2024,approved,0
3383,5383,1,YZVM Ogrenci 3383,ogrenci3383@case.local,2.96,2023,approved,0
3384,5384,1,YZVM Ogrenci 3384,ogrenci3384@case.local,2.94,2024,approved,0
3385,5385,1,YZVM Ogrenci 3385,ogrenci3385@case.local,2.92,2023,approved,0
3386,5386,1,YZVM Ogrenci 3386,ogrenci3386@case.local,2.90,2024,approved,0
3387,5387,1,YZVM Ogrenci 3387,ogrenci3387@case.local,2.88,2023,approved,0
3388,5388,1,YZVM Ogrenci 3388,ogrenci3388@case.local,2.86,2024,approved,0
3389,5389,1,YZVM Ogrenci 3389,ogrenci3389@case.local,2.84,2023,approved,0
3390,5390,1,YZVM Ogrenci 3390,ogrenci3390@case.local,2.82,2024,approved,0
3391,5391,1,YZVM Ogrenci 3391,ogrenci3391@case.local,2.80,2023,approved,0
3392,5392,1,YZVM Ogrenci 3392,ogrenci3392@case.local,2.78,2024,approved,0
3393,5393,1,YZVM Ogrenci 3393,ogrenci3393@case.local,2.76,2023,approved,0
3394,5394,1,YZVM Ogrenci 3394,ogrenci3394@case.local,2.74,2024,approved,0
3395,5395,1,YZVM Ogrenci 3395,ogrenci3395@case.local,2.72,2023,approved,0
3396,5396,1,YZVM Ogrenci 3396,ogrenci3396@case.local,2.70,2024,approved,0
3397,5397,1,YZVM Ogrenci 3397,ogrenci3397@case.local,2.68,2023,approved,0
3398,5398,1,YZVM Ogrenci 3398,ogrenci3398@case.local,2.66,2024,approved,0
3399,5399,1,YZVM Ogrenci 3399,ogrenci3399@case.local,2.64,2023,approved,0
3400,5400,1,YZVM Ogrenci 3400,ogrenci3400@case.local,2.62,2024,approved,0
3401,5401,1,YZVM Ogrenci 3401,ogrenci3401@case.local,2.60,2023,approved,0
3402,5402,1,YZVM Ogrenci 3402,ogrenci3402@case.local,2.58,2024,approved,0
3403,5403,1,YZVM Ogrenci 3403,ogrenci3403@case.local,2.56,2023,approved,0
3404,5404,1,YZVM Ogrenci 3404,ogrenci3404@case.local,2.54,2024,approved,0
3405,5405,1,YZVM Ogrenci 3405,ogrenci3405@case.local,2.52,2023,approved,0
3406,5406,1,YZVM Ogrenci 3406,ogrenci3406@case.local,2.50,2024,approved,0
3407,5407,1,YZVM Ogrenci 3407,ogrenci3407@case.local,2.48,2023,approved,0
3408,5408,1,YZVM Ogrenci 3408,ogrenci3408@case.local,2.46,2024,approved,0
3409,5409,1,YZVM Ogrenci 3409,ogrenci3409@case.local,2.44,2023,approved,0
3410,5410,1,YZVM Ogrenci 3410,ogrenci3410@case.local,2.42,2024,approved,0
3411,5411,1,YZVM Ogrenci 3411,ogrenci3411@case.local,2.40,2023,approved,0
3412,5412,1,YZVM Ogrenci 3412,ogrenci3412@case.local,2.38,2024,approved,0
3413,5413,1,YZVM Ogrenci 3413,ogrenci3413@case.local,2.36,2023,approved,0
3414,5414,1,YZVM Ogrenci 3414,ogrenci3414@case.local,2.34,2024,approved,0
3415,5415,1,YZVM Ogrenci 3415,ogrenci3415@case.local,2.32,2023,approved,0
3416,5416,1,YZVM Ogrenci 3416,ogrenci3416@case.local,2.30,2024,approved,0
3417,5417,1,YZVM Ogrenci 3417,ogrenci3417@case.local,2.28,2023,approved,0
3418,5418,1,YZVM Ogrenci 3418,ogrenci3418@case.local,2.26,2024,approved,0
3419,5419,1,YZVM Ogrenci 3419,ogrenci3419@case.local,2.24,2023,approved,0
3420,5420,1,YZVM Ogrenci 3420,ogrenci3420@case.local,2.22,2024,approved,0
3421,5421,1,YZVM Ogrenci 3421,ogrenci3421@case.local,4.00,2023,approved,0
3422,5422,1,YZVM Ogrenci 3422,ogrenci3422@case.local,3.98,2024,approved,0
3423,5423,1,YZVM Ogrenci 3423,ogrenci3423@case.local,3.96,2023,approved,0
3424,5424,1,YZVM Ogrenci 3424,ogrenci3424@case.local,3.94,2024,approved,0
3425,5425,1,YZVM Ogrenci 3425,ogrenci3425@case.local,3.92,2023,approved,0
3426,5426,1,YZVM Ogrenci 3426,ogrenci3426@case.local,3.90,2024,approved,0
3427,5427,1,YZVM Ogrenci 3427,ogrenci3427@case.local,3.88,2023,approved,0
3428,5428,1,YZVM Ogrenci 3428,ogrenci3428@case.local,3.86,2024,approved,0
3429,5429,1,YZVM Ogrenci 3429,ogrenci3429@case.local,3.84,2023,approved,0
3430,5430,1,YZVM Ogrenci 3430,ogrenci3430@case.local,3.82,2024,approved,0
3431,5431,1,YZVM Ogrenci 3431,ogrenci3431@case.local,3.80,2023,approved,0
3432,5432,1,YZVM Ogrenci 3432,ogrenci3432@case.local,3.78,2024,approved,0
3433,5433,1,YZVM Ogrenci 3433,ogrenci3433@case.local,3.76,2023,approved,0
3434,5434,1,YZVM Ogrenci 3434,ogrenci3434@case.local,3.74,2024,approved,0
3435,5435,1,YZVM Ogrenci 3435,ogrenci3435@case.local,3.72,2023,approved,0
3436,5436,1,YZVM Ogrenci 3436,ogrenci3436@case.local,3.70,2024,approved,0
3437,5437,1,YZVM Ogrenci 3437,ogrenci3437@case.local,3.68,2023,approved,0
3438,5438,1,YZVM Ogrenci 3438,ogrenci3438@case.local,3.66,2024,approved,0
3439,5439,1,YZVM Ogrenci 3439,ogrenci3439@case.local,3.64,2023,approved,0
3440,5440,1,YZVM Ogrenci 3440,ogrenci3440@case.local,3.62,2024,approved,0
3441,5441,1,YZVM Ogrenci 3441,ogrenci3441@case.local,3.60,2023,approved,0
3442,5442,1,YZVM Ogrenci 3442,ogrenci3442@case.local,3.58,2024,approved,0
3443,5443,1,YZVM Ogrenci 3443,ogrenci3443@case.local,3.56,2023,approved,0
3444,5444,1,YZVM Ogrenci 3444,ogrenci3444@case.local,3.54,2024,approved,0
3445,5445,1,YZVM Ogrenci 3445,ogrenci3445@case.local,3.52,2023,approved,0
3446,5446,1,YZVM Ogrenci 3446,ogrenci3446@case.local,3.50,2024,approved,0
3447,5447,1,YZVM Ogrenci 3447,ogrenci3447@case.local,3.48,2023,approved,0
3448,5448,1,YZVM Ogrenci 3448,ogrenci3448@case.local,3.46,2024,approved,0
3449,5449,1,YZVM Ogrenci 3449,ogrenci3449@case.local,3.44,2023,approved,0
3450,5450,1,YZVM Ogrenci 3450,ogrenci3450@case.local,3.42,2024,approved,0
3451,5451,1,YZVM Ogrenci 3451,ogrenci3451@case.local,3.40,2023,approved,0
3452,5452,1,YZVM Ogrenci 3452,ogrenci3452@case.local,3.38,2024,approved,0
3453,5453,1,YZVM Ogrenci 3453,ogrenci3453@case.local,3.36,2023,approved,0
3454,5454,1,YZVM Ogrenci 3454,ogrenci3454@case.local,3.34,2024,approved,0
3455,5455,1,YZVM Ogrenci 3455,ogrenci3455@case.local,3.32,2023,approved,0
3456,5456,1,YZVM Ogrenci 3456,ogrenci3456@case.local,3.30,2024,approved,0
3457,5457,1,YZVM Ogrenci 3457,ogrenci3457@case.local,3.28,2023,approved,0
3458,5458,1,YZVM Ogrenci 3458,ogrenci3458@case.local,3.26,2024,approved,0
3459,5459,1,YZVM Ogrenci 3459,ogrenci3459@case.local,3.24,2023,approved,0
3460,5460,1,YZVM Ogrenci 3460,ogrenci3460@case.local,3.22,2024,approved,0
3461,5461,1,YZVM Ogrenci 3461,ogrenci3461@case.local,3.20,2023,approved,0
3462,5462,1,YZVM Ogrenci 3462,ogrenci3462@case.local,3.18,2024,approved,0
3463,5463,1,YZVM Ogrenci 3463,ogrenci3463@case.local,3.16,2023,approved,0
3464,5464,1,YZVM Ogrenci 3464,ogrenci3464@case.local,3.14,2024,approved,0
3465,5465,1,YZVM Ogrenci 3465,ogrenci3465@case.local,3.12,2023,approved,0
3466,5466,1,YZVM Ogrenci 3466,ogrenci3466@case.local,3.10,2024,approved,0
3467,5467,1,YZVM Ogrenci 3467,ogrenci3467@case.local,3.08,2023,approved,0
3468,5468,1,YZVM Ogrenci 3468,ogrenci3468@case.local,3.06,2024,approved,0
3469,5469,1,YZVM Ogrenci 3469,ogrenci3469@case.local,3.04,2023,approved,0
3470,5470,1,YZVM Ogrenci 3470,ogrenci3470@case.local,3.02,2024,approved,0
3471,5471,1,YZVM Ogrenci 3471,ogrenci3471@case.local,3.00,2023,approved,0
3472,5472,1,YZVM Ogrenci 3472,ogrenci3472@case.local,2.98,2024,approved,0
3473,5473,1,YZVM Ogrenci 3473,ogrenci3473@case.local,2.96,2023,approved,0
3474,5474,1,YZVM Ogrenci 3474,ogrenci3474@case.local,2.94,2024,approved,0
3475,5475,1,YZVM Ogrenci 3475,ogrenci3475@case.local,2.92,2023,approved,0
3476,5476,1,YZVM Ogrenci 3476,ogrenci3476@case.local,2.90,2024,approved,0
3477,5477,1,YZVM Ogrenci 3477,ogrenci3477@case.local,2.88,2023,approved,0
3478,5478,1,YZVM Ogrenci 3478,ogrenci3478@case.local,2.86,2024,approved,0
3479,5479,1,YZVM Ogrenci 3479,ogrenci3479@case.local,2.84,2023,approved,0
3480,5480,1,YZVM Ogrenci 3480,ogrenci3480@case.local,2.82,2024,approved,0
3481,5481,1,YZVM Ogrenci 3481,ogrenci3481@case.local,2.80,2023,approved,0
3482,5482,1,YZVM Ogrenci 3482,ogrenci3482@case.local,2.78,2024,approved,0
3483,5483,1,YZVM Ogrenci 3483,ogrenci3483@case.local,2.76,2023,approved,0
3484,5484,1,YZVM Ogrenci 3484,ogrenci3484@case.local,2.74,2024,approved,0
3485,5485,1,YZVM Ogrenci 3485,ogrenci3485@case.local,2.72,2023,approved,0
3486,5486,1,YZVM Ogrenci 3486,ogrenci3486@case.local,2.70,2024,approved,0
3487,5487,1,YZVM Ogrenci 3487,ogrenci3487@case.local,2.68,2023,approved,0
3488,5488,1,YZVM Ogrenci 3488,ogrenci3488@case.local,2.66,2024,approved,0
3489,5489,1,YZVM Ogrenci 3489,ogrenci3489@case.local,2.64,2023,approved,0
3490,5490,1,YZVM Ogrenci 3490,ogrenci3490@case.local,2.62,2024,approved,0
3491,5491,1,YZVM Ogrenci 3491,ogrenci3491@case.local,2.60,2023,approved,0
3492,5492,1,YZVM Ogrenci 3492,ogrenci3492@case.local,2.58,2024,approved,0
3493,5493,1,YZVM Ogrenci 3493,ogrenci3493@case.local,2.56,2023,approved,0
3494,5494,1,YZVM Ogrenci 3494,ogrenci3494@case.local,2.54,2024,approved,0
3495,5495,1,YZVM Ogrenci 3495,ogrenci3495@case.local,2.52,2023,approved,0
3496,5496,1,YZVM Ogrenci 3496,ogrenci3496@case.local,2.50,2024,approved,0
3497,5497,1,YZVM Ogrenci 3497,ogrenci3497@case.local,2.48,2023,approved,0
3498,5498,1,YZVM Ogrenci 3498,ogrenci3498@case.local,2.46,2024,approved,0
3499,5499,1,YZVM Ogrenci 3499,ogrenci3499@case.local,2.44,2023,approved,0
3500,5500,1,YZVM Ogrenci 3500,ogrenci3500@case.local,2.42,2024,approved,0
3501,5501,1,YZVM Ogrenci 3501,ogrenci3501@case.local,2.40,2023,approved,0
3502,5502,1,YZVM Ogrenci 3502,ogrenci3502@case.local,2.38,2024,approved,0
3503,5503,1,YZVM Ogrenci 3503,ogrenci3503@case.local,2.36,2023,approved,0
3504,5504,1,YZVM Ogrenci 3504,ogrenci3504@case.local,2.34,2024,approved,0
3505,5505,1,YZVM Ogrenci 3505,ogrenci3505@case.local,2.32,2023,approved,0
3506,5506,1,YZVM Ogrenci 3506,ogrenci3506@case.local,2.30,2024,approved,0
3507,5507,1,YZVM Ogrenci 3507,ogrenci3507@case.local,2.28,2023,approved,0
3508,5508,1,YZVM Ogrenci 3508,ogrenci3508@case.local,2.26,2024,approved,0
3509,5509,1,YZVM Ogrenci 3509,ogrenci3509@case.local,2.24,2023,approved,0
3510,5510,1,YZVM Ogrenci 3510,ogrenci3510@case.local,2.22,2024,approved,0
3511,5511,1,YZVM Ogrenci 3511,ogrenci3511@case.local,4.00,2023,approved,0
3512,5512,1,YZVM Ogrenci 3512,ogrenci3512@case.local,3.98,2024,approved,0
3513,5513,1,YZVM Ogrenci 3513,ogrenci3513@case.local,3.96,2023,approved,0
3514,5514,1,YZVM Ogrenci 3514,ogrenci3514@case.local,3.94,2024,approved,0
3515,5515,1,YZVM Ogrenci 3515,ogrenci3515@case.local,3.92,2023,approved,0
3516,5516,1,YZVM Ogrenci 3516,ogrenci3516@case.local,3.90,2024,approved,0
3517,5517,1,YZVM Ogrenci 3517,ogrenci3517@case.local,3.88,2023,approved,0
3518,5518,1,YZVM Ogrenci 3518,ogrenci3518@case.local,3.86,2024,approved,0
3519,5519,1,YZVM Ogrenci 3519,ogrenci3519@case.local,3.84,2023,approved,0
3520,5520,1,YZVM Ogrenci 3520,ogrenci3520@case.local,3.82,2024,approved,0
3521,5521,1,YZVM Ogrenci 3521,ogrenci3521@case.local,3.80,2023,approved,0
3522,5522,1,YZVM Ogrenci 3522,ogrenci3522@case.local,3.78,2024,approved,0
3523,5523,1,YZVM Ogrenci 3523,ogrenci3523@case.local,3.76,2023,approved,0
3524,5524,1,YZVM Ogrenci 3524,ogrenci3524@case.local,3.74,2024,approved,0
3525,5525,1,YZVM Ogrenci 3525,ogrenci3525@case.local,3.72,2023,approved,0
3526,5526,1,YZVM Ogrenci 3526,ogrenci3526@case.local,3.70,2024,approved,0
3527,5527,1,YZVM Ogrenci 3527,ogrenci3527@case.local,3.68,2023,approved,0
3528,5528,1,YZVM Ogrenci 3528,ogrenci3528@case.local,3.66,2024,approved,0
3529,5529,1,YZVM Ogrenci 3529,ogrenci3529@case.local,3.64,2023,approved,0
3530,5530,1,YZVM Ogrenci 3530,ogrenci3530@case.local,3.62,2024,approved,0
3531,5531,1,YZVM Ogrenci 3531,ogrenci3531@case.local,3.60,2023,approved,0
3532,5532,1,YZVM Ogrenci 3532,ogrenci3532@case.local,3.58,2024,approved,0
3533,5533,1,YZVM Ogrenci 3533,ogrenci3533@case.local,3.56,2023,approved,0
3534,5534,1,YZVM Ogrenci 3534,ogrenci3534@case.local,3.54,2024,approved,0
3535,5535,1,YZVM Ogrenci 3535,ogrenci3535@case.local,3.52,2023,approved,0
3536,5536,1,YZVM Ogrenci 3536,ogrenci3536@case.local,3.50,2024,approved,0
3537,5537,1,YZVM Ogrenci 3537,ogrenci3537@case.local,3.48,2023,approved,0
3538,5538,1,YZVM Ogrenci 3538,ogrenci3538@case.local,3.46,2024,approved,0
3539,5539,1,YZVM Ogrenci 3539,ogrenci3539@case.local,3.44,2023,approved,0
3540,5540,1,YZVM Ogrenci 3540,ogrenci3540@case.local,3.42,2024,approved,0
3541,5541,1,YZVM Ogrenci 3541,ogrenci3541@case.local,3.40,2023,approved,0
3542,5542,1,YZVM Ogrenci 3542,ogrenci3542@case.local,3.38,2024,approved,0
3543,5543,1,YZVM Ogrenci 3543,ogrenci3543@case.local,3.36,2023,approved,0
3544,5544,1,YZVM Ogrenci 3544,ogrenci3544@case.local,3.34,2024,approved,0
3545,5545,1,YZVM Ogrenci 3545,ogrenci3545@case.local,3.32,2023,approved,0
3546,5546,1,YZVM Ogrenci 3546,ogrenci3546@case.local,3.30,2024,approved,0
3547,5547,1,YZVM Ogrenci 3547,ogrenci3547@case.local,3.28,2023,approved,0
3548,5548,1,YZVM Ogrenci 3548,ogrenci3548@case.local,3.26,2024,approved,0
3549,5549,1,YZVM Ogrenci 3549,ogrenci3549@case.local,3.24,2023,approved,0
3550,5550,1,YZVM Ogrenci 3550,ogrenci3550@case.local,3.22,2024,approved,0
3551,5551,1,YZVM Ogrenci 3551,ogrenci3551@case.local,3.20,2023,approved,0
3552,5552,1,YZVM Ogrenci 3552,ogrenci3552@case.local,3.18,2024,approved,0
3553,5553,1,YZVM Ogrenci 3553,ogrenci3553@case.local,3.16,2023,approved,0
3554,5554,1,YZVM Ogrenci 3554,ogrenci3554@case.local,3.14,2024,approved,0
3555,5555,1,YZVM Ogrenci 3555,ogrenci3555@case.local,3.12,2023,approved,0
3556,5556,1,YZVM Ogrenci 3556,ogrenci3556@case.local,3.10,2024,approved,0
3557,5557,1,YZVM Ogrenci 3557,ogrenci3557@case.local,3.08,2023,approved,0
3558,5558,1,YZVM Ogrenci 3558,ogrenci3558@case.local,3.06,2024,approved,0
3559,5559,1,YZVM Ogrenci 3559,ogrenci3559@case.local,3.04,2023,approved,0
3560,5560,1,YZVM Ogrenci 3560,ogrenci3560@case.local,3.02,2024,approved,0
3561,5561,1,YZVM Ogrenci 3561,ogrenci3561@case.local,3.00,2023,approved,0
3562,5562,1,YZVM Ogrenci 3562,ogrenci3562@case.local,2.98,2024,approved,0
3563,5563,1,YZVM Ogrenci 3563,ogrenci3563@case.local,2.96,2023,approved,0
3564,5564,1,YZVM Ogrenci 3564,ogrenci3564@case.local,2.94,2024,approved,0
3565,5565,1,YZVM Ogrenci 3565,ogrenci3565@case.local,2.92,2023,approved,0
3566,5566,1,YZVM Ogrenci 3566,ogrenci3566@case.local,2.90,2024,approved,0
3567,5567,1,YZVM Ogrenci 3567,ogrenci3567@case.local,2.88,2023,approved,0
3568,5568,1,YZVM Ogrenci 3568,ogrenci3568@case.local,2.86,2024,approved,0
3569,5569,1,YZVM Ogrenci 3569,ogrenci3569@case.local,2.84,2023,approved,0
3570,5570,1,YZVM Ogrenci 3570,ogrenci3570@case.local,2.82,2024,approved,0
3571,5571,1,YZVM Ogrenci 3571,ogrenci3571@case.local,2.80,2023,approved,0
3572,5572,1,YZVM Ogrenci 3572,ogrenci3572@case.local,2.78,2024,approved,0
3573,5573,1,YZVM Ogrenci 3573,ogrenci3573@case.local,2.76,2023,approved,0
3574,5574,1,YZVM Ogrenci 3574,ogrenci3574@case.local,2.74,2024,approved,0
3575,5575,1,YZVM Ogrenci 3575,ogrenci3575@case.local,2.72,2023,approved,0
3576,5576,1,YZVM Ogrenci 3576,ogrenci3576@case.local,2.70,2024,approved,0
3577,5577,1,YZVM Ogrenci 3577,ogrenci3577@case.local,2.68,2023,approved,0
3578,5578,1,YZVM Ogrenci 3578,ogrenci3578@case.local,2.66,2024,approved,0
3579,5579,1,YZVM Ogrenci 3579,ogrenci3579@case.local,2.64,2023,approved,0
3580,5580,1,YZVM Ogrenci 3580,ogrenci3580@case.local,2.62,2024,approved,0
3581,5581,1,YZVM Ogrenci 3581,ogrenci3581@case.local,2.60,2023,approved,0
3582,5582,1,YZVM Ogrenci 3582,ogrenci3582@case.local,2.58,2024,approved,0
3583,5583,1,YZVM Ogrenci 3583,ogrenci3583@case.local,2.56,2023,approved,0
3584,5584,1,YZVM Ogrenci 3584,ogrenci3584@case.local,2.54,2024,approved,0
3585,5585,1,YZVM Ogrenci 3585,ogrenci3585@case.local,2.52,2023,approved,0
3586,5586,1,YZVM Ogrenci 3586,ogrenci3586@case.local,2.50,2024,approved,0
3587,5587,1,YZVM Ogrenci 3587,ogrenci3587@case.local,2.48,2023,approved,0
3588,5588,1,YZVM Ogrenci 3588,ogrenci3588@case.local,2.46,2024,approved,0
3589,5589,1,YZVM Ogrenci 3589,ogrenci3589@case.local,2.44,2023,approved,0
3590,5590,1,YZVM Ogrenci 3590,ogrenci3590@case.local,2.42,2024,approved,0
3591,5591,1,YZVM Ogrenci 3591,ogrenci3591@case.local,2.40,2023,approved,0
3592,5592,1,YZVM Ogrenci 3592,ogrenci3592@case.local,2.38,2024,approved,0
3593,5593,1,YZVM Ogrenci 3593,ogrenci3593@case.local,2.36,2023,approved,0
3594,5594,1,YZVM Ogrenci 3594,ogrenci3594@case.local,2.34,2024,approved,0
3595,5595,1,YZVM Ogrenci 3595,ogrenci3595@case.local,2.32,2023,approved,0
3596,5596,1,YZVM Ogrenci 3596,ogrenci3596@case.local,2.30,2024,approved,0
3597,5597,1,YZVM Ogrenci 3597,ogrenci3597@case.local,2.28,2023,approved,0
3598,5598,1,YZVM Ogrenci 3598,ogrenci3598@case.local,2.26,2024,approved,0
3599,5599,1,YZVM Ogrenci 3599,ogrenci3599@case.local,2.24,2023,approved,0
3600,5600,1,YZVM Ogrenci 3600,ogrenci3600@case.local,2.22,2024,approved,0
3601,5601,1,YZVM Ogrenci 3601,ogrenci3601@case.local,4.00,2023,approved,0
3602,5602,1,YZVM Ogrenci 3602,ogrenci3602@case.local,3.98,2024,approved,0
3603,5603,1,YZVM Ogrenci 3603,ogrenci3603@case.local,3.96,2023,approved,0
3604,5604,1,YZVM Ogrenci 3604,ogrenci3604@case.local,3.94,2024,approved,0
3605,5605,1,YZVM Ogrenci 3605,ogrenci3605@case.local,3.92,2023,approved,0
3606,5606,1,YZVM Ogrenci 3606,ogrenci3606@case.local,3.90,2024,approved,0
3607,5607,1,YZVM Ogrenci 3607,ogrenci3607@case.local,3.88,2023,approved,0
3608,5608,1,YZVM Ogrenci 3608,ogrenci3608@case.local,3.86,2024,approved,0
3609,5609,1,YZVM Ogrenci 3609,ogrenci3609@case.local,3.84,2023,approved,0
3610,5610,1,YZVM Ogrenci 3610,ogrenci3610@case.local,3.82,2024,approved,0
3611,5611,1,YZVM Ogrenci 3611,ogrenci3611@case.local,3.80,2023,approved,0
3612,5612,1,YZVM Ogrenci 3612,ogrenci3612@case.local,3.78,2024,approved,0
3613,5613,1,YZVM Ogrenci 3613,ogrenci3613@case.local,3.76,2023,approved,0
3614,5614,1,YZVM Ogrenci 3614,ogrenci3614@case.local,3.74,2024,approved,0
3615,5615,1,YZVM Ogrenci 3615,ogrenci3615@case.local,3.72,2023,approved,0
3616,5616,1,YZVM Ogrenci 3616,ogrenci3616@case.local,3.70,2024,approved,0
3617,5617,1,YZVM Ogrenci 3617,ogrenci3617@case.local,3.68,2023,approved,0
3618,5618,1,YZVM Ogrenci 3618,ogrenci3618@case.local,3.66,2024,approved,0
3619,5619,1,YZVM Ogrenci 3619,ogrenci3619@case.local,3.64,2023,approved,0
3620,5620,1,YZVM Ogrenci 3620,ogrenci3620@case.local,3.62,2024,approved,0
3621,5621,1,YZVM Ogrenci 3621,ogrenci3621@case.local,3.60,2023,approved,0
3622,5622,1,YZVM Ogrenci 3622,ogrenci3622@case.local,3.58,2024,approved,0
3623,5623,1,YZVM Ogrenci 3623,ogrenci3623@case.local,3.56,2023,approved,0
3624,5624,1,YZVM Ogrenci 3624,ogrenci3624@case.local,3.54,2024,approved,0
3625,5625,1,YZVM Ogrenci 3625,ogrenci3625@case.local,3.52,2023,approved,0
3626,5626,1,YZVM Ogrenci 3626,ogrenci3626@case.local,3.50,2024,approved,0
3627,5627,1,YZVM Ogrenci 3627,ogrenci3627@case.local,3.48,2023,approved,0
3628,5628,1,YZVM Ogrenci 3628,ogrenci3628@case.local,3.46,2024,approved,0
3629,5629,1,YZVM Ogrenci 3629,ogrenci3629@case.local,3.44,2023,approved,0
3630,5630,1,YZVM Ogrenci 3630,ogrenci3630@case.local,3.42,2024,approved,0
3631,5631,1,YZVM Ogrenci 3631,ogrenci3631@case.local,3.40,2023,approved,0
3632,5632,1,YZVM Ogrenci 3632,ogrenci3632@case.local,3.38,2024,approved,0
3633,5633,1,YZVM Ogrenci 3633,ogrenci3633@case.local,3.36,2023,approved,0
3634,5634,1,YZVM Ogrenci 3634,ogrenci3634@case.local,3.34,2024,approved,0
3635,5635,1,YZVM Ogrenci 3635,ogrenci3635@case.local,3.32,2023,approved,0
3636,5636,1,YZVM Ogrenci 3636,ogrenci3636@case.local,3.30,2024,approved,0
3637,5637,1,YZVM Ogrenci 3637,ogrenci3637@case.local,3.28,2023,approved,0
3638,5638,1,YZVM Ogrenci 3638,ogrenci3638@case.local,3.26,2024,approved,0
3639,5639,1,YZVM Ogrenci 3639,ogrenci3639@case.local,3.24,2023,approved,0
3640,5640,1,YZVM Ogrenci 3640,ogrenci3640@case.local,3.22,2024,approved,0
3641,5641,1,YZVM Ogrenci 3641,ogrenci3641@case.local,3.20,2023,approved,0
3642,5642,1,YZVM Ogrenci 3642,ogrenci3642@case.local,3.18,2024,approved,0
3643,5643,1,YZVM Ogrenci 3643,ogrenci3643@case.local,3.16,2023,approved,0
3644,5644,1,YZVM Ogrenci 3644,ogrenci3644@case.local,3.14,2024,approved,0
3645,5645,1,YZVM Ogrenci 3645,ogrenci3645@case.local,3.12,2023,approved,0
3646,5646,1,YZVM Ogrenci 3646,ogrenci3646@case.local,3.10,2024,approved,0
3647,5647,1,YZVM Ogrenci 3647,ogrenci3647@case.local,3.08,2023,approved,0
3648,5648,1,YZVM Ogrenci 3648,ogrenci3648@case.local,3.06,2024,approved,0
3649,5649,1,YZVM Ogrenci 3649,ogrenci3649@case.local,3.04,2023,approved,0
3650,5650,1,YZVM Ogrenci 3650,ogrenci3650@case.local,3.02,2024,approved,0
3651,5651,1,YZVM Ogrenci 3651,ogrenci3651@case.local,3.00,2023,approved,0
3652,5652,1,YZVM Ogrenci 3652,ogrenci3652@case.local,2.98,2024,approved,0
3653,5653,1,YZVM Ogrenci 3653,ogrenci3653@case.local,2.96,2023,approved,0
3654,5654,1,YZVM Ogrenci 3654,ogrenci3654@case.local,2.94,2024,approved,0
3655,5655,1,YZVM Ogrenci 3655,ogrenci3655@case.local,2.92,2023,approved,0
3656,5656,1,YZVM Ogrenci 3656,ogrenci3656@case.local,2.90,2024,approved,0
3657,5657,1,YZVM Ogrenci 3657,ogrenci3657@case.local,2.88,2023,approved,0
3658,5658,1,YZVM Ogrenci 3658,ogrenci3658@case.local,2.86,2024,approved,0
3659,5659,1,YZVM Ogrenci 3659,ogrenci3659@case.local,2.84,2023,approved,0
3660,5660,1,YZVM Ogrenci 3660,ogrenci3660@case.local,2.82,2024,approved,0
3661,5661,1,YZVM Ogrenci 3661,ogrenci3661@case.local,2.80,2023,approved,0
3662,5662,1,YZVM Ogrenci 3662,ogrenci3662@case.local,2.78,2024,approved,0
3663,5663,1,YZVM Ogrenci 3663,ogrenci3663@case.local,2.76,2023,approved,0
3664,5664,1,YZVM Ogrenci 3664,ogrenci3664@case.local,2.74,2024,approved,0
3665,5665,1,YZVM Ogrenci 3665,ogrenci3665@case.local,2.72,2023,approved,0
3666,5666,1,YZVM Ogrenci 3666,ogrenci3666@case.local,2.70,2024,approved,0
3667,5667,1,YZVM Ogrenci 3667,ogrenci3667@case.local,2.68,2023,approved,0
3668,5668,1,YZVM Ogrenci 3668,ogrenci3668@case.local,2.66,2024,approved,0
3669,5669,1,YZVM Ogrenci 3669,ogrenci3669@case.local,2.64,2023,approved,0
3670,5670,1,YZVM Ogrenci 3670,ogrenci3670@case.local,2.62,2024,approved,0
3671,5671,1,YZVM Ogrenci 3671,ogrenci3671@case.local,2.60,2023,approved,0
3672,5672,1,YZVM Ogrenci 3672,ogrenci3672@case.local,2.58,2024,approved,0
3673,5673,1,YZVM Ogrenci 3673,ogrenci3673@case.local,2.56,2023,approved,0
3674,5674,1,YZVM Ogrenci 3674,ogrenci3674@case.local,2.54,2024,approved,0
3675,5675,1,YZVM Ogrenci 3675,ogrenci3675@case.local,2.52,2023,approved,0
3676,5676,1,YZVM Ogrenci 3676,ogrenci3676@case.local,2.50,2024,approved,0
3677,5677,1,YZVM Ogrenci 3677,ogrenci3677@case.local,2.48,2023,approved,0
3678,5678,1,YZVM Ogrenci 3678,ogrenci3678@case.local,2.46,2024,approved,0
3679,5679,1,YZVM Ogrenci 3679,ogrenci3679@case.local,2.44,2023,approved,0
3680,5680,1,YZVM Ogrenci 3680,ogrenci3680@case.local,2.42,2024,approved,0
3681,5681,1,YZVM Ogrenci 3681,ogrenci3681@case.local,2.40,2023,approved,0
3682,5682,1,YZVM Ogrenci 3682,ogrenci3682@case.local,2.38,2024,approved,0
3683,5683,1,YZVM Ogrenci 3683,ogrenci3683@case.local,2.36,2023,approved,0
3684,5684,1,YZVM Ogrenci 3684,ogrenci3684@case.local,2.34,2024,approved,0
3685,5685,1,YZVM Ogrenci 3685,ogrenci3685@case.local,2.32,2023,approved,0
3686,5686,1,YZVM Ogrenci 3686,ogrenci3686@case.local,2.30,2024,approved,0
3687,5687,1,YZVM Ogrenci 3687,ogrenci3687@case.local,2.28,2023,approved,0
3688,5688,1,YZVM Ogrenci 3688,ogrenci3688@case.local,2.26,2024,approved,0
3689,5689,1,YZVM Ogrenci 3689,ogrenci3689@case.local,2.24,2023,approved,0
3690,5690,1,YZVM Ogrenci 3690,ogrenci3690@case.local,2.22,2024,approved,0
3691,5691,1,YZVM Ogrenci 3691,ogrenci3691@case.local,4.00,2023,approved,0
3692,5692,1,YZVM Ogrenci 3692,ogrenci3692@case.local,3.98,2024,approved,0
3693,5693,1,YZVM Ogrenci 3693,ogrenci3693@case.local,3.96,2023,approved,0
3694,5694,1,YZVM Ogrenci 3694,ogrenci3694@case.local,3.94,2024,approved,0
3695,5695,1,YZVM Ogrenci 3695,ogrenci3695@case.local,3.92,2023,approved,0
3696,5696,1,YZVM Ogrenci 3696,ogrenci3696@case.local,3.90,2024,approved,0
3697,5697,1,YZVM Ogrenci 3697,ogrenci3697@case.local,3.88,2023,approved,0
3698,5698,1,YZVM Ogrenci 3698,ogrenci3698@case.local,3.86,2024,approved,0
3699,5699,1,YZVM Ogrenci 3699,ogrenci3699@case.local,3.84,2023,approved,0
3700,5700,1,YZVM Ogrenci 3700,ogrenci3700@case.local,3.82,2024,approved,0
3701,5701,1,YZVM Ogrenci 3701,ogrenci3701@case.local,3.80,2023,approved,0
3702,5702,1,YZVM Ogrenci 3702,ogrenci3702@case.local,3.78,2024,approved,0
3703,5703,1,YZVM Ogrenci 3703,ogrenci3703@case.local,3.76,2023,approved,0
3704,5704,1,YZVM Ogrenci 3704,ogrenci3704@case.local,3.74,2024,approved,0
3705,5705,1,YZVM Ogrenci 3705,ogrenci3705@case.local,3.72,2023,approved,0
3706,5706,1,YZVM Ogrenci 3706,ogrenci3706@case.local,3.70,2024,approved,0
3707,5707,1,YZVM Ogrenci 3707,ogrenci3707@case.local,3.68,2023,approved,0
3708,5708,1,YZVM Ogrenci 3708,ogrenci3708@case.local,3.66,2024,approved,0
3709,5709,1,YZVM Ogrenci 3709,ogrenci3709@case.local,3.64,2023,approved,0
3710,5710,1,YZVM Ogrenci 3710,ogrenci3710@case.local,3.62,2024,approved,0
3711,5711,1,YZVM Ogrenci 3711,ogrenci3711@case.local,3.60,2023,approved,0
3712,5712,1,YZVM Ogrenci 3712,ogrenci3712@case.local,3.58,2024,approved,0
3713,5713,1,YZVM Ogrenci 3713,ogrenci3713@case.local,3.56,2023,approved,0
3714,5714,1,YZVM Ogrenci 3714,ogrenci3714@case.local,3.54,2024,approved,0
3715,5715,1,YZVM Ogrenci 3715,ogrenci3715@case.local,3.52,2023,approved,0
3716,5716,1,YZVM Ogrenci 3716,ogrenci3716@case.local,3.50,2024,approved,0
3717,5717,1,YZVM Ogrenci 3717,ogrenci3717@case.local,3.48,2023,approved,0
3718,5718,1,YZVM Ogrenci 3718,ogrenci3718@case.local,3.46,2024,approved,0
3719,5719,1,YZVM Ogrenci 3719,ogrenci3719@case.local,3.44,2023,approved,0
3720,5720,1,YZVM Ogrenci 3720,ogrenci3720@case.local,3.42,2024,approved,0
3721,5721,1,YZVM Ogrenci 3721,ogrenci3721@case.local,3.40,2023,approved,0
3722,5722,1,YZVM Ogrenci 3722,ogrenci3722@case.local,3.38,2024,approved,0
3723,5723,1,YZVM Ogrenci 3723,ogrenci3723@case.local,3.36,2023,approved,0
3724,5724,1,YZVM Ogrenci 3724,ogrenci3724@case.local,3.34,2024,approved,0
3725,5725,1,YZVM Ogrenci 3725,ogrenci3725@case.local,3.32,2023,approved,0
3726,5726,1,YZVM Ogrenci 3726,ogrenci3726@case.local,3.30,2024,approved,0
3727,5727,1,YZVM Ogrenci 3727,ogrenci3727@case.local,3.28,2023,approved,0
3728,5728,1,YZVM Ogrenci 3728,ogrenci3728@case.local,3.26,2024,approved,0
3729,5729,1,YZVM Ogrenci 3729,ogrenci3729@case.local,3.24,2023,approved,0
3730,5730,1,YZVM Ogrenci 3730,ogrenci3730@case.local,3.22,2024,approved,0
3731,5731,1,YZVM Ogrenci 3731,ogrenci3731@case.local,3.20,2023,approved,0
3732,5732,1,YZVM Ogrenci 3732,ogrenci3732@case.local,3.18,2024,approved,0
3733,5733,1,YZVM Ogrenci 3733,ogrenci3733@case.local,3.16,2023,approved,0
3734,5734,1,YZVM Ogrenci 3734,ogrenci3734@case.local,3.14,2024,approved,0
3735,5735,1,YZVM Ogrenci 3735,ogrenci3735@case.local,3.12,2023,approved,0
3736,5736,1,YZVM Ogrenci 3736,ogrenci3736@case.local,3.10,2024,approved,0
3737,5737,1,YZVM Ogrenci 3737,ogrenci3737@case.local,3.08,2023,approved,0
3738,5738,1,YZVM Ogrenci 3738,ogrenci3738@case.local,3.06,2024,approved,0
3739,5739,1,YZVM Ogrenci 3739,ogrenci3739@case.local,3.04,2023,approved,0
3740,5740,1,YZVM Ogrenci 3740,ogrenci3740@case.local,3.02,2024,approved,0
3741,5741,1,YZVM Ogrenci 3741,ogrenci3741@case.local,3.00,2023,approved,0
3742,5742,1,YZVM Ogrenci 3742,ogrenci3742@case.local,2.98,2024,approved,0
3743,5743,1,YZVM Ogrenci 3743,ogrenci3743@case.local,2.96,2023,approved,0
3744,5744,1,YZVM Ogrenci 3744,ogrenci3744@case.local,2.94,2024,approved,0
3745,5745,1,YZVM Ogrenci 3745,ogrenci3745@case.local,2.92,2023,approved,0
3746,5746,1,YZVM Ogrenci 3746,ogrenci3746@case.local,2.90,2024,approved,0
3747,5747,1,YZVM Ogrenci 3747,ogrenci3747@case.local,2.88,2023,approved,0
3748,5748,1,YZVM Ogrenci 3748,ogrenci3748@case.local,2.86,2024,approved,0
3749,5749,1,YZVM Ogrenci 3749,ogrenci3749@case.local,2.84,2023,approved,0
3750,5750,1,YZVM Ogrenci 3750,ogrenci3750@case.local,2.82,2024,approved,0
3751,5751,1,YZVM Ogrenci 3751,ogrenci3751@case.local,2.80,2023,approved,0
3752,5752,1,YZVM Ogrenci 3752,ogrenci3752@case.local,2.78,2024,approved,0
3753,5753,1,YZVM Ogrenci 3753,ogrenci3753@case.local,2.76,2023,approved,0
3754,5754,1,YZVM Ogrenci 3754,ogrenci3754@case.local,2.74,2024,approved,0
3755,5755,1,YZVM Ogrenci 3755,ogrenci3755@case.local,2.72,2023,approved,0
3756,5756,1,YZVM Ogrenci 3756,ogrenci3756@case.local,2.70,2024,approved,0
3757,5757,1,YZVM Ogrenci 3757,ogrenci3757@case.local,2.68,2023,approved,0
3758,5758,1,YZVM Ogrenci 3758,ogrenci3758@case.local,2.66,2024,approved,0
3759,5759,1,YZVM Ogrenci 3759,ogrenci3759@case.local,2.64,2023,approved,0
3760,5760,1,YZVM Ogrenci 3760,ogrenci3760@case.local,2.62,2024,approved,0
3761,5761,1,YZVM Ogrenci 3761,ogrenci3761@case.local,2.60,2023,approved,0
3762,5762,1,YZVM Ogrenci 3762,ogrenci3762@case.local,2.58,2024,approved,0
3763,5763,1,YZVM Ogrenci 3763,ogrenci3763@case.local,2.56,2023,approved,0
3764,5764,1,YZVM Ogrenci 3764,ogrenci3764@case.local,2.54,2024,approved,0
3765,5765,1,YZVM Ogrenci 3765,ogrenci3765@case.local,2.52,2023,approved,0
3766,5766,1,YZVM Ogrenci 3766,ogrenci3766@case.local,2.50,2024,approved,0
3767,5767,1,YZVM Ogrenci 3767,ogrenci3767@case.local,2.48,2023,approved,0
3768,5768,1,YZVM Ogrenci 3768,ogrenci3768@case.local,2.46,2024,approved,0
3769,5769,1,YZVM Ogrenci 3769,ogrenci3769@case.local,2.44,2023,approved,0
3770,5770,1,YZVM Ogrenci 3770,ogrenci3770@case.local,2.42,2024,approved,0
3771,5771,1,YZVM Ogrenci 3771,ogrenci3771@case.local,2.40,2023,approved,0
3772,5772,1,YZVM Ogrenci 3772,ogrenci3772@case.local,2.38,2024,approved,0
3773,5773,1,YZVM Ogrenci 3773,ogrenci3773@case.local,2.36,2023,approved,0
3774,5774,1,YZVM Ogrenci 3774,ogrenci3774@case.local,2.34,2024,approved,0
3775,5775,1,YZVM Ogrenci 3775,ogrenci3775@case.local,2.32,2023,approved,0
3776,5776,1,YZVM Ogrenci 3776,ogrenci3776@case.local,2.30,2024,approved,0
3777,5777,1,YZVM Ogrenci 3777,ogrenci3777@case.local,2.28,2023,approved,0
3778,5778,1,YZVM Ogrenci 3778,ogrenci3778@case.local,2.26,2024,approved,0
3779,5779,1,YZVM Ogrenci 3779,ogrenci3779@case.local,2.24,2023,approved,0
3780,5780,1,YZVM Ogrenci 3780,ogrenci3780@case.local,2.22,2024,approved,0
3781,5781,1,YZVM Ogrenci 3781,ogrenci3781@case.local,4.00,2023,approved,0
3782,5782,1,YZVM Ogrenci 3782,ogrenci3782@case.local,3.98,2024,approved,0
3783,5783,1,YZVM Ogrenci 3783,ogrenci3783@case.local,3.96,2023,approved,0
3784,5784,1,YZVM Ogrenci 3784,ogrenci3784@case.local,3.94,2024,approved,0
3785,5785,1,YZVM Ogrenci 3785,ogrenci3785@case.local,3.92,2023,approved,0
3786,5786,1,YZVM Ogrenci 3786,ogrenci3786@case.local,3.90,2024,approved,0
3787,5787,1,YZVM Ogrenci 3787,ogrenci3787@case.local,3.88,2023,approved,0
3788,5788,1,YZVM Ogrenci 3788,ogrenci3788@case.local,3.86,2024,approved,0
3789,5789,1,YZVM Ogrenci 3789,ogrenci3789@case.local,3.84,2023,approved,0
3790,5790,1,YZVM Ogrenci 3790,ogrenci3790@case.local,3.82,2024,approved,0
3791,5791,1,YZVM Ogrenci 3791,ogrenci3791@case.local,3.80,2023,approved,0
3792,5792,1,YZVM Ogrenci 3792,ogrenci3792@case.local,3.78,2024,approved,0
3793,5793,1,YZVM Ogrenci 3793,ogrenci3793@case.local,3.76,2023,approved,0
3794,5794,1,YZVM Ogrenci 3794,ogrenci3794@case.local,3.74,2024,approved,0
3795,5795,1,YZVM Ogrenci 3795,ogrenci3795@case.local,3.72,2023,approved,0
3796,5796,1,YZVM Ogrenci 3796,ogrenci3796@case.local,3.70,2024,approved,0
3797,5797,1,YZVM Ogrenci 3797,ogrenci3797@case.local,3.68,2023,approved,0
3798,5798,1,YZVM Ogrenci 3798,ogrenci3798@case.local,3.66,2024,approved,0
3799,5799,1,YZVM Ogrenci 3799,ogrenci3799@case.local,3.64,2023,approved,0
3800,5800,1,YZVM Ogrenci 3800,ogrenci3800@case.local,3.62,2024,approved,0
3801,5801,1,YZVM Ogrenci 3801,ogrenci3801@case.local,3.60,2023,approved,0
3802,5802,1,YZVM Ogrenci 3802,ogrenci3802@case.local,3.58,2024,approved,0
3803,5803,1,YZVM Ogrenci 3803,ogrenci3803@case.local,3.56,2023,approved,0
3804,5804,1,YZVM Ogrenci 3804,ogrenci3804@case.local,3.54,2024,approved,0
3805,5805,1,YZVM Ogrenci 3805,ogrenci3805@case.local,3.52,2023,approved,0
3806,5806,1,YZVM Ogrenci 3806,ogrenci3806@case.local,3.50,2024,approved,0
3807,5807,1,YZVM Ogrenci 3807,ogrenci3807@case.local,3.48,2023,approved,0
3808,5808,1,YZVM Ogrenci 3808,ogrenci3808@case.local,3.46,2024,approved,0
3809,5809,1,YZVM Ogrenci 3809,ogrenci3809@case.local,3.44,2023,approved,0
3810,5810,1,YZVM Ogrenci 3810,ogrenci3810@case.local,3.42,2024,approved,0
3811,5811,1,YZVM Ogrenci 3811,ogrenci3811@case.local,3.40,2023,approved,0
3812,5812,1,YZVM Ogrenci 3812,ogrenci3812@case.local,3.38,2024,approved,0
3813,5813,1,YZVM Ogrenci 3813,ogrenci3813@case.local,3.36,2023,approved,0
3814,5814,1,YZVM Ogrenci 3814,ogrenci3814@case.local,3.34,2024,approved,0
3815,5815,1,YZVM Ogrenci 3815,ogrenci3815@case.local,3.32,2023,approved,0
3816,5816,1,YZVM Ogrenci 3816,ogrenci3816@case.local,3.30,2024,approved,0
3817,5817,1,YZVM Ogrenci 3817,ogrenci3817@case.local,3.28,2023,approved,0
3818,5818,1,YZVM Ogrenci 3818,ogrenci3818@case.local,3.26,2024,approved,0
3819,5819,1,YZVM Ogrenci 3819,ogrenci3819@case.local,3.24,2023,approved,0
3820,5820,1,YZVM Ogrenci 3820,ogrenci3820@case.local,3.22,2024,approved,0
3821,5821,1,YZVM Ogrenci 3821,ogrenci3821@case.local,3.20,2023,approved,0
3822,5822,1,YZVM Ogrenci 3822,ogrenci3822@case.local,3.18,2024,approved,0
3823,5823,1,YZVM Ogrenci 3823,ogrenci3823@case.local,3.16,2023,approved,0
3824,5824,1,YZVM Ogrenci 3824,ogrenci3824@case.local,3.14,2024,approved,0
3825,5825,1,YZVM Ogrenci 3825,ogrenci3825@case.local,3.12,2023,approved,0
3826,5826,1,YZVM Ogrenci 3826,ogrenci3826@case.local,3.10,2024,approved,0
3827,5827,1,YZVM Ogrenci 3827,ogrenci3827@case.local,3.08,2023,approved,0
3828,5828,1,YZVM Ogrenci 3828,ogrenci3828@case.local,3.06,2024,approved,0
3829,5829,1,YZVM Ogrenci 3829,ogrenci3829@case.local,3.04,2023,approved,0
3830,5830,1,YZVM Ogrenci 3830,ogrenci3830@case.local,3.02,2024,approved,0
3831,5831,1,YZVM Ogrenci 3831,ogrenci3831@case.local,3.00,2023,approved,0
3832,5832,1,YZVM Ogrenci 3832,ogrenci3832@case.local,2.98,2024,approved,0
3833,5833,1,YZVM Ogrenci 3833,ogrenci3833@case.local,2.96,2023,approved,0
3834,5834,1,YZVM Ogrenci 3834,ogrenci3834@case.local,2.94,2024,approved,0
3835,5835,1,YZVM Ogrenci 3835,ogrenci3835@case.local,2.92,2023,approved,0
3836,5836,1,YZVM Ogrenci 3836,ogrenci3836@case.local,2.90,2024,approved,0
3837,5837,1,YZVM Ogrenci 3837,ogrenci3837@case.local,2.88,2023,approved,0
3838,5838,1,YZVM Ogrenci 3838,ogrenci3838@case.local,2.86,2024,approved,0
3839,5839,1,YZVM Ogrenci 3839,ogrenci3839@case.local,2.84,2023,approved,0
3840,5840,1,YZVM Ogrenci 3840,ogrenci3840@case.local,2.82,2024,approved,0
3841,5841,1,YZVM Ogrenci 3841,ogrenci3841@case.local,2.80,2023,approved,0
3842,5842,1,YZVM Ogrenci 3842,ogrenci3842@case.local,2.78,2024,approved,0
3843,5843,1,YZVM Ogrenci 3843,ogrenci3843@case.local,2.76,2023,approved,0
3844,5844,1,YZVM Ogrenci 3844,ogrenci3844@case.local,2.74,2024,approved,0
3845,5845,1,YZVM Ogrenci 3845,ogrenci3845@case.local,2.72,2023,approved,0
3846,5846,1,YZVM Ogrenci 3846,ogrenci3846@case.local,2.70,2024,approved,0
3847,5847,1,YZVM Ogrenci 3847,ogrenci3847@case.local,2.68,2023,approved,0
3848,5848,1,YZVM Ogrenci 3848,ogrenci3848@case.local,2.66,2024,approved,0
3849,5849,1,YZVM Ogrenci 3849,ogrenci3849@case.local,2.64,2023,approved,0
3850,5850,1,YZVM Ogrenci 3850,ogrenci3850@case.local,2.62,2024,approved,0
3851,5851,1,YZVM Ogrenci 3851,ogrenci3851@case.local,2.60,2023,approved,0
3852,5852,1,YZVM Ogrenci 3852,ogrenci3852@case.local,2.58,2024,approved,0
3853,5853,1,YZVM Ogrenci 3853,ogrenci3853@case.local,2.56,2023,approved,0
3854,5854,1,YZVM Ogrenci 3854,ogrenci3854@case.local,2.54,2024,approved,0
3855,5855,1,YZVM Ogrenci 3855,ogrenci3855@case.local,2.52,2023,approved,0
3856,5856,1,YZVM Ogrenci 3856,ogrenci3856@case.local,2.50,2024,approved,0
3857,5857,1,YZVM Ogrenci 3857,ogrenci3857@case.local,2.48,2023,approved,0
3858,5858,1,YZVM Ogrenci 3858,ogrenci3858@case.local,2.46,2024,approved,0
3859,5859,1,YZVM Ogrenci 3859,ogrenci3859@case.local,2.44,2023,approved,0
3860,5860,1,YZVM Ogrenci 3860,ogrenci3860@case.local,2.42,2024,approved,0
3861,5861,1,YZVM Ogrenci 3861,ogrenci3861@case.local,2.40,2023,approved,0
3862,5862,1,YZVM Ogrenci 3862,ogrenci3862@case.local,2.38,2024,approved,0
3863,5863,1,YZVM Ogrenci 3863,ogrenci3863@case.local,2.36,2023,approved,0
3864,5864,1,YZVM Ogrenci 3864,ogrenci3864@case.local,2.34,2024,approved,0
3865,5865,1,YZVM Ogrenci 3865,ogrenci3865@case.local,2.32,2023,approved,0
3866,5866,1,YZVM Ogrenci 3866,ogrenci3866@case.local,2.30,2024,approved,0
3867,5867,1,YZVM Ogrenci 3867,ogrenci3867@case.local,2.28,2023,approved,0
3868,5868,1,YZVM Ogrenci 3868,ogrenci3868@case.local,2.26,2024,approved,0
3869,5869,1,YZVM Ogrenci 3869,ogrenci3869@case.local,2.24,2023,approved,0
3870,5870,1,YZVM Ogrenci 3870,ogrenci3870@case.local,2.22,2024,approved,0
3871,5871,1,YZVM Ogrenci 3871,ogrenci3871@case.local,4.00,2023,approved,0
3872,5872,1,YZVM Ogrenci 3872,ogrenci3872@case.local,3.98,2024,approved,0
3873,5873,1,YZVM Ogrenci 3873,ogrenci3873@case.local,3.96,2023,approved,0
3874,5874,1,YZVM Ogrenci 3874,ogrenci3874@case.local,3.94,2024,approved,0
3875,5875,1,YZVM Ogrenci 3875,ogrenci3875@case.local,3.92,2023,approved,0
3876,5876,1,YZVM Ogrenci 3876,ogrenci3876@case.local,3.90,2024,approved,0
3877,5877,1,YZVM Ogrenci 3877,ogrenci3877@case.local,3.88,2023,approved,0
3878,5878,1,YZVM Ogrenci 3878,ogrenci3878@case.local,3.86,2024,approved,0
3879,5879,1,YZVM Ogrenci 3879,ogrenci3879@case.local,3.84,2023,approved,0
3880,5880,1,YZVM Ogrenci 3880,ogrenci3880@case.local,3.82,2024,approved,0
3881,5881,1,YZVM Ogrenci 3881,ogrenci3881@case.local,3.80,2023,approved,0
3882,5882,1,YZVM Ogrenci 3882,ogrenci3882@case.local,3.78,2024,approved,0
3883,5883,1,YZVM Ogrenci 3883,ogrenci3883@case.local,3.76,2023,approved,0
3884,5884,1,YZVM Ogrenci 3884,ogrenci3884@case.local,3.74,2024,approved,0
3885,5885,1,YZVM Ogrenci 3885,ogrenci3885@case.local,3.72,2023,approved,0
3886,5886,1,YZVM Ogrenci 3886,ogrenci3886@case.local,3.70,2024,approved,0
3887,5887,1,YZVM Ogrenci 3887,ogrenci3887@case.local,3.68,2023,approved,0
3888,5888,1,YZVM Ogrenci 3888,ogrenci3888@case.local,3.66,2024,approved,0
3889,5889,1,YZVM Ogrenci 3889,ogrenci3889@case.local,3.64,2023,approved,0
3890,5890,1,YZVM Ogrenci 3890,ogrenci3890@case.local,3.62,2024,approved,0
3891,5891,1,YZVM Ogrenci 3891,ogrenci3891@case.local,3.60,2023,approved,0
3892,5892,1,YZVM Ogrenci 3892,ogrenci3892@case.local,3.58,2024,approved,0
3893,5893,1,YZVM Ogrenci 3893,ogrenci3893@case.local,3.56,2023,approved,0
3894,5894,1,YZVM Ogrenci 3894,ogrenci3894@case.local,3.54,2024,approved,0
3895,5895,1,YZVM Ogrenci 3895,ogrenci3895@case.local,3.52,2023,approved,0
3896,5896,1,YZVM Ogrenci 3896,ogrenci3896@case.local,3.50,2024,approved,0
3897,5897,1,YZVM Ogrenci 3897,ogrenci3897@case.local,3.48,2023,approved,0
3898,5898,1,YZVM Ogrenci 3898,ogrenci3898@case.local,3.46,2024,approved,0
3899,5899,1,YZVM Ogrenci 3899,ogrenci3899@case.local,3.44,2023,approved,0
3900,5900,1,YZVM Ogrenci 3900,ogrenci3900@case.local,3.42,2024,approved,0
3901,5901,1,YZVM Ogrenci 3901,ogrenci3901@case.local,3.40,2023,approved,0
3902,5902,1,YZVM Ogrenci 3902,ogrenci3902@case.local,3.38,2024,approved,0
3903,5903,1,YZVM Ogrenci 3903,ogrenci3903@case.local,3.36,2023,approved,0
3904,5904,1,YZVM Ogrenci 3904,ogrenci3904@case.local,3.34,2024,approved,0
3905,5905,1,YZVM Ogrenci 3905,ogrenci3905@case.local,3.32,2023,approved,0
3906,5906,1,YZVM Ogrenci 3906,ogrenci3906@case.local,3.30,2024,approved,0
3907,5907,1,YZVM Ogrenci 3907,ogrenci3907@case.local,3.28,2023,approved,0
3908,5908,1,YZVM Ogrenci 3908,ogrenci3908@case.local,3.26,2024,approved,0
3909,5909,1,YZVM Ogrenci 3909,ogrenci3909@case.local,3.24,2023,approved,0
3910,5910,1,YZVM Ogrenci 3910,ogrenci3910@case.local,3.22,2024,approved,0
3911,5911,1,YZVM Ogrenci 3911,ogrenci3911@case.local,3.20,2023,approved,0
3912,5912,1,YZVM Ogrenci 3912,ogrenci3912@case.local,3.18,2024,approved,0
3913,5913,1,YZVM Ogrenci 3913,ogrenci3913@case.local,3.16,2023,approved,0
3914,5914,1,YZVM Ogrenci 3914,ogrenci3914@case.local,3.14,2024,approved,0
3915,5915,1,YZVM Ogrenci 3915,ogrenci3915@case.local,3.12,2023,approved,0
3916,5916,1,YZVM Ogrenci 3916,ogrenci3916@case.local,3.10,2024,approved,0
3917,5917,1,YZVM Ogrenci 3917,ogrenci3917@case.local,3.08,2023,approved,0
3918,5918,1,YZVM Ogrenci 3918,ogrenci3918@case.local,3.06,2024,approved,0
3919,5919,1,YZVM Ogrenci 3919,ogrenci3919@case.local,3.04,2023,approved,0
3920,5920,1,YZVM Ogrenci 3920,ogrenci3920@case.local,3.02,2024,approved,0
3921,5921,1,YZVM Ogrenci 3921,ogrenci3921@case.local,3.00,2023,approved,0
3922,5922,1,YZVM Ogrenci 3922,ogrenci3922@case.local,2.98,2024,approved,0
3923,5923,1,YZVM Ogrenci 3923,ogrenci3923@case.local,2.96,2023,approved,0
3924,5924,1,YZVM Ogrenci 3924,ogrenci3924@case.local,2.94,2024,approved,0
3925,5925,1,YZVM Ogrenci 3925,ogrenci3925@case.local,2.92,2023,approved,0
3926,5926,1,YZVM Ogrenci 3926,ogrenci3926@case.local,2.90,2024,approved,0
3927,5927,1,YZVM Ogrenci 3927,ogrenci3927@case.local,2.88,2023,approved,0
3928,5928,1,YZVM Ogrenci 3928,ogrenci3928@case.local,2.86,2024,approved,0
3929,5929,1,YZVM Ogrenci 3929,ogrenci3929@case.local,2.84,2023,approved,0
3930,5930,1,YZVM Ogrenci 3930,ogrenci3930@case.local,2.82,2024,approved,0
3931,5931,1,YZVM Ogrenci 3931,ogrenci3931@case.local,2.80,2023,approved,0
3932,5932,1,YZVM Ogrenci 3932,ogrenci3932@case.local,2.78,2024,approved,0
3933,5933,1,YZVM Ogrenci 3933,ogrenci3933@case.local,2.76,2023,approved,0
3934,5934,1,YZVM Ogrenci 3934,ogrenci3934@case.local,2.74,2024,approved,0
3935,5935,1,YZVM Ogrenci 3935,ogrenci3935@case.local,2.72,2023,approved,0
3936,5936,1,YZVM Ogrenci 3936,ogrenci3936@case.local,2.70,2024,approved,0
3937,5937,1,YZVM Ogrenci 3937,ogrenci3937@case.local,2.68,2023,approved,0
3938,5938,1,YZVM Ogrenci 3938,ogrenci3938@case.local,2.66,2024,approved,0
3939,5939,1,YZVM Ogrenci 3939,ogrenci3939@case.local,2.64,2023,approved,0
3940,5940,1,YZVM Ogrenci 3940,ogrenci3940@case.local,2.62,2024,approved,0
3941,5941,1,YZVM Ogrenci 3941,ogrenci3941@case.local,2.60,2023,approved,0
3942,5942,1,YZVM Ogrenci 3942,ogrenci3942@case.local,2.58,2024,approved,0
3943,5943,1,YZVM Ogrenci 3943,ogrenci3943@case.local,2.56,2023,approved,0
3944,5944,1,YZVM Ogrenci 3944,ogrenci3944@case.local,2.54,2024,approved,0
3945,5945,1,YZVM Ogrenci 3945,ogrenci3945@case.local,2.52,2023,approved,0
3946,5946,1,YZVM Ogrenci 3946,ogrenci3946@case.local,2.50,2024,approved,0
3947,5947,1,YZVM Ogrenci 3947,ogrenci3947@case.local,2.48,2023,approved,0
3948,5948,1,YZVM Ogrenci 3948,ogrenci3948@case.local,2.46,2024,approved,0
3949,5949,1,YZVM Ogrenci 3949,ogrenci3949@case.local,2.44,2023,approved,0
3950,5950,1,YZVM Ogrenci 3950,ogrenci3950@case.local,2.42,2024,approved,0
3951,5951,1,YZVM Ogrenci 3951,ogrenci3951@case.local,2.40,2023,approved,0
3952,5952,1,YZVM Ogrenci 3952,ogrenci3952@case.local,2.38,2024,approved,0
3953,5953,1,YZVM Ogrenci 3953,ogrenci3953@case.local,2.36,2023,approved,0
3954,5954,1,YZVM Ogrenci 3954,ogrenci3954@case.local,2.34,2024,approved,0
3955,5955,1,YZVM Ogrenci 3955,ogrenci3955@case.local,2.32,2023,approved,0
3956,5956,1,YZVM Ogrenci 3956,ogrenci3956@case.local,2.30,2024,approved,0
3957,5957,1,YZVM Ogrenci 3957,ogrenci3957@case.local,2.28,2023,approved,0
3958,5958,1,YZVM Ogrenci 3958,ogrenci3958@case.local,2.26,2024,approved,0
3959,5959,1,YZVM Ogrenci 3959,ogrenci3959@case.local,2.24,2023,approved,0
3960,5960,1,YZVM Ogrenci 3960,ogrenci3960@case.local,2.22,2024,approved,0
3961,5961,1,YZVM Ogrenci 3961,ogrenci3961@case.local,4.00,2023,approved,0
3962,5962,1,YZVM Ogrenci 3962,ogrenci3962@case.local,3.98,2024,approved,0
3963,5963,1,YZVM Ogrenci 3963,ogrenci3963@case.local,3.96,2023,approved,0
3964,5964,1,YZVM Ogrenci 3964,ogrenci3964@case.local,3.94,2024,approved,0
3965,5965,1,YZVM Ogrenci 3965,ogrenci3965@case.local,3.92,2023,approved,0
3966,5966,1,YZVM Ogrenci 3966,ogrenci3966@case.local,3.90,2024,approved,0
3967,5967,1,YZVM Ogrenci 3967,ogrenci3967@case.local,3.88,2023,approved,0
3968,5968,1,YZVM Ogrenci 3968,ogrenci3968@case.local,3.86,2024,approved,0
3969,5969,1,YZVM Ogrenci 3969,ogrenci3969@case.local,3.84,2023,approved,0
3970,5970,1,YZVM Ogrenci 3970,ogrenci3970@case.local,3.82,2024,approved,0
3971,5971,1,YZVM Ogrenci 3971,ogrenci3971@case.local,3.80,2023,approved,0
3972,5972,1,YZVM Ogrenci 3972,ogrenci3972@case.local,3.78,2024,approved,0
3973,5973,1,YZVM Ogrenci 3973,ogrenci3973@case.local,3.76,2023,approved,0
3974,5974,1,YZVM Ogrenci 3974,ogrenci3974@case.local,3.74,2024,approved,0
3975,5975,1,YZVM Ogrenci 3975,ogrenci3975@case.local,3.72,2023,approved,0
3976,5976,1,YZVM Ogrenci 3976,ogrenci3976@case.local,3.70,2024,approved,0
3977,5977,1,YZVM Ogrenci 3977,ogrenci3977@case.local,3.68,2023,approved,0
3978,5978,1,YZVM Ogrenci 3978,ogrenci3978@case.local,3.66,2024,approved,0
3979,5979,1,YZVM Ogrenci 3979,ogrenci3979@case.local,3.64,2023,approved,0
3980,5980,1,YZVM Ogrenci 3980,ogrenci3980@case.local,3.62,2024,approved,0
3981,5981,1,YZVM Ogrenci 3981,ogrenci3981@case.local,3.60,2023,approved,0
3982,5982,1,YZVM Ogrenci 3982,ogrenci3982@case.local,3.58,2024,approved,0
3983,5983,1,YZVM Ogrenci 3983,ogrenci3983@case.local,3.56,2023,approved,0
3984,5984,1,YZVM Ogrenci 3984,ogrenci3984@case.local,3.54,2024,approved,0
3985,5985,1,YZVM Ogrenci 3985,ogrenci3985@case.local,3.52,2023,approved,0
3986,5986,1,YZVM Ogrenci 3986,ogrenci3986@case.local,3.50,2024,approved,0
3987,5987,1,YZVM Ogrenci 3987,ogrenci3987@case.local,3.48,2023,approved,0
3988,5988,1,YZVM Ogrenci 3988,ogrenci3988@case.local,3.46,2024,approved,0
3989,5989,1,YZVM Ogrenci 3989,ogrenci3989@case.local,3.44,2023,approved,0
3990,5990,1,YZVM Ogrenci 3990,ogrenci3990@case.local,3.42,2024,approved,0
3991,5991,1,YZVM Ogrenci 3991,ogrenci3991@case.local,3.40,2023,approved,0
3992,5992,1,YZVM Ogrenci 3992,ogrenci3992@case.local,3.38,2024,approved,0
3993,5993,1,YZVM Ogrenci 3993,ogrenci3993@case.local,3.36,2023,approved,0
3994,5994,1,YZVM Ogrenci 3994,ogrenci3994@case.local,3.34,2024,approved,0
3995,5995,1,YZVM Ogrenci 3995,ogrenci3995@case.local,3.32,2023,approved,0
3996,5996,1,YZVM Ogrenci 3996,ogrenci3996@case.local,3.30,2024,approved,0
3997,5997,1,YZVM Ogrenci 3997,ogrenci3997@case.local,3.28,2023,approved,0
3998,5998,1,YZVM Ogrenci 3998,ogrenci3998@case.local,3.26,2024,approved,0
3999,5999,1,YZVM Ogrenci 3999,ogrenci3999@case.local,3.24,2023,approved,0
4000,6000,1,YZVM Ogrenci 4000,ogrenci4000@case.local,3.22,2024,approved,0
4001,6001,1,YZVM Ogrenci 4001,ogrenci4001@case.local,3.20,2023,approved,0
4002,6002,1,YZVM Ogrenci 4002,ogrenci4002@case.local,3.18,2024,approved,0
4003,6003,1,YZVM Ogrenci 4003,ogrenci4003@case.local,3.16,2023,approved,0
4004,6004,1,YZVM Ogrenci 4004,ogrenci4004@case.local,3.14,2024,approved,0
4005,6005,1,YZVM Ogrenci 4005,ogrenci4005@case.local,3.12,2023,approved,0
4006,6006,1,YZVM Ogrenci 4006,ogrenci4006@case.local,3.10,2024,approved,0
4007,6007,1,YZVM Ogrenci 4007,ogrenci4007@case.local,3.08,2023,approved,0
4008,6008,1,YZVM Ogrenci 4008,ogrenci4008@case.local,3.06,2024,approved,0
4009,6009,1,YZVM Ogrenci 4009,ogrenci4009@case.local,3.04,2023,approved,0
4010,6010,1,YZVM Ogrenci 4010,ogrenci4010@case.local,3.02,2024,approved,0
4011,6011,1,YZVM Ogrenci 4011,ogrenci4011@case.local,3.00,2023,approved,0
4012,6012,1,YZVM Ogrenci 4012,ogrenci4012@case.local,2.98,2024,approved,0
4013,6013,1,YZVM Ogrenci 4013,ogrenci4013@case.local,2.96,2023,approved,0
4014,6014,1,YZVM Ogrenci 4014,ogrenci4014@case.local,2.94,2024,approved,0
4015,6015,1,YZVM Ogrenci 4015,ogrenci4015@case.local,2.92,2023,approved,0
4016,6016,1,YZVM Ogrenci 4016,ogrenci4016@case.local,2.90,2024,approved,0
4017,6017,1,YZVM Ogrenci 4017,ogrenci4017@case.local,2.88,2023,approved,0
4018,6018,1,YZVM Ogrenci 4018,ogrenci4018@case.local,2.86,2024,approved,0
4019,6019,1,YZVM Ogrenci 4019,ogrenci4019@case.local,2.84,2023,approved,0
4020,6020,1,YZVM Ogrenci 4020,ogrenci4020@case.local,2.82,2024,approved,0
4021,6021,1,YZVM Ogrenci 4021,ogrenci4021@case.local,2.80,2023,approved,0
4022,6022,1,YZVM Ogrenci 4022,ogrenci4022@case.local,2.78,2024,approved,0
4023,6023,1,YZVM Ogrenci 4023,ogrenci4023@case.local,2.76,2023,approved,0
4024,6024,1,YZVM Ogrenci 4024,ogrenci4024@case.local,2.74,2024,approved,0
4025,6025,1,YZVM Ogrenci 4025,ogrenci4025@case.local,2.72,2023,approved,0
4026,6026,1,YZVM Ogrenci 4026,ogrenci4026@case.local,2.70,2024,approved,0
4027,6027,1,YZVM Ogrenci 4027,ogrenci4027@case.local,2.68,2023,approved,0
4028,6028,1,YZVM Ogrenci 4028,ogrenci4028@case.local,2.66,2024,approved,0
4029,6029,1,YZVM Ogrenci 4029,ogrenci4029@case.local,2.64,2023,approved,0
4030,6030,1,YZVM Ogrenci 4030,ogrenci4030@case.local,2.62,2024,approved,0
4031,6031,1,YZVM Ogrenci 4031,ogrenci4031@case.local,2.60,2023,approved,0
4032,6032,1,YZVM Ogrenci 4032,ogrenci4032@case.local,2.58,2024,approved,0
4033,6033,1,YZVM Ogrenci 4033,ogrenci4033@case.local,2.56,2023,approved,0
4034,6034,1,YZVM Ogrenci 4034,ogrenci4034@case.local,2.54,2024,approved,0
4035,6035,1,YZVM Ogrenci 4035,ogrenci4035@case.local,2.52,2023,approved,0
4036,6036,1,YZVM Ogrenci 4036,ogrenci4036@case.local,2.50,2024,approved,0
4037,6037,1,YZVM Ogrenci 4037,ogrenci4037@case.local,2.48,2023,approved,0
4038,6038,1,YZVM Ogrenci 4038,ogrenci4038@case.local,2.46,2024,approved,0
4039,6039,1,YZVM Ogrenci 4039,ogrenci4039@case.local,2.44,2023,approved,0
4040,6040,1,YZVM Ogrenci 4040,ogrenci4040@case.local,2.42,2024,approved,0
4041,6041,1,YZVM Ogrenci 4041,ogrenci4041@case.local,2.40,2023,approved,0
4042,6042,1,YZVM Ogrenci 4042,ogrenci4042@case.local,2.38,2024,approved,0
4043,6043,1,YZVM Ogrenci 4043,ogrenci4043@case.local,2.36,2023,approved,0
4044,6044,1,YZVM Ogrenci 4044,ogrenci4044@case.local,2.34,2024,approved,0
4045,6045,1,YZVM Ogrenci 4045,ogrenci4045@case.local,2.32,2023,approved,0
4046,6046,1,YZVM Ogrenci 4046,ogrenci4046@case.local,2.30,2024,approved,0
4047,6047,1,YZVM Ogrenci 4047,ogrenci4047@case.local,2.28,2023,approved,0
4048,6048,1,YZVM Ogrenci 4048,ogrenci4048@case.local,2.26,2024,approved,0
4049,6049,1,YZVM Ogrenci 4049,ogrenci4049@case.local,2.24,2023,approved,0
4050,6050,1,YZVM Ogrenci 4050,ogrenci4050@case.local,2.22,2024,approved,0
4051,6051,1,YZVM Ogrenci 4051,ogrenci4051@case.local,4.00,2023,approved,0
4052,6052,1,YZVM Ogrenci 4052,ogrenci4052@case.local,3.98,2024,approved,0
4053,6053,1,YZVM Ogrenci 4053,ogrenci4053@case.local,3.96,2023,approved,0
4054,6054,1,YZVM Ogrenci 4054,ogrenci4054@case.local,3.94,2024,approved,0
4055,6055,1,YZVM Ogrenci 4055,ogrenci4055@case.local,3.92,2023,approved,0
4056,6056,1,YZVM Ogrenci 4056,ogrenci4056@case.local,3.90,2024,approved,0
4057,6057,1,YZVM Ogrenci 4057,ogrenci4057@case.local,3.88,2023,approved,0
4058,6058,1,YZVM Ogrenci 4058,ogrenci4058@case.local,3.86,2024,approved,0
4059,6059,1,YZVM Ogrenci 4059,ogrenci4059@case.local,3.84,2023,approved,0
4060,6060,1,YZVM Ogrenci 4060,ogrenci4060@case.local,3.82,2024,approved,0
4061,6061,1,YZVM Ogrenci 4061,ogrenci4061@case.local,3.80,2023,approved,0
4062,6062,1,YZVM Ogrenci 4062,ogrenci4062@case.local,3.78,2024,approved,0
4063,6063,1,YZVM Ogrenci 4063,ogrenci4063@case.local,3.76,2023,approved,0
4064,6064,1,YZVM Ogrenci 4064,ogrenci4064@case.local,3.74,2024,approved,0
4065,6065,1,YZVM Ogrenci 4065,ogrenci4065@case.local,3.72,2023,approved,0
4066,6066,1,YZVM Ogrenci 4066,ogrenci4066@case.local,3.70,2024,approved,0
4067,6067,1,YZVM Ogrenci 4067,ogrenci4067@case.local,3.68,2023,approved,0
4068,6068,1,YZVM Ogrenci 4068,ogrenci4068@case.local,3.66,2024,approved,0
4069,6069,1,YZVM Ogrenci 4069,ogrenci4069@case.local,3.64,2023,approved,0
4070,6070,1,YZVM Ogrenci 4070,ogrenci4070@case.local,3.62,2024,approved,0
4071,6071,1,YZVM Ogrenci 4071,ogrenci4071@case.local,3.60,2023,approved,0
4072,6072,1,YZVM Ogrenci 4072,ogrenci4072@case.local,3.58,2024,approved,0
4073,6073,1,YZVM Ogrenci 4073,ogrenci4073@case.local,3.56,2023,approved,0
4074,6074,1,YZVM Ogrenci 4074,ogrenci4074@case.local,3.54,2024,approved,0
4075,6075,1,YZVM Ogrenci 4075,ogrenci4075@case.local,3.52,2023,approved,0
4076,6076,1,YZVM Ogrenci 4076,ogrenci4076@case.local,3.50,2024,approved,0
4077,6077,1,YZVM Ogrenci 4077,ogrenci4077@case.local,3.48,2023,approved,0
4078,6078,1,YZVM Ogrenci 4078,ogrenci4078@case.local,3.46,2024,approved,0
4079,6079,1,YZVM Ogrenci 4079,ogrenci4079@case.local,3.44,2023,approved,0
4080,6080,1,YZVM Ogrenci 4080,ogrenci4080@case.local,3.42,2024,approved,0
4081,6081,1,YZVM Ogrenci 4081,ogrenci4081@case.local,3.40,2023,approved,0
4082,6082,1,YZVM Ogrenci 4082,ogrenci4082@case.local,3.38,2024,approved,0
4083,6083,1,YZVM Ogrenci 4083,ogrenci4083@case.local,3.36,2023,approved,0
4084,6084,1,YZVM Ogrenci 4084,ogrenci4084@case.local,3.34,2024,approved,0
4085,6085,1,YZVM Ogrenci 4085,ogrenci4085@case.local,3.32,2023,approved,0
4086,6086,1,YZVM Ogrenci 4086,ogrenci4086@case.local,3.30,2024,approved,0
4087,6087,1,YZVM Ogrenci 4087,ogrenci4087@case.local,3.28,2023,approved,0
4088,6088,1,YZVM Ogrenci 4088,ogrenci4088@case.local,3.26,2024,approved,0
4089,6089,1,YZVM Ogrenci 4089,ogrenci4089@case.local,3.24,2023,approved,0
4090,6090,1,YZVM Ogrenci 4090,ogrenci4090@case.local,3.22,2024,approved,0
4091,6091,1,YZVM Ogrenci 4091,ogrenci4091@case.local,3.20,2023,approved,0
4092,6092,1,YZVM Ogrenci 4092,ogrenci4092@case.local,3.18,2024,approved,0
4093,6093,1,YZVM Ogrenci 4093,ogrenci4093@case.local,3.16,2023,approved,0
4094,6094,1,YZVM Ogrenci 4094,ogrenci4094@case.local,3.14,2024,approved,0
4095,6095,1,YZVM Ogrenci 4095,ogrenci4095@case.local,3.12,2023,approved,0
4096,6096,1,YZVM Ogrenci 4096,ogrenci4096@case.local,3.10,2024,approved,0
4097,6097,1,YZVM Ogrenci 4097,ogrenci4097@case.local,3.08,2023,approved,0
4098,6098,1,YZVM Ogrenci 4098,ogrenci4098@case.local,3.06,2024,approved,0
4099,6099,1,YZVM Ogrenci 4099,ogrenci4099@case.local,3.04,2023,approved,0
4100,6100,1,YZVM Ogrenci 4100,ogrenci4100@case.local,3.02,2024,approved,0
4101,6101,1,YZVM Ogrenci 4101,ogrenci4101@case.local,3.00,2023,approved,0
4102,6102,1,YZVM Ogrenci 4102,ogrenci4102@case.local,2.98,2024,approved,0
4103,6103,1,YZVM Ogrenci 4103,ogrenci4103@case.local,2.96,2023,approved,0
4104,6104,1,YZVM Ogrenci 4104,ogrenci4104@case.local,2.94,2024,approved,0
4105,6105,1,YZVM Ogrenci 4105,ogrenci4105@case.local,2.92,2023,approved,0
4106,6106,1,YZVM Ogrenci 4106,ogrenci4106@case.local,2.90,2024,approved,0
4107,6107,1,YZVM Ogrenci 4107,ogrenci4107@case.local,2.88,2023,approved,0
4108,6108,1,YZVM Ogrenci 4108,ogrenci4108@case.local,2.86,2024,approved,0
4109,6109,1,YZVM Ogrenci 4109,ogrenci4109@case.local,2.84,2023,approved,0
4110,6110,1,YZVM Ogrenci 4110,ogrenci4110@case.local,2.82,2024,approved,0
4111,6111,1,YZVM Ogrenci 4111,ogrenci4111@case.local,2.80,2023,approved,0
4112,6112,1,YZVM Ogrenci 4112,ogrenci4112@case.local,2.78,2024,approved,0
4113,6113,1,YZVM Ogrenci 4113,ogrenci4113@case.local,2.76,2023,approved,0
4114,6114,1,YZVM Ogrenci 4114,ogrenci4114@case.local,2.74,2024,approved,0
4115,6115,1,YZVM Ogrenci 4115,ogrenci4115@case.local,2.72,2023,approved,0
4116,6116,1,YZVM Ogrenci 4116,ogrenci4116@case.local,2.70,2024,approved,0
4117,6117,1,YZVM Ogrenci 4117,ogrenci4117@case.local,2.68,2023,approved,0
4118,6118,1,YZVM Ogrenci 4118,ogrenci4118@case.local,2.66,2024,approved,0
4119,6119,1,YZVM Ogrenci 4119,ogrenci4119@case.local,2.64,2023,approved,0
4120,6120,1,YZVM Ogrenci 4120,ogrenci4120@case.local,2.62,2024,approved,0
4121,6121,1,YZVM Ogrenci 4121,ogrenci4121@case.local,2.60,2023,approved,0
4122,6122,1,YZVM Ogrenci 4122,ogrenci4122@case.local,2.58,2024,approved,0
4123,6123,1,YZVM Ogrenci 4123,ogrenci4123@case.local,2.56,2023,approved,0
4124,6124,1,YZVM Ogrenci 4124,ogrenci4124@case.local,2.54,2024,approved,0
4125,6125,1,YZVM Ogrenci 4125,ogrenci4125@case.local,2.52,2023,approved,0
4126,6126,1,YZVM Ogrenci 4126,ogrenci4126@case.local,2.50,2024,approved,0
4127,6127,1,YZVM Ogrenci 4127,ogrenci4127@case.local,2.48,2023,approved,0
4128,6128,1,YZVM Ogrenci 4128,ogrenci4128@case.local,2.46,2024,approved,0
4129,6129,1,YZVM Ogrenci 4129,ogrenci4129@case.local,2.44,2023,approved,0
4130,6130,1,YZVM Ogrenci 4130,ogrenci4130@case.local,2.42,2024,approved,0
4131,6131,1,YZVM Ogrenci 4131,ogrenci4131@case.local,2.40,2023,approved,0
4132,6132,1,YZVM Ogrenci 4132,ogrenci4132@case.local,2.38,2024,approved,0
4133,6133,1,YZVM Ogrenci 4133,ogrenci4133@case.local,2.36,2023,approved,0
4134,6134,1,YZVM Ogrenci 4134,ogrenci4134@case.local,2.34,2024,approved,0
4135,6135,1,YZVM Ogrenci 4135,ogrenci4135@case.local,2.32,2023,approved,0
4136,6136,1,YZVM Ogrenci 4136,ogrenci4136@case.local,2.30,2024,approved,0
4137,6137,1,YZVM Ogrenci 4137,ogrenci4137@case.local,2.28,2023,approved,0
4138,6138,1,YZVM Ogrenci 4138,ogrenci4138@case.local,2.26,2024,approved,0
4139,6139,1,YZVM Ogrenci 4139,ogrenci4139@case.local,2.24,2023,approved,0
4140,6140,1,YZVM Ogrenci 4140,ogrenci4140@case.local,2.22,2024,approved,0
4141,6141,1,YZVM Ogrenci 4141,ogrenci4141@case.local,4.00,2023,approved,0
4142,6142,1,YZVM Ogrenci 4142,ogrenci4142@case.local,3.98,2024,approved,0
4143,6143,1,YZVM Ogrenci 4143,ogrenci4143@case.local,3.96,2023,approved,0
4144,6144,1,YZVM Ogrenci 4144,ogrenci4144@case.local,3.94,2024,approved,0
4145,6145,1,YZVM Ogrenci 4145,ogrenci4145@case.local,3.92,2023,approved,0
4146,6146,1,YZVM Ogrenci 4146,ogrenci4146@case.local,3.90,2024,approved,0
4147,6147,1,YZVM Ogrenci 4147,ogrenci4147@case.local,3.88,2023,approved,0
4148,6148,1,YZVM Ogrenci 4148,ogrenci4148@case.local,3.86,2024,approved,0
4149,6149,1,YZVM Ogrenci 4149,ogrenci4149@case.local,3.84,2023,approved,0
4150,6150,1,YZVM Ogrenci 4150,ogrenci4150@case.local,3.82,2024,approved,0
4151,6151,1,YZVM Ogrenci 4151,ogrenci4151@case.local,3.80,2023,approved,0
4152,6152,1,YZVM Ogrenci 4152,ogrenci4152@case.local,3.78,2024,approved,0
4153,6153,1,YZVM Ogrenci 4153,ogrenci4153@case.local,3.76,2023,approved,0
4154,6154,1,YZVM Ogrenci 4154,ogrenci4154@case.local,3.74,2024,approved,0
4155,6155,1,YZVM Ogrenci 4155,ogrenci4155@case.local,3.72,2023,approved,0
4156,6156,1,YZVM Ogrenci 4156,ogrenci4156@case.local,3.70,2024,approved,0
4157,6157,1,YZVM Ogrenci 4157,ogrenci4157@case.local,3.68,2023,approved,0
4158,6158,1,YZVM Ogrenci 4158,ogrenci4158@case.local,3.66,2024,approved,0
4159,6159,1,YZVM Ogrenci 4159,ogrenci4159@case.local,3.64,2023,approved,0
4160,6160,1,YZVM Ogrenci 4160,ogrenci4160@case.local,3.62,2024,approved,0
4161,6161,1,YZVM Ogrenci 4161,ogrenci4161@case.local,3.60,2023,approved,0
4162,6162,1,YZVM Ogrenci 4162,ogrenci4162@case.local,3.58,2024,approved,0
4163,6163,1,YZVM Ogrenci 4163,ogrenci4163@case.local,3.56,2023,approved,0
4164,6164,1,YZVM Ogrenci 4164,ogrenci4164@case.local,3.54,2024,approved,0
4165,6165,1,YZVM Ogrenci 4165,ogrenci4165@case.local,3.52,2023,approved,0
4166,6166,1,YZVM Ogrenci 4166,ogrenci4166@case.local,3.50,2024,approved,0
4167,6167,1,YZVM Ogrenci 4167,ogrenci4167@case.local,3.48,2023,approved,0
4168,6168,1,YZVM Ogrenci 4168,ogrenci4168@case.local,3.46,2024,approved,0
4169,6169,1,YZVM Ogrenci 4169,ogrenci4169@case.local,3.44,2023,approved,0
4170,6170,1,YZVM Ogrenci 4170,ogrenci4170@case.local,3.42,2024,approved,0
4171,6171,1,YZVM Ogrenci 4171,ogrenci4171@case.local,3.40,2023,approved,0
4172,6172,1,YZVM Ogrenci 4172,ogrenci4172@case.local,3.38,2024,approved,0
4173,6173,1,YZVM Ogrenci 4173,ogrenci4173@case.local,3.36,2023,approved,0
4174,6174,1,YZVM Ogrenci 4174,ogrenci4174@case.local,3.34,2024,approved,0
4175,6175,1,YZVM Ogrenci 4175,ogrenci4175@case.local,3.32,2023,approved,0
4176,6176,1,YZVM Ogrenci 4176,ogrenci4176@case.local,3.30,2024,approved,0
4177,6177,1,YZVM Ogrenci 4177,ogrenci4177@case.local,3.28,2023,approved,0
4178,6178,1,YZVM Ogrenci 4178,ogrenci4178@case.local,3.26,2024,approved,0
4179,6179,1,YZVM Ogrenci 4179,ogrenci4179@case.local,3.24,2023,approved,0
4180,6180,1,YZVM Ogrenci 4180,ogrenci4180@case.local,3.22,2024,approved,0
4181,6181,1,YZVM Ogrenci 4181,ogrenci4181@case.local,3.20,2023,approved,0
4182,6182,1,YZVM Ogrenci 4182,ogrenci4182@case.local,3.18,2024,approved,0
4183,6183,1,YZVM Ogrenci 4183,ogrenci4183@case.local,3.16,2023,approved,0
4184,6184,1,YZVM Ogrenci 4184,ogrenci4184@case.local,3.14,2024,approved,0
4185,6185,1,YZVM Ogrenci 4185,ogrenci4185@case.local,3.12,2023,approved,0
4186,6186,1,YZVM Ogrenci 4186,ogrenci4186@case.local,3.10,2024,approved,0
4187,6187,1,YZVM Ogrenci 4187,ogrenci4187@case.local,3.08,2023,approved,0
4188,6188,1,YZVM Ogrenci 4188,ogrenci4188@case.local,3.06,2024,approved,0
4189,6189,1,YZVM Ogrenci 4189,ogrenci4189@case.local,3.04,2023,approved,0
4190,6190,1,YZVM Ogrenci 4190,ogrenci4190@case.local,3.02,2024,approved,0
4191,6191,1,YZVM Ogrenci 4191,ogrenci4191@case.local,3.00,2023,approved,0
4192,6192,1,YZVM Ogrenci 4192,ogrenci4192@case.local,2.98,2024,approved,0
4193,6193,1,YZVM Ogrenci 4193,ogrenci4193@case.local,2.96,2023,approved,0
4194,6194,1,YZVM Ogrenci 4194,ogrenci4194@case.local,2.94,2024,approved,0
4195,6195,1,YZVM Ogrenci 4195,ogrenci4195@case.local,2.92,2023,approved,0
4196,6196,1,YZVM Ogrenci 4196,ogrenci4196@case.local,2.90,2024,approved,0
4197,6197,1,YZVM Ogrenci 4197,ogrenci4197@case.local,2.88,2023,approved,0
4198,6198,1,YZVM Ogrenci 4198,ogrenci4198@case.local,2.86,2024,approved,0
4199,6199,1,YZVM Ogrenci 4199,ogrenci4199@case.local,2.84,2023,approved,0
4200,6200,1,YZVM Ogrenci 4200,ogrenci4200@case.local,2.82,2024,approved,0
4201,6201,1,YZVM Ogrenci 4201,ogrenci4201@case.local,2.80,2023,approved,0
4202,6202,1,YZVM Ogrenci 4202,ogrenci4202@case.local,2.78,2024,approved,0
4203,6203,1,YZVM Ogrenci 4203,ogrenci4203@case.local,2.76,2023,approved,0
4204,6204,1,YZVM Ogrenci 4204,ogrenci4204@case.local,2.74,2024,approved,0
4205,6205,1,YZVM Ogrenci 4205,ogrenci4205@case.local,2.72,2023,approved,0
4206,6206,1,YZVM Ogrenci 4206,ogrenci4206@case.local,2.70,2024,approved,0
4207,6207,1,YZVM Ogrenci 4207,ogrenci4207@case.local,2.68,2023,approved,0
4208,6208,1,YZVM Ogrenci 4208,ogrenci4208@case.local,2.66,2024,approved,0
4209,6209,1,YZVM Ogrenci 4209,ogrenci4209@case.local,2.64,2023,approved,0
4210,6210,1,YZVM Ogrenci 4210,ogrenci4210@case.local,2.62,2024,approved,0
4211,6211,1,YZVM Ogrenci 4211,ogrenci4211@case.local,2.60,2023,approved,0
4212,6212,1,YZVM Ogrenci 4212,ogrenci4212@case.local,2.58,2024,approved,0
4213,6213,1,YZVM Ogrenci 4213,ogrenci4213@case.local,2.56,2023,approved,0
4214,6214,1,YZVM Ogrenci 4214,ogrenci4214@case.local,2.54,2024,approved,0
4215,6215,1,YZVM Ogrenci 4215,ogrenci4215@case.local,2.52,2023,approved,0
4216,6216,1,YZVM Ogrenci 4216,ogrenci4216@case.local,2.50,2024,approved,0
4217,6217,1,YZVM Ogrenci 4217,ogrenci4217@case.local,2.48,2023,approved,0
4218,6218,1,YZVM Ogrenci 4218,ogrenci4218@case.local,2.46,2024,approved,0
4219,6219,1,YZVM Ogrenci 4219,ogrenci4219@case.local,2.44,2023,approved,0
4220,6220,1,YZVM Ogrenci 4220,ogrenci4220@case.local,2.42,2024,approved,0
4221,6221,1,YZVM Ogrenci 4221,ogrenci4221@case.local,2.40,2023,approved,0
4222,6222,1,YZVM Ogrenci 4222,ogrenci4222@case.local,2.38,2024,approved,0
4223,6223,1,YZVM Ogrenci 4223,ogrenci4223@case.local,2.36,2023,approved,0
4224,6224,1,YZVM Ogrenci 4224,ogrenci4224@case.local,2.34,2024,approved,0
4225,6225,1,YZVM Ogrenci 4225,ogrenci4225@case.local,2.32,2023,approved,0
4226,6226,1,YZVM Ogrenci 4226,ogrenci4226@case.local,2.30,2024,approved,0
4227,6227,1,YZVM Ogrenci 4227,ogrenci4227@case.local,2.28,2023,approved,0
4228,6228,1,YZVM Ogrenci 4228,ogrenci4228@case.local,2.26,2024,approved,0
4229,6229,1,YZVM Ogrenci 4229,ogrenci4229@case.local,2.24,2023,approved,0
4230,6230,1,YZVM Ogrenci 4230,ogrenci4230@case.local,2.22,2024,approved,0
4231,6231,1,YZVM Ogrenci 4231,ogrenci4231@case.local,4.00,2023,approved,0
4232,6232,1,YZVM Ogrenci 4232,ogrenci4232@case.local,3.98,2024,approved,0
4233,6233,1,YZVM Ogrenci 4233,ogrenci4233@case.local,3.96,2023,approved,0
4234,6234,1,YZVM Ogrenci 4234,ogrenci4234@case.local,3.94,2024,approved,0
4235,6235,1,YZVM Ogrenci 4235,ogrenci4235@case.local,3.92,2023,approved,0
4236,6236,1,YZVM Ogrenci 4236,ogrenci4236@case.local,3.90,2024,approved,0
4237,6237,1,YZVM Ogrenci 4237,ogrenci4237@case.local,3.88,2023,approved,0
4238,6238,1,YZVM Ogrenci 4238,ogrenci4238@case.local,3.86,2024,approved,0
4239,6239,1,YZVM Ogrenci 4239,ogrenci4239@case.local,3.84,2023,approved,0
4240,6240,1,YZVM Ogrenci 4240,ogrenci4240@case.local,3.82,2024,approved,0
4241,6241,1,YZVM Ogrenci 4241,ogrenci4241@case.local,3.80,2023,approved,0
4242,6242,1,YZVM Ogrenci 4242,ogrenci4242@case.local,3.78,2024,approved,0
4243,6243,1,YZVM Ogrenci 4243,ogrenci4243@case.local,3.76,2023,approved,0
4244,6244,1,YZVM Ogrenci 4244,ogrenci4244@case.local,3.74,2024,approved,0
4245,6245,1,YZVM Ogrenci 4245,ogrenci4245@case.local,3.72,2023,approved,0
4246,6246,1,YZVM Ogrenci 4246,ogrenci4246@case.local,3.70,2024,approved,0
4247,6247,1,YZVM Ogrenci 4247,ogrenci4247@case.local,3.68,2023,approved,0
4248,6248,1,YZVM Ogrenci 4248,ogrenci4248@case.local,3.66,2024,approved,0
4249,6249,1,YZVM Ogrenci 4249,ogrenci4249@case.local,3.64,2023,approved,0
4250,6250,1,YZVM Ogrenci 4250,ogrenci4250@case.local,3.62,2024,approved,0
4251,6251,1,YZVM Ogrenci 4251,ogrenci4251@case.local,3.60,2023,approved,0
4252,6252,1,YZVM Ogrenci 4252,ogrenci4252@case.local,3.58,2024,approved,0
4253,6253,1,YZVM Ogrenci 4253,ogrenci4253@case.local,3.56,2023,approved,0
4254,6254,1,YZVM Ogrenci 4254,ogrenci4254@case.local,3.54,2024,approved,0
4255,6255,1,YZVM Ogrenci 4255,ogrenci4255@case.local,3.52,2023,approved,0
4256,6256,1,YZVM Ogrenci 4256,ogrenci4256@case.local,3.50,2024,approved,0
4257,6257,1,YZVM Ogrenci 4257,ogrenci4257@case.local,3.48,2023,approved,0
4258,6258,1,YZVM Ogrenci 4258,ogrenci4258@case.local,3.46,2024,approved,0
4259,6259,1,YZVM Ogrenci 4259,ogrenci4259@case.local,3.44,2023,approved,0
4260,6260,1,YZVM Ogrenci 4260,ogrenci4260@case.local,3.42,2024,approved,0
4261,6261,1,YZVM Ogrenci 4261,ogrenci4261@case.local,3.40,2023,approved,0
4262,6262,1,YZVM Ogrenci 4262,ogrenci4262@case.local,3.38,2024,approved,0
4263,6263,1,YZVM Ogrenci 4263,ogrenci4263@case.local,3.36,2023,approved,0
4264,6264,1,YZVM Ogrenci 4264,ogrenci4264@case.local,3.34,2024,approved,0
4265,6265,1,YZVM Ogrenci 4265,ogrenci4265@case.local,3.32,2023,approved,0
4266,6266,1,YZVM Ogrenci 4266,ogrenci4266@case.local,3.30,2024,approved,0
4267,6267,1,YZVM Ogrenci 4267,ogrenci4267@case.local,3.28,2023,approved,0
4268,6268,1,YZVM Ogrenci 4268,ogrenci4268@case.local,3.26,2024,approved,0
4269,6269,1,YZVM Ogrenci 4269,ogrenci4269@case.local,3.24,2023,approved,0
4270,6270,1,YZVM Ogrenci 4270,ogrenci4270@case.local,3.22,2024,approved,0
4271,6271,1,YZVM Ogrenci 4271,ogrenci4271@case.local,3.20,2023,approved,0
4272,6272,1,YZVM Ogrenci 4272,ogrenci4272@case.local,3.18,2024,approved,0
4273,6273,1,YZVM Ogrenci 4273,ogrenci4273@case.local,3.16,2023,approved,0
4274,6274,1,YZVM Ogrenci 4274,ogrenci4274@case.local,3.14,2024,approved,0
4275,6275,1,YZVM Ogrenci 4275,ogrenci4275@case.local,3.12,2023,approved,0
4276,6276,1,YZVM Ogrenci 4276,ogrenci4276@case.local,3.10,2024,approved,0
4277,6277,1,YZVM Ogrenci 4277,ogrenci4277@case.local,3.08,2023,approved,0
4278,6278,1,YZVM Ogrenci 4278,ogrenci4278@case.local,3.06,2024,approved,0
4279,6279,1,YZVM Ogrenci 4279,ogrenci4279@case.local,3.04,2023,approved,0
4280,6280,1,YZVM Ogrenci 4280,ogrenci4280@case.local,3.02,2024,approved,0
4281,6281,1,YZVM Ogrenci 4281,ogrenci4281@case.local,3.00,2023,approved,0
4282,6282,1,YZVM Ogrenci 4282,ogrenci4282@case.local,2.98,2024,approved,0
4283,6283,1,YZVM Ogrenci 4283,ogrenci4283@case.local,2.96,2023,approved,0
4284,6284,1,YZVM Ogrenci 4284,ogrenci4284@case.local,2.94,2024,approved,0
4285,6285,1,YZVM Ogrenci 4285,ogrenci4285@case.local,2.92,2023,approved,0
4286,6286,1,YZVM Ogrenci 4286,ogrenci4286@case.local,2.90,2024,approved,0
4287,6287,1,YZVM Ogrenci 4287,ogrenci4287@case.local,2.88,2023,approved,0
4288,6288,1,YZVM Ogrenci 4288,ogrenci4288@case.local,2.86,2024,approved,0
4289,6289,1,YZVM Ogrenci 4289,ogrenci4289@case.local,2.84,2023,approved,0
4290,6290,1,YZVM Ogrenci 4290,ogrenci4290@case.local,2.82,2024,approved,0
4291,6291,1,YZVM Ogrenci 4291,ogrenci4291@case.local,2.80,2023,approved,0
4292,6292,1,YZVM Ogrenci 4292,ogrenci4292@case.local,2.78,2024,approved,0
4293,6293,1,YZVM Ogrenci 4293,ogrenci4293@case.local,2.76,2023,approved,0
4294,6294,1,YZVM Ogrenci 4294,ogrenci4294@case.local,2.74,2024,approved,0
4295,6295,1,YZVM Ogrenci 4295,ogrenci4295@case.local,2.72,2023,approved,0
4296,6296,1,YZVM Ogrenci 4296,ogrenci4296@case.local,2.70,2024,approved,0
4297,6297,1,YZVM Ogrenci 4297,ogrenci4297@case.local,2.68,2023,approved,0
4298,6298,1,YZVM Ogrenci 4298,ogrenci4298@case.local,2.66,2024,approved,0
4299,6299,1,YZVM Ogrenci 4299,ogrenci4299@case.local,2.64,2023,approved,0
4300,6300,1,YZVM Ogrenci 4300,ogrenci4300@case.local,2.62,2024,approved,0
4301,6301,1,YZVM Ogrenci 4301,ogrenci4301@case.local,2.60,2023,approved,0
4302,6302,1,YZVM Ogrenci 4302,ogrenci4302@case.local,2.58,2024,approved,0
4303,6303,1,YZVM Ogrenci 4303,ogrenci4303@case.local,2.56,2023,approved,0
4304,6304,1,YZVM Ogrenci 4304,ogrenci4304@case.local,2.54,2024,approved,0
4305,6305,1,YZVM Ogrenci 4305,ogrenci4305@case.local,2.52,2023,approved,0
4306,6306,1,YZVM Ogrenci 4306,ogrenci4306@case.local,2.50,2024,approved,0
4307,6307,1,YZVM Ogrenci 4307,ogrenci4307@case.local,2.48,2023,approved,0
4308,6308,1,YZVM Ogrenci 4308,ogrenci4308@case.local,2.46,2024,approved,0
4309,6309,1,YZVM Ogrenci 4309,ogrenci4309@case.local,2.44,2023,approved,0
4310,6310,1,YZVM Ogrenci 4310,ogrenci4310@case.local,2.42,2024,approved,0
4311,6311,1,YZVM Ogrenci 4311,ogrenci4311@case.local,2.40,2023,approved,0
4312,6312,1,YZVM Ogrenci 4312,ogrenci4312@case.local,2.38,2024,approved,0
4313,6313,1,YZVM Ogrenci 4313,ogrenci4313@case.local,2.36,2023,approved,0
4314,6314,1,YZVM Ogrenci 4314,ogrenci4314@case.local,2.34,2024,approved,0
4315,6315,1,YZVM Ogrenci 4315,ogrenci4315@case.local,2.32,2023,approved,0
4316,6316,1,YZVM Ogrenci 4316,ogrenci4316@case.local,2.30,2024,approved,0
4317,6317,1,YZVM Ogrenci 4317,ogrenci4317@case.local,2.28,2023,approved,0
4318,6318,1,YZVM Ogrenci 4318,ogrenci4318@case.local,2.26,2024,approved,0
4319,6319,1,YZVM Ogrenci 4319,ogrenci4319@case.local,2.24,2023,approved,0
4320,6320,1,YZVM Ogrenci 4320,ogrenci4320@case.local,2.22,2024,approved,0
4321,6321,1,YZVM Ogrenci 4321,ogrenci4321@case.local,4.00,2023,approved,0
4322,6322,1,YZVM Ogrenci 4322,ogrenci4322@case.local,3.98,2024,approved,0
4323,6323,1,YZVM Ogrenci 4323,ogrenci4323@case.local,3.96,2023,approved,0
4324,6324,1,YZVM Ogrenci 4324,ogrenci4324@case.local,3.94,2024,approved,0
4325,6325,1,YZVM Ogrenci 4325,ogrenci4325@case.local,3.92,2023,approved,0
4326,6326,1,YZVM Ogrenci 4326,ogrenci4326@case.local,3.90,2024,approved,0
4327,6327,1,YZVM Ogrenci 4327,ogrenci4327@case.local,3.88,2023,approved,0
4328,6328,1,YZVM Ogrenci 4328,ogrenci4328@case.local,3.86,2024,approved,0
4329,6329,1,YZVM Ogrenci 4329,ogrenci4329@case.local,3.84,2023,approved,0
4330,6330,1,YZVM Ogrenci 4330,ogrenci4330@case.local,3.82,2024,approved,0
4331,6331,1,YZVM Ogrenci 4331,ogrenci4331@case.local,3.80,2023,approved,0
4332,6332,1,YZVM Ogrenci 4332,ogrenci4332@case.local,3.78,2024,approved,0
4333,6333,1,YZVM Ogrenci 4333,ogrenci4333@case.local,3.76,2023,approved,0
4334,6334,1,YZVM Ogrenci 4334,ogrenci4334@case.local,3.74,2024,approved,0
4335,6335,1,YZVM Ogrenci 4335,ogrenci4335@case.local,3.72,2023,approved,0
4336,6336,1,YZVM Ogrenci 4336,ogrenci4336@case.local,3.70,2024,approved,0
4337,6337,1,YZVM Ogrenci 4337,ogrenci4337@case.local,3.68,2023,approved,0
4338,6338,1,YZVM Ogrenci 4338,ogrenci4338@case.local,3.66,2024,approved,0
4339,6339,1,YZVM Ogrenci 4339,ogrenci4339@case.local,3.64,2023,approved,0
4340,6340,1,YZVM Ogrenci 4340,ogrenci4340@case.local,3.62,2024,approved,0
4341,6341,1,YZVM Ogrenci 4341,ogrenci4341@case.local,3.60,2023,approved,0
4342,6342,1,YZVM Ogrenci 4342,ogrenci4342@case.local,3.58,2024,approved,0
4343,6343,1,YZVM Ogrenci 4343,ogrenci4343@case.local,3.56,2023,approved,0
4344,6344,1,YZVM Ogrenci 4344,ogrenci4344@case.local,3.54,2024,approved,0
4345,6345,1,YZVM Ogrenci 4345,ogrenci4345@case.local,3.52,2023,approved,0
4346,6346,1,YZVM Ogrenci 4346,ogrenci4346@case.local,3.50,2024,approved,0
4347,6347,1,YZVM Ogrenci 4347,ogrenci4347@case.local,3.48,2023,approved,0
4348,6348,1,YZVM Ogrenci 4348,ogrenci4348@case.local,3.46,2024,approved,0
4349,6349,1,YZVM Ogrenci 4349,ogrenci4349@case.local,3.44,2023,approved,0
4350,6350,1,YZVM Ogrenci 4350,ogrenci4350@case.local,3.42,2024,approved,0
4351,6351,1,YZVM Ogrenci 4351,ogrenci4351@case.local,3.40,2023,approved,0
4352,6352,1,YZVM Ogrenci 4352,ogrenci4352@case.local,3.38,2024,approved,0
4353,6353,1,YZVM Ogrenci 4353,ogrenci4353@case.local,3.36,2023,approved,0
4354,6354,1,YZVM Ogrenci 4354,ogrenci4354@case.local,3.34,2024,approved,0
4355,6355,1,YZVM Ogrenci 4355,ogrenci4355@case.local,3.32,2023,approved,0
4356,6356,1,YZVM Ogrenci 4356,ogrenci4356@case.local,3.30,2024,approved,0
4357,6357,1,YZVM Ogrenci 4357,ogrenci4357@case.local,3.28,2023,approved,0
4358,6358,1,YZVM Ogrenci 4358,ogrenci4358@case.local,3.26,2024,approved,0
4359,6359,1,YZVM Ogrenci 4359,ogrenci4359@case.local,3.24,2023,approved,0
4360,6360,1,YZVM Ogrenci 4360,ogrenci4360@case.local,3.22,2024,approved,0
4361,6361,1,YZVM Ogrenci 4361,ogrenci4361@case.local,3.20,2023,approved,0
4362,6362,1,YZVM Ogrenci 4362,ogrenci4362@case.local,3.18,2024,approved,0
4363,6363,1,YZVM Ogrenci 4363,ogrenci4363@case.local,3.16,2023,approved,0
4364,6364,1,YZVM Ogrenci 4364,ogrenci4364@case.local,3.14,2024,approved,0
4365,6365,1,YZVM Ogrenci 4365,ogrenci4365@case.local,3.12,2023,approved,0
4366,6366,1,YZVM Ogrenci 4366,ogrenci4366@case.local,3.10,2024,approved,0
4367,6367,1,YZVM Ogrenci 4367,ogrenci4367@case.local,3.08,2023,approved,0
4368,6368,1,YZVM Ogrenci 4368,ogrenci4368@case.local,3.06,2024,approved,0
4369,6369,1,YZVM Ogrenci 4369,ogrenci4369@case.local,3.04,2023,approved,0
4370,6370,1,YZVM Ogrenci 4370,ogrenci4370@case.local,3.02,2024,approved,0
4371,6371,1,YZVM Ogrenci 4371,ogrenci4371@case.local,3.00,2023,approved,0
4372,6372,1,YZVM Ogrenci 4372,ogrenci4372@case.local,2.98,2024,approved,0
4373,6373,1,YZVM Ogrenci 4373,ogrenci4373@case.local,2.96,2023,approved,0
4374,6374,1,YZVM Ogrenci 4374,ogrenci4374@case.local,2.94,2024,approved,0
4375,6375,1,YZVM Ogrenci 4375,ogrenci4375@case.local,2.92,2023,approved,0
4376,6376,1,YZVM Ogrenci 4376,ogrenci4376@case.local,2.90,2024,approved,0
4377,6377,1,YZVM Ogrenci 4377,ogrenci4377@case.local,2.88,2023,approved,0
4378,6378,1,YZVM Ogrenci 4378,ogrenci4378@case.local,2.86,2024,approved,0
4379,6379,1,YZVM Ogrenci 4379,ogrenci4379@case.local,2.84,2023,approved,0
4380,6380,1,YZVM Ogrenci 4380,ogrenci4380@case.local,2.82,2024,approved,0
4381,6381,1,YZVM Ogrenci 4381,ogrenci4381@case.local,2.80,2023,approved,0
4382,6382,1,YZVM Ogrenci 4382,ogrenci4382@case.local,2.78,2024,approved,0
4383,6383,1,YZVM Ogrenci 4383,ogrenci4383@case.local,2.76,2023,approved,0
4384,6384,1,YZVM Ogrenci 4384,ogrenci4384@case.local,2.74,2024,approved,0
4385,6385,1,YZVM Ogrenci 4385,ogrenci4385@case.local,2.72,2023,approved,0
4386,6386,1,YZVM Ogrenci 4386,ogrenci4386@case.local,2.70,2024,approved,0
4387,6387,1,YZVM Ogrenci 4387,ogrenci4387@case.local,2.68,2023,approved,0
4388,6388,1,YZVM Ogrenci 4388,ogrenci4388@case.local,2.66,2024,approved,0
4389,6389,1,YZVM Ogrenci 4389,ogrenci4389@case.local,2.64,2023,approved,0
4390,6390,1,YZVM Ogrenci 4390,ogrenci4390@case.local,2.62,2024,approved,0
4391,6391,1,YZVM Ogrenci 4391,ogrenci4391@case.local,2.60,2023,approved,0
4392,6392,1,YZVM Ogrenci 4392,ogrenci4392@case.local,2.58,2024,approved,0
4393,6393,1,YZVM Ogrenci 4393,ogrenci4393@case.local,2.56,2023,approved,0
4394,6394,1,YZVM Ogrenci 4394,ogrenci4394@case.local,2.54,2024,approved,0
4395,6395,1,YZVM Ogrenci 4395,ogrenci4395@case.local,2.52,2023,approved,0
4396,6396,1,YZVM Ogrenci 4396,ogrenci4396@case.local,2.50,2024,approved,0
4397,6397,1,YZVM Ogrenci 4397,ogrenci4397@case.local,2.48,2023,approved,0
4398,6398,1,YZVM Ogrenci 4398,ogrenci4398@case.local,2.46,2024,approved,0
4399,6399,1,YZVM Ogrenci 4399,ogrenci4399@case.local,2.44,2023,approved,0
4400,6400,1,YZVM Ogrenci 4400,ogrenci4400@case.local,2.42,2024,approved,0
4401,6401,1,YZVM Ogrenci 4401,ogrenci4401@case.local,2.40,2023,approved,0
4402,6402,1,YZVM Ogrenci 4402,ogrenci4402@case.local,2.38,2024,approved,0
4403,6403,1,YZVM Ogrenci 4403,ogrenci4403@case.local,2.36,2023,approved,0
4404,6404,1,YZVM Ogrenci 4404,ogrenci4404@case.local,2.34,2024,approved,0
4405,6405,1,YZVM Ogrenci 4405,ogrenci4405@case.local,2.32,2023,approved,0
4406,6406,1,YZVM Ogrenci 4406,ogrenci4406@case.local,2.30,2024,approved,0
4407,6407,1,YZVM Ogrenci 4407,ogrenci4407@case.local,2.28,2023,approved,0
4408,6408,1,YZVM Ogrenci 4408,ogrenci4408@case.local,2.26,2024,approved,0
4409,6409,1,YZVM Ogrenci 4409,ogrenci4409@case.local,2.24,2023,approved,0
4410,6410,1,YZVM Ogrenci 4410,ogrenci4410@case.local,2.22,2024,approved,0
4411,6411,1,YZVM Ogrenci 4411,ogrenci4411@case.local,4.00,2023,approved,0
4412,6412,1,YZVM Ogrenci 4412,ogrenci4412@case.local,3.98,2024,approved,0
4413,6413,1,YZVM Ogrenci 4413,ogrenci4413@case.local,3.96,2023,approved,0
4414,6414,1,YZVM Ogrenci 4414,ogrenci4414@case.local,3.94,2024,approved,0
4415,6415,1,YZVM Ogrenci 4415,ogrenci4415@case.local,3.92,2023,approved,0
4416,6416,1,YZVM Ogrenci 4416,ogrenci4416@case.local,3.90,2024,approved,0
4417,6417,1,YZVM Ogrenci 4417,ogrenci4417@case.local,3.88,2023,approved,0
4418,6418,1,YZVM Ogrenci 4418,ogrenci4418@case.local,3.86,2024,approved,0
4419,6419,1,YZVM Ogrenci 4419,ogrenci4419@case.local,3.84,2023,approved,0
4420,6420,1,YZVM Ogrenci 4420,ogrenci4420@case.local,3.82,2024,approved,0
4421,6421,1,YZVM Ogrenci 4421,ogrenci4421@case.local,3.80,2023,approved,0
4422,6422,1,YZVM Ogrenci 4422,ogrenci4422@case.local,3.78,2024,approved,0
4423,6423,1,YZVM Ogrenci 4423,ogrenci4423@case.local,3.76,2023,approved,0
4424,6424,1,YZVM Ogrenci 4424,ogrenci4424@case.local,3.74,2024,approved,0
4425,6425,1,YZVM Ogrenci 4425,ogrenci4425@case.local,3.72,2023,approved,0
4426,6426,1,YZVM Ogrenci 4426,ogrenci4426@case.local,3.70,2024,approved,0
4427,6427,1,YZVM Ogrenci 4427,ogrenci4427@case.local,3.68,2023,approved,0
4428,6428,1,YZVM Ogrenci 4428,ogrenci4428@case.local,3.66,2024,approved,0
4429,6429,1,YZVM Ogrenci 4429,ogrenci4429@case.local,3.64,2023,approved,0
4430,6430,1,YZVM Ogrenci 4430,ogrenci4430@case.local,3.62,2024,approved,0
4431,6431,1,YZVM Ogrenci 4431,ogrenci4431@case.local,3.60,2023,approved,0
4432,6432,1,YZVM Ogrenci 4432,ogrenci4432@case.local,3.58,2024,approved,0
4433,6433,1,YZVM Ogrenci 4433,ogrenci4433@case.local,3.56,2023,approved,0
4434,6434,1,YZVM Ogrenci 4434,ogrenci4434@case.local,3.54,2024,approved,0
4435,6435,1,YZVM Ogrenci 4435,ogrenci4435@case.local,3.52,2023,approved,0
4436,6436,1,YZVM Ogrenci 4436,ogrenci4436@case.local,3.50,2024,approved,0
4437,6437,1,YZVM Ogrenci 4437,ogrenci4437@case.local,3.48,2023,approved,0
4438,6438,1,YZVM Ogrenci 4438,ogrenci4438@case.local,3.46,2024,approved,0
4439,6439,1,YZVM Ogrenci 4439,ogrenci4439@case.local,3.44,2023,approved,0
4440,6440,1,YZVM Ogrenci 4440,ogrenci4440@case.local,3.42,2024,approved,0
4441,6441,1,YZVM Ogrenci 4441,ogrenci4441@case.local,3.40,2023,approved,0
4442,6442,1,YZVM Ogrenci 4442,ogrenci4442@case.local,3.38,2024,approved,0
4443,6443,1,YZVM Ogrenci 4443,ogrenci4443@case.local,3.36,2023,approved,0
4444,6444,1,YZVM Ogrenci 4444,ogrenci4444@case.local,3.34,2024,approved,0
4445,6445,1,YZVM Ogrenci 4445,ogrenci4445@case.local,3.32,2023,approved,0
4446,6446,1,YZVM Ogrenci 4446,ogrenci4446@case.local,3.30,2024,approved,0
4447,6447,1,YZVM Ogrenci 4447,ogrenci4447@case.local,3.28,2023,approved,0
4448,6448,1,YZVM Ogrenci 4448,ogrenci4448@case.local,3.26,2024,approved,0
4449,6449,1,YZVM Ogrenci 4449,ogrenci4449@case.local,3.24,2023,approved,0
4450,6450,1,YZVM Ogrenci 4450,ogrenci4450@case.local,3.22,2024,approved,0
4451,6451,1,YZVM Ogrenci 4451,ogrenci4451@case.local,3.20,2023,approved,0
4452,6452,1,YZVM Ogrenci 4452,ogrenci4452@case.local,3.18,2024,approved,0
4453,6453,1,YZVM Ogrenci 4453,ogrenci4453@case.local,3.16,2023,approved,0
4454,6454,1,YZVM Ogrenci 4454,ogrenci4454@case.local,3.14,2024,approved,0
4455,6455,1,YZVM Ogrenci 4455,ogrenci4455@case.local,3.12,2023,approved,0
4456,6456,1,YZVM Ogrenci 4456,ogrenci4456@case.local,3.10,2024,approved,0
4457,6457,1,YZVM Ogrenci 4457,ogrenci4457@case.local,3.08,2023,approved,0
4458,6458,1,YZVM Ogrenci 4458,ogrenci4458@case.local,3.06,2024,approved,0
4459,6459,1,YZVM Ogrenci 4459,ogrenci4459@case.local,3.04,2023,approved,0
4460,6460,1,YZVM Ogrenci 4460,ogrenci4460@case.local,3.02,2024,approved,0
4461,6461,1,YZVM Ogrenci 4461,ogrenci4461@case.local,3.00,2023,approved,0
4462,6462,1,YZVM Ogrenci 4462,ogrenci4462@case.local,2.98,2024,approved,0
4463,6463,1,YZVM Ogrenci 4463,ogrenci4463@case.local,2.96,2023,approved,0
4464,6464,1,YZVM Ogrenci 4464,ogrenci4464@case.local,2.94,2024,approved,0
4465,6465,1,YZVM Ogrenci 4465,ogrenci4465@case.local,2.92,2023,approved,0
4466,6466,1,YZVM Ogrenci 4466,ogrenci4466@case.local,2.90,2024,approved,0
4467,6467,1,YZVM Ogrenci 4467,ogrenci4467@case.local,2.88,2023,approved,0
4468,6468,1,YZVM Ogrenci 4468,ogrenci4468@case.local,2.86,2024,approved,0
4469,6469,1,YZVM Ogrenci 4469,ogrenci4469@case.local,2.84,2023,approved,0
4470,6470,1,YZVM Ogrenci 4470,ogrenci4470@case.local,2.82,2024,approved,0
4471,6471,1,YZVM Ogrenci 4471,ogrenci4471@case.local,2.80,2023,approved,0
4472,6472,1,YZVM Ogrenci 4472,ogrenci4472@case.local,2.78,2024,approved,0
4473,6473,1,YZVM Ogrenci 4473,ogrenci4473@case.local,2.76,2023,approved,0
4474,6474,1,YZVM Ogrenci 4474,ogrenci4474@case.local,2.74,2024,approved,0
4475,6475,1,YZVM Ogrenci 4475,ogrenci4475@case.local,2.72,2023,approved,0
4476,6476,1,YZVM Ogrenci 4476,ogrenci4476@case.local,2.70,2024,approved,0
4477,6477,1,YZVM Ogrenci 4477,ogrenci4477@case.local,2.68,2023,approved,0
4478,6478,1,YZVM Ogrenci 4478,ogrenci4478@case.local,2.66,2024,approved,0
4479,6479,1,YZVM Ogrenci 4479,ogrenci4479@case.local,2.64,2023,approved,0
4480,6480,1,YZVM Ogrenci 4480,ogrenci4480@case.local,2.62,2024,approved,0
4481,6481,1,YZVM Ogrenci 4481,ogrenci4481@case.local,2.60,2023,approved,0
4482,6482,1,YZVM Ogrenci 4482,ogrenci4482@case.local,2.58,2024,approved,0
4483,6483,1,YZVM Ogrenci 4483,ogrenci4483@case.local,2.56,2023,approved,0
4484,6484,1,YZVM Ogrenci 4484,ogrenci4484@case.local,2.54,2024,approved,0
4485,6485,1,YZVM Ogrenci 4485,ogrenci4485@case.local,2.52,2023,approved,0
4486,6486,1,YZVM Ogrenci 4486,ogrenci4486@case.local,2.50,2024,approved,0
4487,6487,1,YZVM Ogrenci 4487,ogrenci4487@case.local,2.48,2023,approved,0
4488,6488,1,YZVM Ogrenci 4488,ogrenci4488@case.local,2.46,2024,approved,0
4489,6489,1,YZVM Ogrenci 4489,ogrenci4489@case.local,2.44,2023,approved,0
4490,6490,1,YZVM Ogrenci 4490,ogrenci4490@case.local,2.42,2024,approved,0
4491,6491,1,YZVM Ogrenci 4491,ogrenci4491@case.local,2.40,2023,approved,0
4492,6492,1,YZVM Ogrenci 4492,ogrenci4492@case.local,2.38,2024,approved,0
4493,6493,1,YZVM Ogrenci 4493,ogrenci4493@case.local,2.36,2023,approved,0
4494,6494,1,YZVM Ogrenci 4494,ogrenci4494@case.local,2.34,2024,approved,0
4495,6495,1,YZVM Ogrenci 4495,ogrenci4495@case.local,2.32,2023,approved,0
4496,6496,1,YZVM Ogrenci 4496,ogrenci4496@case.local,2.30,2024,approved,0
4497,6497,1,YZVM Ogrenci 4497,ogrenci4497@case.local,2.28,2023,approved,0
4498,6498,1,YZVM Ogrenci 4498,ogrenci4498@case.local,2.26,2024,approved,0
4499,6499,1,YZVM Ogrenci 4499,ogrenci4499@case.local,2.24,2023,approved,0
4500,6500,1,YZVM Ogrenci 4500,ogrenci4500@case.local,2.22,2024,approved,0
4501,6501,1,YZVM Ogrenci 4501,ogrenci4501@case.local,4.00,2023,approved,0
4502,6502,1,YZVM Ogrenci 4502,ogrenci4502@case.local,3.98,2024,approved,0
4503,6503,1,YZVM Ogrenci 4503,ogrenci4503@case.local,3.96,2023,approved,0
4504,6504,1,YZVM Ogrenci 4504,ogrenci4504@case.local,3.94,2024,approved,0
4505,6505,1,YZVM Ogrenci 4505,ogrenci4505@case.local,3.92,2023,approved,0
4506,6506,1,YZVM Ogrenci 4506,ogrenci4506@case.local,3.90,2024,approved,0
4507,6507,1,YZVM Ogrenci 4507,ogrenci4507@case.local,3.88,2023,approved,0
4508,6508,1,YZVM Ogrenci 4508,ogrenci4508@case.local,3.86,2024,approved,0
4509,6509,1,YZVM Ogrenci 4509,ogrenci4509@case.local,3.84,2023,approved,0
4510,6510,1,YZVM Ogrenci 4510,ogrenci4510@case.local,3.82,2024,approved,0
4511,6511,1,YZVM Ogrenci 4511,ogrenci4511@case.local,3.80,2023,approved,0
4512,6512,1,YZVM Ogrenci 4512,ogrenci4512@case.local,3.78,2024,approved,0
4513,6513,1,YZVM Ogrenci 4513,ogrenci4513@case.local,3.76,2023,approved,0
4514,6514,1,YZVM Ogrenci 4514,ogrenci4514@case.local,3.74,2024,approved,0
4515,6515,1,YZVM Ogrenci 4515,ogrenci4515@case.local,3.72,2023,approved,0
4516,6516,1,YZVM Ogrenci 4516,ogrenci4516@case.local,3.70,2024,approved,0
4517,6517,1,YZVM Ogrenci 4517,ogrenci4517@case.local,3.68,2023,approved,0
4518,6518,1,YZVM Ogrenci 4518,ogrenci4518@case.local,3.66,2024,approved,0
4519,6519,1,YZVM Ogrenci 4519,ogrenci4519@case.local,3.64,2023,approved,0
4520,6520,1,YZVM Ogrenci 4520,ogrenci4520@case.local,3.62,2024,approved,0
4521,6521,1,YZVM Ogrenci 4521,ogrenci4521@case.local,3.60,2023,approved,0
4522,6522,1,YZVM Ogrenci 4522,ogrenci4522@case.local,3.58,2024,approved,0
4523,6523,1,YZVM Ogrenci 4523,ogrenci4523@case.local,3.56,2023,approved,0
4524,6524,1,YZVM Ogrenci 4524,ogrenci4524@case.local,3.54,2024,approved,0
4525,6525,1,YZVM Ogrenci 4525,ogrenci4525@case.local,3.52,2023,approved,0
4526,6526,1,YZVM Ogrenci 4526,ogrenci4526@case.local,3.50,2024,approved,0
4527,6527,1,YZVM Ogrenci 4527,ogrenci4527@case.local,3.48,2023,approved,0
4528,6528,1,YZVM Ogrenci 4528,ogrenci4528@case.local,3.46,2024,approved,0
4529,6529,1,YZVM Ogrenci 4529,ogrenci4529@case.local,3.44,2023,approved,0
4530,6530,1,YZVM Ogrenci 4530,ogrenci4530@case.local,3.42,2024,approved,0
4531,6531,1,YZVM Ogrenci 4531,ogrenci4531@case.local,3.40,2023,approved,0
4532,6532,1,YZVM Ogrenci 4532,ogrenci4532@case.local,3.38,2024,approved,0
4533,6533,1,YZVM Ogrenci 4533,ogrenci4533@case.local,3.36,2023,approved,0
4534,6534,1,YZVM Ogrenci 4534,ogrenci4534@case.local,3.34,2024,approved,0
4535,6535,1,YZVM Ogrenci 4535,ogrenci4535@case.local,3.32,2023,approved,0
4536,6536,1,YZVM Ogrenci 4536,ogrenci4536@case.local,3.30,2024,approved,0
4537,6537,1,YZVM Ogrenci 4537,ogrenci4537@case.local,3.28,2023,approved,0
4538,6538,1,YZVM Ogrenci 4538,ogrenci4538@case.local,3.26,2024,approved,0
4539,6539,1,YZVM Ogrenci 4539,ogrenci4539@case.local,3.24,2023,approved,0
4540,6540,1,YZVM Ogrenci 4540,ogrenci4540@case.local,3.22,2024,approved,0
4541,6541,1,YZVM Ogrenci 4541,ogrenci4541@case.local,3.20,2023,approved,0
4542,6542,1,YZVM Ogrenci 4542,ogrenci4542@case.local,3.18,2024,approved,0
4543,6543,1,YZVM Ogrenci 4543,ogrenci4543@case.local,3.16,2023,approved,0
4544,6544,1,YZVM Ogrenci 4544,ogrenci4544@case.local,3.14,2024,approved,0
4545,6545,1,YZVM Ogrenci 4545,ogrenci4545@case.local,3.12,2023,approved,0
4546,6546,1,YZVM Ogrenci 4546,ogrenci4546@case.local,3.10,2024,approved,0
4547,6547,1,YZVM Ogrenci 4547,ogrenci4547@case.local,3.08,2023,approved,0
4548,6548,1,YZVM Ogrenci 4548,ogrenci4548@case.local,3.06,2024,approved,0
4549,6549,1,YZVM Ogrenci 4549,ogrenci4549@case.local,3.04,2023,approved,0
4550,6550,1,YZVM Ogrenci 4550,ogrenci4550@case.local,3.02,2024,approved,0
4551,6551,1,YZVM Ogrenci 4551,ogrenci4551@case.local,3.00,2023,approved,0
4552,6552,1,YZVM Ogrenci 4552,ogrenci4552@case.local,2.98,2024,approved,0
4553,6553,1,YZVM Ogrenci 4553,ogrenci4553@case.local,2.96,2023,approved,0
4554,6554,1,YZVM Ogrenci 4554,ogrenci4554@case.local,2.94,2024,approved,0
4555,6555,1,YZVM Ogrenci 4555,ogrenci4555@case.local,2.92,2023,approved,0
4556,6556,1,YZVM Ogrenci 4556,ogrenci4556@case.local,2.90,2024,approved,0
4557,6557,1,YZVM Ogrenci 4557,ogrenci4557@case.local,2.88,2023,approved,0
4558,6558,1,YZVM Ogrenci 4558,ogrenci4558@case.local,2.86,2024,approved,0
4559,6559,1,YZVM Ogrenci 4559,ogrenci4559@case.local,2.84,2023,approved,0
4560,6560,1,YZVM Ogrenci 4560,ogrenci4560@case.local,2.82,2024,approved,0
4561,6561,1,YZVM Ogrenci 4561,ogrenci4561@case.local,2.80,2023,approved,0
4562,6562,1,YZVM Ogrenci 4562,ogrenci4562@case.local,2.78,2024,approved,0
4563,6563,1,YZVM Ogrenci 4563,ogrenci4563@case.local,2.76,2023,approved,0
4564,6564,1,YZVM Ogrenci 4564,ogrenci4564@case.local,2.74,2024,approved,0
4565,6565,1,YZVM Ogrenci 4565,ogrenci4565@case.local,2.72,2023,approved,0
4566,6566,1,YZVM Ogrenci 4566,ogrenci4566@case.local,2.70,2024,approved,0
4567,6567,1,YZVM Ogrenci 4567,ogrenci4567@case.local,2.68,2023,approved,0
4568,6568,1,YZVM Ogrenci 4568,ogrenci4568@case.local,2.66,2024,approved,0
4569,6569,1,YZVM Ogrenci 4569,ogrenci4569@case.local,2.64,2023,approved,0
4570,6570,1,YZVM Ogrenci 4570,ogrenci4570@case.local,2.62,2024,approved,0
4571,6571,1,YZVM Ogrenci 4571,ogrenci4571@case.local,2.60,2023,approved,0
4572,6572,1,YZVM Ogrenci 4572,ogrenci4572@case.local,2.58,2024,approved,0
4573,6573,1,YZVM Ogrenci 4573,ogrenci4573@case.local,2.56,2023,approved,0
4574,6574,1,YZVM Ogrenci 4574,ogrenci4574@case.local,2.54,2024,approved,0
4575,6575,1,YZVM Ogrenci 4575,ogrenci4575@case.local,2.52,2023,approved,0
4576,6576,1,YZVM Ogrenci 4576,ogrenci4576@case.local,2.50,2024,approved,0
4577,6577,1,YZVM Ogrenci 4577,ogrenci4577@case.local,2.48,2023,approved,0
4578,6578,1,YZVM Ogrenci 4578,ogrenci4578@case.local,2.46,2024,approved,0
4579,6579,1,YZVM Ogrenci 4579,ogrenci4579@case.local,2.44,2023,approved,0
4580,6580,1,YZVM Ogrenci 4580,ogrenci4580@case.local,2.42,2024,approved,0
4581,6581,1,YZVM Ogrenci 4581,ogrenci4581@case.local,2.40,2023,approved,0
4582,6582,1,YZVM Ogrenci 4582,ogrenci4582@case.local,2.38,2024,approved,0
4583,6583,1,YZVM Ogrenci 4583,ogrenci4583@case.local,2.36,2023,approved,0
4584,6584,1,YZVM Ogrenci 4584,ogrenci4584@case.local,2.34,2024,approved,0
4585,6585,1,YZVM Ogrenci 4585,ogrenci4585@case.local,2.32,2023,approved,0
4586,6586,1,YZVM Ogrenci 4586,ogrenci4586@case.local,2.30,2024,approved,0
4587,6587,1,YZVM Ogrenci 4587,ogrenci4587@case.local,2.28,2023,approved,0
4588,6588,1,YZVM Ogrenci 4588,ogrenci4588@case.local,2.26,2024,approved,0
4589,6589,1,YZVM Ogrenci 4589,ogrenci4589@case.local,2.24,2023,approved,0
4590,6590,1,YZVM Ogrenci 4590,ogrenci4590@case.local,2.22,2024,approved,0
4591,6591,1,YZVM Ogrenci 4591,ogrenci4591@case.local,4.00,2023,approved,0
4592,6592,1,YZVM Ogrenci 4592,ogrenci4592@case.local,3.98,2024,approved,0
4593,6593,1,YZVM Ogrenci 4593,ogrenci4593@case.local,3.96,2023,approved,0
4594,6594,1,YZVM Ogrenci 4594,ogrenci4594@case.local,3.94,2024,approved,0
4595,6595,1,YZVM Ogrenci 4595,ogrenci4595@case.local,3.92,2023,approved,0
4596,6596,1,YZVM Ogrenci 4596,ogrenci4596@case.local,3.90,2024,approved,0
4597,6597,1,YZVM Ogrenci 4597,ogrenci4597@case.local,3.88,2023,approved,0
4598,6598,1,YZVM Ogrenci 4598,ogrenci4598@case.local,3.86,2024,approved,0
4599,6599,1,YZVM Ogrenci 4599,ogrenci4599@case.local,3.84,2023,approved,0
4600,6600,1,YZVM Ogrenci 4600,ogrenci4600@case.local,3.82,2024,approved,0
4601,6601,1,YZVM Ogrenci 4601,ogrenci4601@case.local,3.80,2023,approved,0
4602,6602,1,YZVM Ogrenci 4602,ogrenci4602@case.local,3.78,2024,approved,0
4603,6603,1,YZVM Ogrenci 4603,ogrenci4603@case.local,3.76,2023,approved,0
4604,6604,1,YZVM Ogrenci 4604,ogrenci4604@case.local,3.74,2024,approved,0
4605,6605,1,YZVM Ogrenci 4605,ogrenci4605@case.local,3.72,2023,approved,0
4606,6606,1,YZVM Ogrenci 4606,ogrenci4606@case.local,3.70,2024,approved,0
4607,6607,1,YZVM Ogrenci 4607,ogrenci4607@case.local,3.68,2023,approved,0
4608,6608,1,YZVM Ogrenci 4608,ogrenci4608@case.local,3.66,2024,approved,0
4609,6609,1,YZVM Ogrenci 4609,ogrenci4609@case.local,3.64,2023,approved,0
4610,6610,1,YZVM Ogrenci 4610,ogrenci4610@case.local,3.62,2024,approved,0
4611,6611,1,YZVM Ogrenci 4611,ogrenci4611@case.local,3.60,2023,approved,0
4612,6612,1,YZVM Ogrenci 4612,ogrenci4612@case.local,3.58,2024,approved,0
4613,6613,1,YZVM Ogrenci 4613,ogrenci4613@case.local,3.56,2023,approved,0
4614,6614,1,YZVM Ogrenci 4614,ogrenci4614@case.local,3.54,2024,approved,0
4615,6615,1,YZVM Ogrenci 4615,ogrenci4615@case.local,3.52,2023,approved,0
4616,6616,1,YZVM Ogrenci 4616,ogrenci4616@case.local,3.50,2024,approved,0
4617,6617,1,YZVM Ogrenci 4617,ogrenci4617@case.local,3.48,2023,approved,0
4618,6618,1,YZVM Ogrenci 4618,ogrenci4618@case.local,3.46,2024,approved,0
4619,6619,1,YZVM Ogrenci 4619,ogrenci4619@case.local,3.44,2023,approved,0
4620,6620,1,YZVM Ogrenci 4620,ogrenci4620@case.local,3.42,2024,approved,0
4621,6621,1,YZVM Ogrenci 4621,ogrenci4621@case.local,3.40,2023,approved,0
4622,6622,1,YZVM Ogrenci 4622,ogrenci4622@case.local,3.38,2024,approved,0
4623,6623,1,YZVM Ogrenci 4623,ogrenci4623@case.local,3.36,2023,approved,0
4624,6624,1,YZVM Ogrenci 4624,ogrenci4624@case.local,3.34,2024,approved,0
4625,6625,1,YZVM Ogrenci 4625,ogrenci4625@case.local,3.32,2023,approved,0
4626,6626,1,YZVM Ogrenci 4626,ogrenci4626@case.local,3.30,2024,approved,0
4627,6627,1,YZVM Ogrenci 4627,ogrenci4627@case.local,3.28,2023,approved,0
4628,6628,1,YZVM Ogrenci 4628,ogrenci4628@case.local,3.26,2024,approved,0
4629,6629,1,YZVM Ogrenci 4629,ogrenci4629@case.local,3.24,2023,approved,0
4630,6630,1,YZVM Ogrenci 4630,ogrenci4630@case.local,3.22,2024,approved,0
4631,6631,1,YZVM Ogrenci 4631,ogrenci4631@case.local,3.20,2023,approved,0
4632,6632,1,YZVM Ogrenci 4632,ogrenci4632@case.local,3.18,2024,approved,0
4633,6633,1,YZVM Ogrenci 4633,ogrenci4633@case.local,3.16,2023,approved,0
4634,6634,1,YZVM Ogrenci 4634,ogrenci4634@case.local,3.14,2024,approved,0
4635,6635,1,YZVM Ogrenci 4635,ogrenci4635@case.local,3.12,2023,approved,0
4636,6636,1,YZVM Ogrenci 4636,ogrenci4636@case.local,3.10,2024,approved,0
4637,6637,1,YZVM Ogrenci 4637,ogrenci4637@case.local,3.08,2023,approved,0
4638,6638,1,YZVM Ogrenci 4638,ogrenci4638@case.local,3.06,2024,approved,0
4639,6639,1,YZVM Ogrenci 4639,ogrenci4639@case.local,3.04,2023,approved,0
4640,6640,1,YZVM Ogrenci 4640,ogrenci4640@case.local,3.02,2024,approved,0
4641,6641,1,YZVM Ogrenci 4641,ogrenci4641@case.local,3.00,2023,approved,0
4642,6642,1,YZVM Ogrenci 4642,ogrenci4642@case.local,2.98,2024,approved,0
4643,6643,1,YZVM Ogrenci 4643,ogrenci4643@case.local,2.96,2023,approved,0
4644,6644,1,YZVM Ogrenci 4644,ogrenci4644@case.local,2.94,2024,approved,0
4645,6645,1,YZVM Ogrenci 4645,ogrenci4645@case.local,2.92,2023,approved,0
4646,6646,1,YZVM Ogrenci 4646,ogrenci4646@case.local,2.90,2024,approved,0
4647,6647,1,YZVM Ogrenci 4647,ogrenci4647@case.local,2.88,2023,approved,0
4648,6648,1,YZVM Ogrenci 4648,ogrenci4648@case.local,2.86,2024,approved,0
4649,6649,1,YZVM Ogrenci 4649,ogrenci4649@case.local,2.84,2023,approved,0
4650,6650,1,YZVM Ogrenci 4650,ogrenci4650@case.local,2.82,2024,approved,0
4651,6651,1,YZVM Ogrenci 4651,ogrenci4651@case.local,2.80,2023,approved,0
4652,6652,1,YZVM Ogrenci 4652,ogrenci4652@case.local,2.78,2024,approved,0
4653,6653,1,YZVM Ogrenci 4653,ogrenci4653@case.local,2.76,2023,approved,0
4654,6654,1,YZVM Ogrenci 4654,ogrenci4654@case.local,2.74,2024,approved,0
4655,6655,1,YZVM Ogrenci 4655,ogrenci4655@case.local,2.72,2023,approved,0
4656,6656,1,YZVM Ogrenci 4656,ogrenci4656@case.local,2.70,2024,approved,0
4657,6657,1,YZVM Ogrenci 4657,ogrenci4657@case.local,2.68,2023,approved,0
4658,6658,1,YZVM Ogrenci 4658,ogrenci4658@case.local,2.66,2024,approved,0
4659,6659,1,YZVM Ogrenci 4659,ogrenci4659@case.local,2.64,2023,approved,0
4660,6660,1,YZVM Ogrenci 4660,ogrenci4660@case.local,2.62,2024,approved,0
4661,6661,1,YZVM Ogrenci 4661,ogrenci4661@case.local,2.60,2023,approved,0
4662,6662,1,YZVM Ogrenci 4662,ogrenci4662@case.local,2.58,2024,approved,0
4663,6663,1,YZVM Ogrenci 4663,ogrenci4663@case.local,2.56,2023,approved,0
4664,6664,1,YZVM Ogrenci 4664,ogrenci4664@case.local,2.54,2024,approved,0
4665,6665,1,YZVM Ogrenci 4665,ogrenci4665@case.local,2.52,2023,approved,0
4666,6666,1,YZVM Ogrenci 4666,ogrenci4666@case.local,2.50,2024,approved,0
4667,6667,1,YZVM Ogrenci 4667,ogrenci4667@case.local,2.48,2023,approved,0
4668,6668,1,YZVM Ogrenci 4668,ogrenci4668@case.local,2.46,2024,approved,0
4669,6669,1,YZVM Ogrenci 4669,ogrenci4669@case.local,2.44,2023,approved,0
4670,6670,1,YZVM Ogrenci 4670,ogrenci4670@case.local,2.42,2024,approved,0
4671,6671,1,YZVM Ogrenci 4671,ogrenci4671@case.local,2.40,2023,approved,0
4672,6672,1,YZVM Ogrenci 4672,ogrenci4672@case.local,2.38,2024,approved,0
4673,6673,1,YZVM Ogrenci 4673,ogrenci4673@case.local,2.36,2023,approved,0
4674,6674,1,YZVM Ogrenci 4674,ogrenci4674@case.local,2.34,2024,approved,0
4675,6675,1,YZVM Ogrenci 4675,ogrenci4675@case.local,2.32,2023,approved,0
4676,6676,1,YZVM Ogrenci 4676,ogrenci4676@case.local,2.30,2024,approved,0
4677,6677,1,YZVM Ogrenci 4677,ogrenci4677@case.local,2.28,2023,approved,0
4678,6678,1,YZVM Ogrenci 4678,ogrenci4678@case.local,2.26,2024,approved,0
4679,6679,1,YZVM Ogrenci 4679,ogrenci4679@case.local,2.24,2023,approved,0
4680,6680,1,YZVM Ogrenci 4680,ogrenci4680@case.local,2.22,2024,approved,0
4681,6681,1,YZVM Ogrenci 4681,ogrenci4681@case.local,4.00,2023,approved,0
4682,6682,1,YZVM Ogrenci 4682,ogrenci4682@case.local,3.98,2024,approved,0
4683,6683,1,YZVM Ogrenci 4683,ogrenci4683@case.local,3.96,2023,approved,0
4684,6684,1,YZVM Ogrenci 4684,ogrenci4684@case.local,3.94,2024,approved,0
4685,6685,1,YZVM Ogrenci 4685,ogrenci4685@case.local,3.92,2023,approved,0
4686,6686,1,YZVM Ogrenci 4686,ogrenci4686@case.local,3.90,2024,approved,0
4687,6687,1,YZVM Ogrenci 4687,ogrenci4687@case.local,3.88,2023,approved,0
4688,6688,1,YZVM Ogrenci 4688,ogrenci4688@case.local,3.86,2024,approved,0
4689,6689,1,YZVM Ogrenci 4689,ogrenci4689@case.local,3.84,2023,approved,0
4690,6690,1,YZVM Ogrenci 4690,ogrenci4690@case.local,3.82,2024,approved,0
4691,6691,1,YZVM Ogrenci 4691,ogrenci4691@case.local,3.80,2023,approved,0
4692,6692,1,YZVM Ogrenci 4692,ogrenci4692@case.local,3.78,2024,approved,0
4693,6693,1,YZVM Ogrenci 4693,ogrenci4693@case.local,3.76,2023,approved,0
4694,6694,1,YZVM Ogrenci 4694,ogrenci4694@case.local,3.74,2024,approved,0
4695,6695,1,YZVM Ogrenci 4695,ogrenci4695@case.local,3.72,2023,approved,0
4696,6696,1,YZVM Ogrenci 4696,ogrenci4696@case.local,3.70,2024,approved,0
4697,6697,1,YZVM Ogrenci 4697,ogrenci4697@case.local,3.68,2023,approved,0
4698,6698,1,YZVM Ogrenci 4698,ogrenci4698@case.local,3.66,2024,approved,0
4699,6699,1,YZVM Ogrenci 4699,ogrenci4699@case.local,3.64,2023,approved,0
4700,6700,1,YZVM Ogrenci 4700,ogrenci4700@case.local,3.62,2024,approved,0
4701,6701,1,YZVM Ogrenci 4701,ogrenci4701@case.local,3.60,2023,approved,0
4702,6702,1,YZVM Ogrenci 4702,ogrenci4702@case.local,3.58,2024,approved,0
4703,6703,1,YZVM Ogrenci 4703,ogrenci4703@case.local,3.56,2023,approved,0
4704,6704,1,YZVM Ogrenci 4704,ogrenci4704@case.local,3.54,2024,approved,0
4705,6705,1,YZVM Ogrenci 4705,ogrenci4705@case.local,3.52,2023,approved,0
4706,6706,1,YZVM Ogrenci 4706,ogrenci4706@case.local,3.50,2024,approved,0
4707,6707,1,YZVM Ogrenci 4707,ogrenci4707@case.local,3.48,2023,approved,0
4708,6708,1,YZVM Ogrenci 4708,ogrenci4708@case.local,3.46,2024,approved,0
4709,6709,1,YZVM Ogrenci 4709,ogrenci4709@case.local,3.44,2023,approved,0
4710,6710,1,YZVM Ogrenci 4710,ogrenci4710@case.local,3.42,2024,approved,0
4711,6711,1,YZVM Ogrenci 4711,ogrenci4711@case.local,3.40,2023,approved,0
4712,6712,1,YZVM Ogrenci 4712,ogrenci4712@case.local,3.38,2024,approved,0
4713,6713,1,YZVM Ogrenci 4713,ogrenci4713@case.local,3.36,2023,approved,0
4714,6714,1,YZVM Ogrenci 4714,ogrenci4714@case.local,3.34,2024,approved,0
4715,6715,1,YZVM Ogrenci 4715,ogrenci4715@case.local,3.32,2023,approved,0
4716,6716,1,YZVM Ogrenci 4716,ogrenci4716@case.local,3.30,2024,approved,0
4717,6717,1,YZVM Ogrenci 4717,ogrenci4717@case.local,3.28,2023,approved,0
4718,6718,1,YZVM Ogrenci 4718,ogrenci4718@case.local,3.26,2024,approved,0
4719,6719,1,YZVM Ogrenci 4719,ogrenci4719@case.local,3.24,2023,approved,0
4720,6720,1,YZVM Ogrenci 4720,ogrenci4720@case.local,3.22,2024,approved,0
4721,6721,1,YZVM Ogrenci 4721,ogrenci4721@case.local,3.20,2023,approved,0
4722,6722,1,YZVM Ogrenci 4722,ogrenci4722@case.local,3.18,2024,approved,0
4723,6723,1,YZVM Ogrenci 4723,ogrenci4723@case.local,3.16,2023,approved,0
4724,6724,1,YZVM Ogrenci 4724,ogrenci4724@case.local,3.14,2024,approved,0
4725,6725,1,YZVM Ogrenci 4725,ogrenci4725@case.local,3.12,2023,approved,0
4726,6726,1,YZVM Ogrenci 4726,ogrenci4726@case.local,3.10,2024,approved,0
4727,6727,1,YZVM Ogrenci 4727,ogrenci4727@case.local,3.08,2023,approved,0
4728,6728,1,YZVM Ogrenci 4728,ogrenci4728@case.local,3.06,2024,approved,0
4729,6729,1,YZVM Ogrenci 4729,ogrenci4729@case.local,3.04,2023,approved,0
4730,6730,1,YZVM Ogrenci 4730,ogrenci4730@case.local,3.02,2024,approved,0
4731,6731,1,YZVM Ogrenci 4731,ogrenci4731@case.local,3.00,2023,approved,0
4732,6732,1,YZVM Ogrenci 4732,ogrenci4732@case.local,2.98,2024,approved,0
4733,6733,1,YZVM Ogrenci 4733,ogrenci4733@case.local,2.96,2023,approved,0
4734,6734,1,YZVM Ogrenci 4734,ogrenci4734@case.local,2.94,2024,approved,0
4735,6735,1,YZVM Ogrenci 4735,ogrenci4735@case.local,2.92,2023,approved,0
4736,6736,1,YZVM Ogrenci 4736,ogrenci4736@case.local,2.90,2024,approved,0
4737,6737,1,YZVM Ogrenci 4737,ogrenci4737@case.local,2.88,2023,approved,0
4738,6738,1,YZVM Ogrenci 4738,ogrenci4738@case.local,2.86,2024,approved,0
4739,6739,1,YZVM Ogrenci 4739,ogrenci4739@case.local,2.84,2023,approved,0
4740,6740,1,YZVM Ogrenci 4740,ogrenci4740@case.local,2.82,2024,approved,0
4741,6741,1,YZVM Ogrenci 4741,ogrenci4741@case.local,2.80,2023,approved,0
4742,6742,1,YZVM Ogrenci 4742,ogrenci4742@case.local,2.78,2024,approved,0
4743,6743,1,YZVM Ogrenci 4743,ogrenci4743@case.local,2.76,2023,approved,0
4744,6744,1,YZVM Ogrenci 4744,ogrenci4744@case.local,2.74,2024,approved,0
4745,6745,1,YZVM Ogrenci 4745,ogrenci4745@case.local,2.72,2023,approved,0
4746,6746,1,YZVM Ogrenci 4746,ogrenci4746@case.local,2.70,2024,approved,0
4747,6747,1,YZVM Ogrenci 4747,ogrenci4747@case.local,2.68,2023,approved,0
4748,6748,1,YZVM Ogrenci 4748,ogrenci4748@case.local,2.66,2024,approved,0
4749,6749,1,YZVM Ogrenci 4749,ogrenci4749@case.local,2.64,2023,approved,0
4750,6750,1,YZVM Ogrenci 4750,ogrenci4750@case.local,2.62,2024,approved,0
4751,6751,1,YZVM Ogrenci 4751,ogrenci4751@case.local,2.60,2023,approved,0
4752,6752,1,YZVM Ogrenci 4752,ogrenci4752@case.local,2.58,2024,approved,0
4753,6753,1,YZVM Ogrenci 4753,ogrenci4753@case.local,2.56,2023,approved,0
4754,6754,1,YZVM Ogrenci 4754,ogrenci4754@case.local,2.54,2024,approved,0
4755,6755,1,YZVM Ogrenci 4755,ogrenci4755@case.local,2.52,2023,approved,0
4756,6756,1,YZVM Ogrenci 4756,ogrenci4756@case.local,2.50,2024,approved,0
4757,6757,1,YZVM Ogrenci 4757,ogrenci4757@case.local,2.48,2023,approved,0
4758,6758,1,YZVM Ogrenci 4758,ogrenci4758@case.local,2.46,2024,approved,0
4759,6759,1,YZVM Ogrenci 4759,ogrenci4759@case.local,2.44,2023,approved,0
4760,6760,1,YZVM Ogrenci 4760,ogrenci4760@case.local,2.42,2024,approved,0
4761,6761,1,YZVM Ogrenci 4761,ogrenci4761@case.local,2.40,2023,approved,0
4762,6762,1,YZVM Ogrenci 4762,ogrenci4762@case.local,2.38,2024,approved,0
4763,6763,1,YZVM Ogrenci 4763,ogrenci4763@case.local,2.36,2023,approved,0
4764,6764,1,YZVM Ogrenci 4764,ogrenci4764@case.local,2.34,2024,approved,0
4765,6765,1,YZVM Ogrenci 4765,ogrenci4765@case.local,2.32,2023,approved,0
4766,6766,1,YZVM Ogrenci 4766,ogrenci4766@case.local,2.30,2024,approved,0
4767,6767,1,YZVM Ogrenci 4767,ogrenci4767@case.local,2.28,2023,approved,0
4768,6768,1,YZVM Ogrenci 4768,ogrenci4768@case.local,2.26,2024,approved,0
4769,6769,1,YZVM Ogrenci 4769,ogrenci4769@case.local,2.24,2023,approved,0
4770,6770,1,YZVM Ogrenci 4770,ogrenci4770@case.local,2.22,2024,approved,0
4771,6771,1,YZVM Ogrenci 4771,ogrenci4771@case.local,4.00,2023,approved,0
4772,6772,1,YZVM Ogrenci 4772,ogrenci4772@case.local,3.98,2024,approved,0
4773,6773,1,YZVM Ogrenci 4773,ogrenci4773@case.local,3.96,2023,approved,0
4774,6774,1,YZVM Ogrenci 4774,ogrenci4774@case.local,3.94,2024,approved,0
4775,6775,1,YZVM Ogrenci 4775,ogrenci4775@case.local,3.92,2023,approved,0
4776,6776,1,YZVM Ogrenci 4776,ogrenci4776@case.local,3.90,2024,approved,0
4777,6777,1,YZVM Ogrenci 4777,ogrenci4777@case.local,3.88,2023,approved,0
4778,6778,1,YZVM Ogrenci 4778,ogrenci4778@case.local,3.86,2024,approved,0
4779,6779,1,YZVM Ogrenci 4779,ogrenci4779@case.local,3.84,2023,approved,0
4780,6780,1,YZVM Ogrenci 4780,ogrenci4780@case.local,3.82,2024,approved,0
4781,6781,1,YZVM Ogrenci 4781,ogrenci4781@case.local,3.80,2023,approved,0
4782,6782,1,YZVM Ogrenci 4782,ogrenci4782@case.local,3.78,2024,approved,0
4783,6783,1,YZVM Ogrenci 4783,ogrenci4783@case.local,3.76,2023,approved,0
4784,6784,1,YZVM Ogrenci 4784,ogrenci4784@case.local,3.74,2024,approved,0
4785,6785,1,YZVM Ogrenci 4785,ogrenci4785@case.local,3.72,2023,approved,0
4786,6786,1,YZVM Ogrenci 4786,ogrenci4786@case.local,3.70,2024,approved,0
4787,6787,1,YZVM Ogrenci 4787,ogrenci4787@case.local,3.68,2023,approved,0
4788,6788,1,YZVM Ogrenci 4788,ogrenci4788@case.local,3.66,2024,approved,0
4789,6789,1,YZVM Ogrenci 4789,ogrenci4789@case.local,3.64,2023,approved,0
4790,6790,1,YZVM Ogrenci 4790,ogrenci4790@case.local,3.62,2024,approved,0
4791,6791,1,YZVM Ogrenci 4791,ogrenci4791@case.local,3.60,2023,approved,0
4792,6792,1,YZVM Ogrenci 4792,ogrenci4792@case.local,3.58,2024,approved,0
4793,6793,1,YZVM Ogrenci 4793,ogrenci4793@case.local,3.56,2023,approved,0
4794,6794,1,YZVM Ogrenci 4794,ogrenci4794@case.local,3.54,2024,approved,0
4795,6795,1,YZVM Ogrenci 4795,ogrenci4795@case.local,3.52,2023,approved,0
4796,6796,1,YZVM Ogrenci 4796,ogrenci4796@case.local,3.50,2024,approved,0
4797,6797,1,YZVM Ogrenci 4797,ogrenci4797@case.local,3.48,2023,approved,0
4798,6798,1,YZVM Ogrenci 4798,ogrenci4798@case.local,3.46,2024,approved,0
4799,6799,1,YZVM Ogrenci 4799,ogrenci4799@case.local,3.44,2023,approved,0
4800,6800,1,YZVM Ogrenci 4800,ogrenci4800@case.local,3.42,2024,approved,0
4801,6801,1,YZVM Ogrenci 4801,ogrenci4801@case.local,3.40,2023,approved,0
4802,6802,1,YZVM Ogrenci 4802,ogrenci4802@case.local,3.38,2024,approved,0
4803,6803,1,YZVM Ogrenci 4803,ogrenci4803@case.local,3.36,2023,approved,0
4804,6804,1,YZVM Ogrenci 4804,ogrenci4804@case.local,3.34,2024,approved,0
4805,6805,1,YZVM Ogrenci 4805,ogrenci4805@case.local,3.32,2023,approved,0
4806,6806,1,YZVM Ogrenci 4806,ogrenci4806@case.local,3.30,2024,approved,0
4807,6807,1,YZVM Ogrenci 4807,ogrenci4807@case.local,3.28,2023,approved,0
4808,6808,1,YZVM Ogrenci 4808,ogrenci4808@case.local,3.26,2024,approved,0
4809,6809,1,YZVM Ogrenci 4809,ogrenci4809@case.local,3.24,2023,approved,0
4810,6810,1,YZVM Ogrenci 4810,ogrenci4810@case.local,3.22,2024,approved,0
4811,6811,1,YZVM Ogrenci 4811,ogrenci4811@case.local,3.20,2023,approved,0
4812,6812,1,YZVM Ogrenci 4812,ogrenci4812@case.local,3.18,2024,approved,0
4813,6813,1,YZVM Ogrenci 4813,ogrenci4813@case.local,3.16,2023,approved,0
4814,6814,1,YZVM Ogrenci 4814,ogrenci4814@case.local,3.14,2024,approved,0
4815,6815,1,YZVM Ogrenci 4815,ogrenci4815@case.local,3.12,2023,approved,0
4816,6816,1,YZVM Ogrenci 4816,ogrenci4816@case.local,3.10,2024,approved,0
4817,6817,1,YZVM Ogrenci 4817,ogrenci4817@case.local,3.08,2023,approved,0
4818,6818,1,YZVM Ogrenci 4818,ogrenci4818@case.local,3.06,2024,approved,0
4819,6819,1,YZVM Ogrenci 4819,ogrenci4819@case.local,3.04,2023,approved,0
4820,6820,1,YZVM Ogrenci 4820,ogrenci4820@case.local,3.02,2024,approved,0
4821,6821,1,YZVM Ogrenci 4821,ogrenci4821@case.local,3.00,2023,approved,0
4822,6822,1,YZVM Ogrenci 4822,ogrenci4822@case.local,2.98,2024,approved,0
4823,6823,1,YZVM Ogrenci 4823,ogrenci4823@case.local,2.96,2023,approved,0
4824,6824,1,YZVM Ogrenci 4824,ogrenci4824@case.local,2.94,2024,approved,0
4825,6825,1,YZVM Ogrenci 4825,ogrenci4825@case.local,2.92,2023,approved,0
4826,6826,1,YZVM Ogrenci 4826,ogrenci4826@case.local,2.90,2024,approved,0
4827,6827,1,YZVM Ogrenci 4827,ogrenci4827@case.local,2.88,2023,approved,0
4828,6828,1,YZVM Ogrenci 4828,ogrenci4828@case.local,2.86,2024,approved,0
4829,6829,1,YZVM Ogrenci 4829,ogrenci4829@case.local,2.84,2023,approved,0
4830,6830,1,YZVM Ogrenci 4830,ogrenci4830@case.local,2.82,2024,approved,0
4831,6831,1,YZVM Ogrenci 4831,ogrenci4831@case.local,2.80,2023,approved,0
4832,6832,1,YZVM Ogrenci 4832,ogrenci4832@case.local,2.78,2024,approved,0
4833,6833,1,YZVM Ogrenci 4833,ogrenci4833@case.local,2.76,2023,approved,0
4834,6834,1,YZVM Ogrenci 4834,ogrenci4834@case.local,2.74,2024,approved,0
4835,6835,1,YZVM Ogrenci 4835,ogrenci4835@case.local,2.72,2023,approved,0
4836,6836,1,YZVM Ogrenci 4836,ogrenci4836@case.local,2.70,2024,approved,0
4837,6837,1,YZVM Ogrenci 4837,ogrenci4837@case.local,2.68,2023,approved,0
4838,6838,1,YZVM Ogrenci 4838,ogrenci4838@case.local,2.66,2024,approved,0
4839,6839,1,YZVM Ogrenci 4839,ogrenci4839@case.local,2.64,2023,approved,0
4840,6840,1,YZVM Ogrenci 4840,ogrenci4840@case.local,2.62,2024,approved,0
4841,6841,1,YZVM Ogrenci 4841,ogrenci4841@case.local,2.60,2023,approved,0
4842,6842,1,YZVM Ogrenci 4842,ogrenci4842@case.local,2.58,2024,approved,0
4843,6843,1,YZVM Ogrenci 4843,ogrenci4843@case.local,2.56,2023,approved,0
4844,6844,1,YZVM Ogrenci 4844,ogrenci4844@case.local,2.54,2024,approved,0
4845,6845,1,YZVM Ogrenci 4845,ogrenci4845@case.local,2.52,2023,approved,0
4846,6846,1,YZVM Ogrenci 4846,ogrenci4846@case.local,2.50,2024,approved,0
4847,6847,1,YZVM Ogrenci 4847,ogrenci4847@case.local,2.48,2023,approved,0
4848,6848,1,YZVM Ogrenci 4848,ogrenci4848@case.local,2.46,2024,approved,0
4849,6849,1,YZVM Ogrenci 4849,ogrenci4849@case.local,2.44,2023,approved,0
4850,6850,1,YZVM Ogrenci 4850,ogrenci4850@case.local,2.42,2024,approved,0
4851,6851,1,YZVM Ogrenci 4851,ogrenci4851@case.local,2.40,2023,approved,0
4852,6852,1,YZVM Ogrenci 4852,ogrenci4852@case.local,2.38,2024,approved,0
4853,6853,1,YZVM Ogrenci 4853,ogrenci4853@case.local,2.36,2023,approved,0
4854,6854,1,YZVM Ogrenci 4854,ogrenci4854@case.local,2.34,2024,approved,0
4855,6855,1,YZVM Ogrenci 4855,ogrenci4855@case.local,2.32,2023,approved,0
4856,6856,1,YZVM Ogrenci 4856,ogrenci4856@case.local,2.30,2024,approved,0
4857,6857,1,YZVM Ogrenci 4857,ogrenci4857@case.local,2.28,2023,approved,0
4858,6858,1,YZVM Ogrenci 4858,ogrenci4858@case.local,2.26,2024,approved,0
4859,6859,1,YZVM Ogrenci 4859,ogrenci4859@case.local,2.24,2023,approved,0
4860,6860,1,YZVM Ogrenci 4860,ogrenci4860@case.local,2.22,2024,approved,0
4861,6861,1,YZVM Ogrenci 4861,ogrenci4861@case.local,4.00,2023,approved,0
4862,6862,1,YZVM Ogrenci 4862,ogrenci4862@case.local,3.98,2024,approved,0
4863,6863,1,YZVM Ogrenci 4863,ogrenci4863@case.local,3.96,2023,approved,0
4864,6864,1,YZVM Ogrenci 4864,ogrenci4864@case.local,3.94,2024,approved,0
4865,6865,1,YZVM Ogrenci 4865,ogrenci4865@case.local,3.92,2023,approved,0
4866,6866,1,YZVM Ogrenci 4866,ogrenci4866@case.local,3.90,2024,approved,0
4867,6867,1,YZVM Ogrenci 4867,ogrenci4867@case.local,3.88,2023,approved,0
4868,6868,1,YZVM Ogrenci 4868,ogrenci4868@case.local,3.86,2024,approved,0
4869,6869,1,YZVM Ogrenci 4869,ogrenci4869@case.local,3.84,2023,approved,0
4870,6870,1,YZVM Ogrenci 4870,ogrenci4870@case.local,3.82,2024,approved,0
4871,6871,1,YZVM Ogrenci 4871,ogrenci4871@case.local,3.80,2023,approved,0
4872,6872,1,YZVM Ogrenci 4872,ogrenci4872@case.local,3.78,2024,approved,0
4873,6873,1,YZVM Ogrenci 4873,ogrenci4873@case.local,3.76,2023,approved,0
4874,6874,1,YZVM Ogrenci 4874,ogrenci4874@case.local,3.74,2024,approved,0
4875,6875,1,YZVM Ogrenci 4875,ogrenci4875@case.local,3.72,2023,approved,0
4876,6876,1,YZVM Ogrenci 4876,ogrenci4876@case.local,3.70,2024,approved,0
4877,6877,1,YZVM Ogrenci 4877,ogrenci4877@case.local,3.68,2023,approved,0
4878,6878,1,YZVM Ogrenci 4878,ogrenci4878@case.local,3.66,2024,approved,0
4879,6879,1,YZVM Ogrenci 4879,ogrenci4879@case.local,3.64,2023,approved,0
4880,6880,1,YZVM Ogrenci 4880,ogrenci4880@case.local,3.62,2024,approved,0
4881,6881,1,YZVM Ogrenci 4881,ogrenci4881@case.local,3.60,2023,approved,0
4882,6882,1,YZVM Ogrenci 4882,ogrenci4882@case.local,3.58,2024,approved,0
4883,6883,1,YZVM Ogrenci 4883,ogrenci4883@case.local,3.56,2023,approved,0
4884,6884,1,YZVM Ogrenci 4884,ogrenci4884@case.local,3.54,2024,approved,0
4885,6885,1,YZVM Ogrenci 4885,ogrenci4885@case.local,3.52,2023,approved,0
4886,6886,1,YZVM Ogrenci 4886,ogrenci4886@case.local,3.50,2024,approved,0
4887,6887,1,YZVM Ogrenci 4887,ogrenci4887@case.local,3.48,2023,approved,0
4888,6888,1,YZVM Ogrenci 4888,ogrenci4888@case.local,3.46,2024,approved,0
4889,6889,1,YZVM Ogrenci 4889,ogrenci4889@case.local,3.44,2023,approved,0
4890,6890,1,YZVM Ogrenci 4890,ogrenci4890@case.local,3.42,2024,approved,0
4891,6891,1,YZVM Ogrenci 4891,ogrenci4891@case.local,3.40,2023,approved,0
4892,6892,1,YZVM Ogrenci 4892,ogrenci4892@case.local,3.38,2024,approved,0
4893,6893,1,YZVM Ogrenci 4893,ogrenci4893@case.local,3.36,2023,approved,0
4894,6894,1,YZVM Ogrenci 4894,ogrenci4894@case.local,3.34,2024,approved,0
4895,6895,1,YZVM Ogrenci 4895,ogrenci4895@case.local,3.32,2023,approved,0
4896,6896,1,YZVM Ogrenci 4896,ogrenci4896@case.local,3.30,2024,approved,0
4897,6897,1,YZVM Ogrenci 4897,ogrenci4897@case.local,3.28,2023,approved,0
4898,6898,1,YZVM Ogrenci 4898,ogrenci4898@case.local,3.26,2024,approved,0
4899,6899,1,YZVM Ogrenci 4899,ogrenci4899@case.local,3.24,2023,approved,0
4900,6900,1,YZVM Ogrenci 4900,ogrenci4900@case.local,3.22,2024,approved,0
4901,6901,1,YZVM Ogrenci 4901,ogrenci4901@case.local,3.20,2023,approved,0
4902,6902,1,YZVM Ogrenci 4902,ogrenci4902@case.local,3.18,2024,approved,0
4903,6903,1,YZVM Ogrenci 4903,ogrenci4903@case.local,3.16,2023,approved,0
4904,6904,1,YZVM Ogrenci 4904,ogrenci4904@case.local,3.14,2024,approved,0
4905,6905,1,YZVM Ogrenci 4905,ogrenci4905@case.local,3.12,2023,approved,0
4906,6906,1,YZVM Ogrenci 4906,ogrenci4906@case.local,3.10,2024,approved,0
4907,6907,1,YZVM Ogrenci 4907,ogrenci4907@case.local,3.08,2023,approved,0
4908,6908,1,YZVM Ogrenci 4908,ogrenci4908@case.local,3.06,2024,approved,0
4909,6909,1,YZVM Ogrenci 4909,ogrenci4909@case.local,3.04,2023,approved,0
4910,6910,1,YZVM Ogrenci 4910,ogrenci4910@case.local,3.02,2024,approved,0
4911,6911,1,YZVM Ogrenci 4911,ogrenci4911@case.local,3.00,2023,approved,0
4912,6912,1,YZVM Ogrenci 4912,ogrenci4912@case.local,2.98,2024,approved,0
4913,6913,1,YZVM Ogrenci 4913,ogrenci4913@case.local,2.96,2023,approved,0
4914,6914,1,YZVM Ogrenci 4914,ogrenci4914@case.local,2.94,2024,approved,0
4915,6915,1,YZVM Ogrenci 4915,ogrenci4915@case.local,2.92,2023,approved,0
4916,6916,1,YZVM Ogrenci 4916,ogrenci4916@case.local,2.90,2024,approved,0
4917,6917,1,YZVM Ogrenci 4917,ogrenci4917@case.local,2.88,2023,approved,0
4918,6918,1,YZVM Ogrenci 4918,ogrenci4918@case.local,2.86,2024,approved,0
4919,6919,1,YZVM Ogrenci 4919,ogrenci4919@case.local,2.84,2023,approved,0
4920,6920,1,YZVM Ogrenci 4920,ogrenci4920@case.local,2.82,2024,approved,0
4921,6921,1,YZVM Ogrenci 4921,ogrenci4921@case.local,2.80,2023,approved,0
4922,6922,1,YZVM Ogrenci 4922,ogrenci4922@case.local,2.78,2024,approved,0
4923,6923,1,YZVM Ogrenci 4923,ogrenci4923@case.local,2.76,2023,approved,0
4924,6924,1,YZVM Ogrenci 4924,ogrenci4924@case.local,2.74,2024,approved,0
4925,6925,1,YZVM Ogrenci 4925,ogrenci4925@case.local,2.72,2023,approved,0
4926,6926,1,YZVM Ogrenci 4926,ogrenci4926@case.local,2.70,2024,approved,0
4927,6927,1,YZVM Ogrenci 4927,ogrenci4927@case.local,2.68,2023,approved,0
4928,6928,1,YZVM Ogrenci 4928,ogrenci4928@case.local,2.66,2024,approved,0
4929,6929,1,YZVM Ogrenci 4929,ogrenci4929@case.local,2.64,2023,approved,0
4930,6930,1,YZVM Ogrenci 4930,ogrenci4930@case.local,2.62,2024,approved,0
4931,6931,1,YZVM Ogrenci 4931,ogrenci4931@case.local,2.60,2023,approved,0
4932,6932,1,YZVM Ogrenci 4932,ogrenci4932@case.local,2.58,2024,approved,0
4933,6933,1,YZVM Ogrenci 4933,ogrenci4933@case.local,2.56,2023,approved,0
4934,6934,1,YZVM Ogrenci 4934,ogrenci4934@case.local,2.54,2024,approved,0
4935,6935,1,YZVM Ogrenci 4935,ogrenci4935@case.local,2.52,2023,approved,0
4936,6936,1,YZVM Ogrenci 4936,ogrenci4936@case.local,2.50,2024,approved,0
4937,6937,1,YZVM Ogrenci 4937,ogrenci4937@case.local,2.48,2023,approved,0
4938,6938,1,YZVM Ogrenci 4938,ogrenci4938@case.local,2.46,2024,approved,0
4939,6939,1,YZVM Ogrenci 4939,ogrenci4939@case.local,2.44,2023,approved,0
4940,6940,1,YZVM Ogrenci 4940,ogrenci4940@case.local,2.42,2024,approved,0
4941,6941,1,YZVM Ogrenci 4941,ogrenci4941@case.local,2.40,2023,approved,0
4942,6942,1,YZVM Ogrenci 4942,ogrenci4942@case.local,2.38,2024,approved,0
4943,6943,1,YZVM Ogrenci 4943,ogrenci4943@case.local,2.36,2023,approved,0
4944,6944,1,YZVM Ogrenci 4944,ogrenci4944@case.local,2.34,2024,approved,0
4945,6945,1,YZVM Ogrenci 4945,ogrenci4945@case.local,2.32,2023,approved,0
4946,6946,1,YZVM Ogrenci 4946,ogrenci4946@case.local,2.30,2024,approved,0
4947,6947,1,YZVM Ogrenci 4947,ogrenci4947@case.local,2.28,2023,approved,0
4948,6948,1,YZVM Ogrenci 4948,ogrenci4948@case.local,2.26,2024,approved,0
4949,6949,1,YZVM Ogrenci 4949,ogrenci4949@case.local,2.24,2023,approved,0
4950,6950,1,YZVM Ogrenci 4950,ogrenci4950@case.local,2.22,2024,approved,0
4951,6951,1,YZVM Ogrenci 4951,ogrenci4951@case.local,4.00,2023,approved,0
4952,6952,1,YZVM Ogrenci 4952,ogrenci4952@case.local,3.98,2024,approved,0
4953,6953,1,YZVM Ogrenci 4953,ogrenci4953@case.local,3.96,2023,approved,0
4954,6954,1,YZVM Ogrenci 4954,ogrenci4954@case.local,3.94,2024,approved,0
4955,6955,1,YZVM Ogrenci 4955,ogrenci4955@case.local,3.92,2023,approved,0
4956,6956,1,YZVM Ogrenci 4956,ogrenci4956@case.local,3.90,2024,approved,0
4957,6957,1,YZVM Ogrenci 4957,ogrenci4957@case.local,3.88,2023,approved,0
4958,6958,1,YZVM Ogrenci 4958,ogrenci4958@case.local,3.86,2024,approved,0
4959,6959,1,YZVM Ogrenci 4959,ogrenci4959@case.local,3.84,2023,approved,0
4960,6960,1,YZVM Ogrenci 4960,ogrenci4960@case.local,3.82,2024,approved,0
4961,6961,1,YZVM Ogrenci 4961,ogrenci4961@case.local,3.80,2023,approved,0
4962,6962,1,YZVM Ogrenci 4962,ogrenci4962@case.local,3.78,2024,approved,0
4963,6963,1,YZVM Ogrenci 4963,ogrenci4963@case.local,3.76,2023,approved,0
4964,6964,1,YZVM Ogrenci 4964,ogrenci4964@case.local,3.74,2024,approved,0
4965,6965,1,YZVM Ogrenci 4965,ogrenci4965@case.local,3.72,2023,approved,0
4966,6966,1,YZVM Ogrenci 4966,ogrenci4966@case.local,3.70,2024,approved,0
4967,6967,1,YZVM Ogrenci 4967,ogrenci4967@case.local,3.68,2023,approved,0
4968,6968,1,YZVM Ogrenci 4968,ogrenci4968@case.local,3.66,2024,approved,0
4969,6969,1,YZVM Ogrenci 4969,ogrenci4969@case.local,3.64,2023,approved,0
4970,6970,1,YZVM Ogrenci 4970,ogrenci4970@case.local,3.62,2024,approved,0
4971,6971,1,YZVM Ogrenci 4971,ogrenci4971@case.local,3.60,2023,approved,0
4972,6972,1,YZVM Ogrenci 4972,ogrenci4972@case.local,3.58,2024,approved,0
4973,6973,1,YZVM Ogrenci 4973,ogrenci4973@case.local,3.56,2023,approved,0
4974,6974,1,YZVM Ogrenci 4974,ogrenci4974@case.local,3.54,2024,approved,0
4975,6975,1,YZVM Ogrenci 4975,ogrenci4975@case.local,3.52,2023,approved,0
4976,6976,1,YZVM Ogrenci 4976,ogrenci4976@case.local,3.50,2024,approved,0
4977,6977,1,YZVM Ogrenci 4977,ogrenci4977@case.local,3.48,2023,approved,0
4978,6978,1,YZVM Ogrenci 4978,ogrenci4978@case.local,3.46,2024,approved,0
4979,6979,1,YZVM Ogrenci 4979,ogrenci4979@case.local,3.44,2023,approved,0
4980,6980,1,YZVM Ogrenci 4980,ogrenci4980@case.local,3.42,2024,approved,0
4981,6981,1,YZVM Ogrenci 4981,ogrenci4981@case.local,3.40,2023,approved,0
4982,6982,1,YZVM Ogrenci 4982,ogrenci4982@case.local,3.38,2024,approved,0
4983,6983,1,YZVM Ogrenci 4983,ogrenci4983@case.local,3.36,2023,approved,0
4984,6984,1,YZVM Ogrenci 4984,ogrenci4984@case.local,3.34,2024,approved,0
4985,6985,1,YZVM Ogrenci 4985,ogrenci4985@case.local,3.32,2023,approved,0
4986,6986,1,YZVM Ogrenci 4986,ogrenci4986@case.local,3.30,2024,approved,0
4987,6987,1,YZVM Ogrenci 4987,ogrenci4987@case.local,3.28,2023,approved,0
4988,6988,1,YZVM Ogrenci 4988,ogrenci4988@case.local,3.26,2024,approved,0
4989,6989,1,YZVM Ogrenci 4989,ogrenci4989@case.local,3.24,2023,approved,0
4990,6990,1,YZVM Ogrenci 4990,ogrenci4990@case.local,3.22,2024,approved,0
4991,6991,1,YZVM Ogrenci 4991,ogrenci4991@case.local,3.20,2023,approved,0
4992,6992,1,YZVM Ogrenci 4992,ogrenci4992@case.local,3.18,2024,approved,0
4993,6993,1,YZVM Ogrenci 4993,ogrenci4993@case.local,3.16,2023,approved,0
4994,6994,1,YZVM Ogrenci 4994,ogrenci4994@case.local,3.14,2024,approved,0
4995,6995,1,YZVM Ogrenci 4995,ogrenci4995@case.local,3.12,2023,approved,0
4996,6996,1,YZVM Ogrenci 4996,ogrenci4996@case.local,3.10,2024,approved,0
4997,6997,1,YZVM Ogrenci 4997,ogrenci4997@case.local,3.08,2023,approved,0
4998,6998,1,YZVM Ogrenci 4998,ogrenci4998@case.local,3.06,2024,approved,0
4999,6999,1,YZVM Ogrenci 4999,ogrenci4999@case.local,3.04,2023,approved,0
5000,7000,1,YZVM Ogrenci 5000,ogrenci5000@case.local,3.02,2024,approved,0
